lat,lon,name,kind,state,source
22.8076052,86.1817547,,hospital,Jharkhand,osm_cache:Adityapur
22.8011423,86.1814155,,hospital,Jharkhand,osm_cache:Adityapur
22.8040431,86.2025846,,hospital,Jharkhand,osm_cache:Adityapur
22.8256765,86.1331011,,hospital,Jharkhand,osm_cache:Adityapur
22.7585375,86.2010948,,hospital,Jharkhand,osm_cache:Adityapur
22.7869972,86.1777241,,hospital,Jharkhand,osm_cache:Adityapur
22.8097999,86.1513202,,doctors,Jharkhand,osm_cache:Adityapur
22.8046305,86.1817114,,hospital,Jharkhand,osm_cache:Adityapur
22.8112819,86.0919187,,hospital,Jharkhand,osm_cache:Adityapur
22.8100924,86.2028503,,clinic,Jharkhand,osm_cache:Adityapur
22.8301058,86.2236254,,hospital,Jharkhand,osm_cache:Adityapur
22.8026642,86.1813565,,hospital,Jharkhand,osm_cache:Adityapur
22.7902228,86.2143503,,hospital,Jharkhand,osm_cache:Adityapur
22.7918495,86.2303379,,hospital,Jharkhand,osm_cache:Adityapur
22.7974667,86.2511288,,hospital,Jharkhand,osm_cache:Adityapur
22.848466,86.1919257,,hospital,Jharkhand,osm_cache:Adityapur
22.7960474,86.1844303,,clinic,Jharkhand,osm_cache:Adityapur
22.8092139,86.2091549,,clinic,Jharkhand,osm_cache:Adityapur
22.8003659,86.2310015,,hospital,Jharkhand,osm_cache:Adityapur
22.8485649,86.1924984,,clinic,Jharkhand,osm_cache:Adityapur
22.7731569,86.1815415,,hospital,Jharkhand,osm_cache:Adityapur
22.7885055,86.1700845,,clinic,Jharkhand,osm_cache:Adityapur
22.7869599,86.177541,,hospital,Jharkhand,osm_cache:Adityapur
22.7859232,86.1716093,,clinic,Jharkhand,osm_cache:Adityapur
22.8270417,86.1653423,,clinic,Jharkhand,osm_cache:Adityapur
22.8194804,86.0962929,,hospital,Jharkhand,osm_cache:Adityapur
22.7722495,86.1897439,,hospital,Jharkhand,osm_cache:Adityapur
22.8355839,86.2126324,,hospital,Jharkhand,osm_cache:Adityapur
22.8096824,86.2104397,,hospital,Jharkhand,osm_cache:Adityapur
22.7810632,86.1629927,,hospital,Jharkhand,osm_cache:Adityapur
22.8144585,86.101271,,clinic,Jharkhand,osm_cache:Adityapur
22.8119551,86.1024033,,clinic,Jharkhand,osm_cache:Adityapur
22.8170915,86.0993212,,clinic,Jharkhand,osm_cache:Adityapur
22.8122252,86.1074281,,clinic,Jharkhand,osm_cache:Adityapur
22.8165014,86.1014574,,clinic,Jharkhand,osm_cache:Adityapur
22.7623515,86.1814461,,hospital,Jharkhand,osm_cache:Adityapur
22.81025,86.20383,,clinic,Jharkhand,osm_cache:Adityapur
22.8270536,86.2234434,,hospital,Jharkhand,osm_cache:Adityapur
22.7750683,86.1884049,,doctors,Jharkhand,osm_cache:Adityapur
22.7684132,86.2559746,,hospital,Jharkhand,osm_cache:Adityapur
22.7917542,86.2306387,,hospital,Jharkhand,osm_cache:Adityapur
22.7734635,86.1886382,,hospital,Jharkhand,osm_cache:Adityapur
23.0085819,72.5432503,,hospital,Gujarat,osm_cache:Ahmedabad
23.0140283,72.5645993,,hospital,Gujarat,osm_cache:Ahmedabad
23.0487566,72.5312683,,hospital,Gujarat,osm_cache:Ahmedabad
23.0924908,72.5917525,,hospital,Gujarat,osm_cache:Ahmedabad
23.0173915,72.5304396,,hospital,Gujarat,osm_cache:Ahmedabad
23.1039413,72.5679365,,hospital,Gujarat,osm_cache:Ahmedabad
23.0033217,72.5639517,,hospital,Gujarat,osm_cache:Ahmedabad
23.0090048,72.56227,,hospital,Gujarat,osm_cache:Ahmedabad
23.0368587,72.5699511,,hospital,Gujarat,osm_cache:Ahmedabad
23.0836049,72.5901213,,hospital,Gujarat,osm_cache:Ahmedabad
23.0829627,72.5906964,,hospital,Gujarat,osm_cache:Ahmedabad
23.0389267,72.6107232,,hospital,Gujarat,osm_cache:Ahmedabad
23.0997272,72.5363217,,hospital,Gujarat,osm_cache:Ahmedabad
23.0457576,72.5412888,,hospital,Gujarat,osm_cache:Ahmedabad
23.0460963,72.533033,,hospital,Gujarat,osm_cache:Ahmedabad
23.0455774,72.5419051,,hospital,Gujarat,osm_cache:Ahmedabad
23.0455615,72.541361,,clinic,Gujarat,osm_cache:Ahmedabad
23.0494133,72.6074852,,hospital,Gujarat,osm_cache:Ahmedabad
23.0496453,72.6071588,,hospital,Gujarat,osm_cache:Ahmedabad
23.0499136,72.604565,,hospital,Gujarat,osm_cache:Ahmedabad
22.99465,72.6157541,,hospital,Gujarat,osm_cache:Ahmedabad
22.994662,72.615422,,hospital,Gujarat,osm_cache:Ahmedabad
23.044384,72.657885,,hospital,Gujarat,osm_cache:Ahmedabad
23.0858856,72.5638235,,hospital,Gujarat,osm_cache:Ahmedabad
23.0932069,72.5592841,,hospital,Gujarat,osm_cache:Ahmedabad
23.0848906,72.5512244,,hospital,Gujarat,osm_cache:Ahmedabad
23.0249306,72.5434079,,hospital,Gujarat,osm_cache:Ahmedabad
23.0300762,72.5287891,,hospital,Gujarat,osm_cache:Ahmedabad
23.0576222,72.5700771,,hospital,Gujarat,osm_cache:Ahmedabad
22.9991685,72.6166652,,hospital,Gujarat,osm_cache:Ahmedabad
22.9992751,72.6193052,,hospital,Gujarat,osm_cache:Ahmedabad
22.995052,72.6023157,,hospital,Gujarat,osm_cache:Ahmedabad
23.1053006,72.5254109,,hospital,Gujarat,osm_cache:Ahmedabad
23.0495869,72.5928806,,hospital,Gujarat,osm_cache:Ahmedabad
22.9982535,72.6250631,,hospital,Gujarat,osm_cache:Ahmedabad
23.018609,72.5297897,,clinic,Gujarat,osm_cache:Ahmedabad
23.052184,72.5339005,,hospital,Gujarat,osm_cache:Ahmedabad
23.0501988,72.5374953,,hospital,Gujarat,osm_cache:Ahmedabad
23.0461279,72.5364487,,hospital,Gujarat,osm_cache:Ahmedabad
23.056598,72.6411603,,hospital,Gujarat,osm_cache:Ahmedabad
23.0133094,72.545561,,hospital,Gujarat,osm_cache:Ahmedabad
23.0499504,72.5338505,,hospital,Gujarat,osm_cache:Ahmedabad
23.0856728,72.6335469,,hospital,Gujarat,osm_cache:Ahmedabad
23.0383141,72.567755,,hospital,Gujarat,osm_cache:Ahmedabad
23.0834466,72.5895064,,hospital,Gujarat,osm_cache:Ahmedabad
23.0146498,72.6448899,,hospital,Gujarat,osm_cache:Ahmedabad
23.0401061,72.6302853,,hospital,Gujarat,osm_cache:Ahmedabad
23.0506982,72.5157067,,hospital,Gujarat,osm_cache:Ahmedabad
23.0052925,72.5372402,,hospital,Gujarat,osm_cache:Ahmedabad
23.0577024,72.6369452,,hospital,Gujarat,osm_cache:Ahmedabad
22.9745791,72.6024091,,hospital,Gujarat,osm_cache:Ahmedabad
23.0034352,72.5187524,,hospital,Gujarat,osm_cache:Ahmedabad
23.047633,72.5258862,,hospital,Gujarat,osm_cache:Ahmedabad
23.0333194,72.5789867,,hospital,Gujarat,osm_cache:Ahmedabad
23.0133482,72.5641099,,hospital,Gujarat,osm_cache:Ahmedabad
23.072936,72.5591491,,hospital,Gujarat,osm_cache:Ahmedabad
23.0241738,72.5295308,,hospital,Gujarat,osm_cache:Ahmedabad
23.0589018,72.537851,,hospital,Gujarat,osm_cache:Ahmedabad
23.0228001,72.5261003,,hospital,Gujarat,osm_cache:Ahmedabad
23.0519495,72.5608003,,hospital,Gujarat,osm_cache:Ahmedabad
23.0524295,72.6002191,,clinic,Gujarat,osm_cache:Ahmedabad
23.0486991,72.5665131,,hospital,Gujarat,osm_cache:Ahmedabad
23.0575049,72.5703567,,hospital,Gujarat,osm_cache:Ahmedabad
23.014477,72.5597177,,hospital,Gujarat,osm_cache:Ahmedabad
23.0130378,72.5456992,,hospital,Gujarat,osm_cache:Ahmedabad
23.0178468,72.5582948,,clinic,Gujarat,osm_cache:Ahmedabad
23.0827039,72.5469075,,hospital,Gujarat,osm_cache:Ahmedabad
23.0731324,72.5595813,,hospital,Gujarat,osm_cache:Ahmedabad
23.0471787,72.5333127,,hospital,Gujarat,osm_cache:Ahmedabad
23.0459742,72.6406024,,hospital,Gujarat,osm_cache:Ahmedabad
23.0363111,72.5325295,,hospital,Gujarat,osm_cache:Ahmedabad
23.1148697,72.5838657,,hospital,Gujarat,osm_cache:Ahmedabad
23.0061658,72.5959302,,clinic,Gujarat,osm_cache:Ahmedabad
23.0324778,72.5245567,,hospital,Gujarat,osm_cache:Ahmedabad
23.0674244,72.5611098,,hospital,Gujarat,osm_cache:Ahmedabad
23.0467529,72.5695668,,hospital,Gujarat,osm_cache:Ahmedabad
23.0539474,72.5955185,,hospital,Gujarat,osm_cache:Ahmedabad
23.0360347,72.6297381,,hospital,Gujarat,osm_cache:Ahmedabad
23.0502539,72.5209209,,hospital,Gujarat,osm_cache:Ahmedabad
23.0217867,72.5420675,,hospital,Gujarat,osm_cache:Ahmedabad
23.0474527,72.5616422,,hospital,Gujarat,osm_cache:Ahmedabad
23.0307499,72.4740118,,hospital,Gujarat,osm_cache:Ahmedabad
23.0201192,72.5615162,,hospital,Gujarat,osm_cache:Ahmedabad
23.0361821,72.6297938,,hospital,Gujarat,osm_cache:Ahmedabad
23.0352325,72.6254641,,hospital,Gujarat,osm_cache:Ahmedabad
23.0487003,72.6059912,,hospital,Gujarat,osm_cache:Ahmedabad
23.0700266,72.5173965,,hospital,Gujarat,osm_cache:Ahmedabad
23.0024291,72.5542313,,hospital,Gujarat,osm_cache:Ahmedabad
23.02741,72.5411409,,hospital,Gujarat,osm_cache:Ahmedabad
23.0997283,72.5914751,,hospital,Gujarat,osm_cache:Ahmedabad
23.0551196,72.5975604,,hospital,Gujarat,osm_cache:Ahmedabad
23.0396088,72.5659485,,hospital,Gujarat,osm_cache:Ahmedabad
23.1022078,72.571388,,clinic,Gujarat,osm_cache:Ahmedabad
23.0494136,72.5906771,,hospital,Gujarat,osm_cache:Ahmedabad
23.0034167,72.518633,,hospital,Gujarat,osm_cache:Ahmedabad
23.0482276,72.5333825,,hospital,Gujarat,osm_cache:Ahmedabad
23.0462013,72.5887862,,hospital,Gujarat,osm_cache:Ahmedabad
23.0134377,72.5265187,,hospital,Gujarat,osm_cache:Ahmedabad
23.0521189,72.5608045,,hospital,Gujarat,osm_cache:Ahmedabad
22.9960097,72.6121724,,hospital,Gujarat,osm_cache:Ahmedabad
23.0083964,72.561315,,hospital,Gujarat,osm_cache:Ahmedabad
23.0738176,72.6595862,,hospital,Gujarat,osm_cache:Ahmedabad
23.1089581,72.5930405,,hospital,Gujarat,osm_cache:Ahmedabad
23.0294544,72.4747232,,hospital,Gujarat,osm_cache:Ahmedabad
23.0730267,72.6528769,,hospital,Gujarat,osm_cache:Ahmedabad
23.0172667,72.5577027,,hospital,Gujarat,osm_cache:Ahmedabad
23.1093376,72.588505,,hospital,Gujarat,osm_cache:Ahmedabad
23.0376566,72.5647707,,hospital,Gujarat,osm_cache:Ahmedabad
23.0457442,72.5139306,,hospital,Gujarat,osm_cache:Ahmedabad
23.0085551,72.5625072,,hospital,Gujarat,osm_cache:Ahmedabad
23.1078991,72.5783663,,hospital,Gujarat,osm_cache:Ahmedabad
23.0402628,72.5598451,,clinic,Gujarat,osm_cache:Ahmedabad
23.0334255,72.6222763,,hospital,Gujarat,osm_cache:Ahmedabad
23.0362408,72.630339,,hospital,Gujarat,osm_cache:Ahmedabad
23.0389968,72.6365779,,hospital,Gujarat,osm_cache:Ahmedabad
23.0333438,72.6377883,,doctors,Gujarat,osm_cache:Ahmedabad
23.056809,72.5450407,,clinic,Gujarat,osm_cache:Ahmedabad
23.0843348,72.5919754,,hospital,Gujarat,osm_cache:Ahmedabad
23.0395468,72.6302717,,clinic,Gujarat,osm_cache:Ahmedabad
23.0453225,72.5623058,,hospital,Gujarat,osm_cache:Ahmedabad
22.9994009,72.6359743,,clinic,Gujarat,osm_cache:Ahmedabad
23.0411016,72.5474321,,hospital,Gujarat,osm_cache:Ahmedabad
23.0023106,72.554928,,hospital,Gujarat,osm_cache:Ahmedabad
23.0217991,72.645708,,hospital,Gujarat,osm_cache:Ahmedabad
22.9798599,72.599806,,clinic,Gujarat,osm_cache:Ahmedabad
23.0187491,72.5542206,,clinic,Gujarat,osm_cache:Ahmedabad
23.0348264,72.6252736,,hospital,Gujarat,osm_cache:Ahmedabad
23.0057708,72.5330586,,hospital,Gujarat,osm_cache:Ahmedabad
23.026235,72.5252219,,hospital,Gujarat,osm_cache:Ahmedabad
23.0664632,72.5628076,,hospital,Gujarat,osm_cache:Ahmedabad
23.0604581,72.566667,,hospital,Gujarat,osm_cache:Ahmedabad
23.0567189,72.5449233,,clinic,Gujarat,osm_cache:Ahmedabad
23.0461853,72.5326094,,hospital,Gujarat,osm_cache:Ahmedabad
23.0042154,72.5557615,,hospital,Gujarat,osm_cache:Ahmedabad
23.0123687,72.6450308,,hospital,Gujarat,osm_cache:Ahmedabad
23.0306956,72.4726787,,clinic,Gujarat,osm_cache:Ahmedabad
23.0686632,72.5667344,,hospital,Gujarat,osm_cache:Ahmedabad
23.0074188,72.5589721,,hospital,Gujarat,osm_cache:Ahmedabad
23.0826952,72.5887057,,hospital,Gujarat,osm_cache:Ahmedabad
23.0285678,72.5714216,,hospital,Gujarat,osm_cache:Ahmedabad
23.0082903,72.5595085,,hospital,Gujarat,osm_cache:Ahmedabad
23.0536919,72.6427073,,hospital,Gujarat,osm_cache:Ahmedabad
22.9950715,72.6075442,,hospital,Gujarat,osm_cache:Ahmedabad
22.9957344,72.6082537,,hospital,Gujarat,osm_cache:Ahmedabad
23.0549888,72.630925,,hospital,Gujarat,osm_cache:Ahmedabad
23.0309628,72.561022,,hospital,Gujarat,osm_cache:Ahmedabad
23.0475378,72.5265107,,hospital,Gujarat,osm_cache:Ahmedabad
22.988069,72.6053086,,hospital,Gujarat,osm_cache:Ahmedabad
23.0488268,72.5948212,,hospital,Gujarat,osm_cache:Ahmedabad
23.0366258,72.5699088,,hospital,Gujarat,osm_cache:Ahmedabad
22.9995355,72.6079452,,hospital,Gujarat,osm_cache:Ahmedabad
23.061092,72.535484,,hospital,Gujarat,osm_cache:Ahmedabad
23.0165285,72.5663348,,hospital,Gujarat,osm_cache:Ahmedabad
23.0222866,72.5941667,,hospital,Gujarat,osm_cache:Ahmedabad
23.059151,72.5507015,,hospital,Gujarat,osm_cache:Ahmedabad
23.0183023,72.5626011,,hospital,Gujarat,osm_cache:Ahmedabad
23.0013354,72.5905041,,hospital,Gujarat,osm_cache:Ahmedabad
22.9925296,72.6318021,,clinic,Gujarat,osm_cache:Ahmedabad
23.0456264,72.5420791,,hospital,Gujarat,osm_cache:Ahmedabad
23.020171,72.5189468,,hospital,Gujarat,osm_cache:Ahmedabad
23.0200451,72.5298192,,clinic,Gujarat,osm_cache:Ahmedabad
22.9997731,72.6090623,,hospital,Gujarat,osm_cache:Ahmedabad
23.0221879,72.5385243,,hospital,Gujarat,osm_cache:Ahmedabad
23.0328801,72.5554597,,hospital,Gujarat,osm_cache:Ahmedabad
23.0121836,72.5589976,,hospital,Gujarat,osm_cache:Ahmedabad
23.0012243,72.5601871,,hospital,Gujarat,osm_cache:Ahmedabad
23.000933,72.595249,,hospital,Gujarat,osm_cache:Ahmedabad
23.0562136,72.6207709,,hospital,Gujarat,osm_cache:Ahmedabad
22.9830966,72.6028711,,hospital,Gujarat,osm_cache:Ahmedabad
22.9910938,72.6174791,,clinic,Gujarat,osm_cache:Ahmedabad
22.9990899,72.6009165,,hospital,Gujarat,osm_cache:Ahmedabad
23.0001972,72.6048513,,hospital,Gujarat,osm_cache:Ahmedabad
22.993832,72.6037985,,clinic,Gujarat,osm_cache:Ahmedabad
22.9961937,72.6038629,,hospital,Gujarat,osm_cache:Ahmedabad
22.9914752,72.611707,,hospital,Gujarat,osm_cache:Ahmedabad
22.9906258,72.6125311,,hospital,Gujarat,osm_cache:Ahmedabad
22.9979479,72.6109077,,hospital,Gujarat,osm_cache:Ahmedabad
22.9957122,72.6118974,,hospital,Gujarat,osm_cache:Ahmedabad
22.9968677,72.6037475,,hospital,Gujarat,osm_cache:Ahmedabad
22.9947147,72.6119833,,hospital,Gujarat,osm_cache:Ahmedabad
22.9956326,72.6039098,,hospital,Gujarat,osm_cache:Ahmedabad
22.9922814,72.6059188,,hospital,Gujarat,osm_cache:Ahmedabad
23.061941,72.5518066,,hospital,Gujarat,osm_cache:Ahmedabad
23.0578438,72.5497999,,clinic,Gujarat,osm_cache:Ahmedabad
23.0437233,72.5501624,,hospital,Gujarat,osm_cache:Ahmedabad
23.0381253,72.5591853,,hospital,Gujarat,osm_cache:Ahmedabad
23.0522086,72.5598143,,hospital,Gujarat,osm_cache:Ahmedabad
23.0086507,72.5485202,,hospital,Gujarat,osm_cache:Ahmedabad
23.0559588,72.5397232,,hospital,Gujarat,osm_cache:Ahmedabad
23.0566239,72.5448717,,clinic,Gujarat,osm_cache:Ahmedabad
23.0469757,72.5436849,,hospital,Gujarat,osm_cache:Ahmedabad
23.0462186,72.5338653,,hospital,Gujarat,osm_cache:Ahmedabad
23.0544607,72.53364,,hospital,Gujarat,osm_cache:Ahmedabad
23.0470491,72.533298,,hospital,Gujarat,osm_cache:Ahmedabad
23.0583588,72.533251,,hospital,Gujarat,osm_cache:Ahmedabad
23.0469763,72.5276975,,clinic,Gujarat,osm_cache:Ahmedabad
23.0497418,72.531753,,hospital,Gujarat,osm_cache:Ahmedabad
23.0474249,72.5505593,,hospital,Gujarat,osm_cache:Ahmedabad
23.0500997,72.5338753,,hospital,Gujarat,osm_cache:Ahmedabad
23.0456349,72.5419961,,hospital,Gujarat,osm_cache:Ahmedabad
23.0463111,72.5345345,,hospital,Gujarat,osm_cache:Ahmedabad
23.0455787,72.5418225,,hospital,Gujarat,osm_cache:Ahmedabad
23.0492285,72.5334294,,hospital,Gujarat,osm_cache:Ahmedabad
23.0529941,72.5305755,,hospital,Gujarat,osm_cache:Ahmedabad
23.0553553,72.5209102,,hospital,Gujarat,osm_cache:Ahmedabad
23.0371812,72.522199,,hospital,Gujarat,osm_cache:Ahmedabad
23.0311411,72.5271638,,hospital,Gujarat,osm_cache:Ahmedabad
23.0402999,72.5583807,,clinic,Gujarat,osm_cache:Ahmedabad
23.0385165,72.5585751,,clinic,Gujarat,osm_cache:Ahmedabad
23.0481314,72.5716656,,hospital,Gujarat,osm_cache:Ahmedabad
23.0542867,72.5720197,,hospital,Gujarat,osm_cache:Ahmedabad
23.0541596,72.5720304,,hospital,Gujarat,osm_cache:Ahmedabad
23.0542275,72.5720505,,hospital,Gujarat,osm_cache:Ahmedabad
23.0472984,72.5622028,,hospital,Gujarat,osm_cache:Ahmedabad
23.0575728,72.5703634,,hospital,Gujarat,osm_cache:Ahmedabad
23.0670629,72.5621612,,hospital,Gujarat,osm_cache:Ahmedabad
23.0728484,72.5590418,,hospital,Gujarat,osm_cache:Ahmedabad
23.0606194,72.5578952,,hospital,Gujarat,osm_cache:Ahmedabad
23.0584236,72.5594985,,hospital,Gujarat,osm_cache:Ahmedabad
23.0643212,72.5500202,,hospital,Gujarat,osm_cache:Ahmedabad
23.0296366,72.4742572,,hospital,Gujarat,osm_cache:Ahmedabad
23.0591455,72.5558715,,hospital,Gujarat,osm_cache:Ahmedabad
23.0584884,72.5554725,,hospital,Gujarat,osm_cache:Ahmedabad
23.0477513,72.5626641,,clinic,Gujarat,osm_cache:Ahmedabad
23.0538437,72.5476894,,hospital,Gujarat,osm_cache:Ahmedabad
23.0585304,72.5562523,,hospital,Gujarat,osm_cache:Ahmedabad
23.02251,72.5117853,,clinic,Gujarat,osm_cache:Ahmedabad
23.0542201,72.6429051,,clinic,Gujarat,osm_cache:Ahmedabad
23.0549308,72.6008186,,hospital,Gujarat,osm_cache:Ahmedabad
23.0127168,72.6389033,,hospital,Gujarat,osm_cache:Ahmedabad
23.0636536,72.5310852,,clinic,Gujarat,osm_cache:Ahmedabad
23.0073805,72.5589064,,hospital,Gujarat,osm_cache:Ahmedabad
23.0834799,72.5912216,,hospital,Gujarat,osm_cache:Ahmedabad
23.0527257,72.6013067,,hospital,Gujarat,osm_cache:Ahmedabad
23.0544261,72.5959396,,hospital,Gujarat,osm_cache:Ahmedabad
23.0870576,72.5920974,,hospital,Gujarat,osm_cache:Ahmedabad
23.0405047,72.5211865,,hospital,Gujarat,osm_cache:Ahmedabad
23.0471775,72.5654282,,hospital,Gujarat,osm_cache:Ahmedabad
23.0521364,72.5609992,,hospital,Gujarat,osm_cache:Ahmedabad
23.052411,72.5697197,,hospital,Gujarat,osm_cache:Ahmedabad
23.0194415,72.5586167,,hospital,Gujarat,osm_cache:Ahmedabad
23.0872193,72.5922891,,hospital,Gujarat,osm_cache:Ahmedabad
23.0134142,72.5304092,,hospital,Gujarat,osm_cache:Ahmedabad
23.0259277,72.5660652,,hospital,Gujarat,osm_cache:Ahmedabad
23.0344821,72.5212294,,clinic,Gujarat,osm_cache:Ahmedabad
23.0855562,72.6305442,,hospital,Gujarat,osm_cache:Ahmedabad
23.0604405,72.5352037,,hospital,Gujarat,osm_cache:Ahmedabad
23.0283086,72.4775523,,hospital,Gujarat,osm_cache:Ahmedabad
23.0162743,72.5298151,,hospital,Gujarat,osm_cache:Ahmedabad
23.0088754,72.5623262,,hospital,Gujarat,osm_cache:Ahmedabad
23.0315422,72.4717694,,hospital,Gujarat,osm_cache:Ahmedabad
23.0526874,72.549178,,hospital,Gujarat,osm_cache:Ahmedabad
23.0034068,72.518924,,hospital,Gujarat,osm_cache:Ahmedabad
23.0283536,72.4773833,,hospital,Gujarat,osm_cache:Ahmedabad
23.0045749,72.6386267,,hospital,Gujarat,osm_cache:Ahmedabad
23.0619138,72.6398085,,hospital,Gujarat,osm_cache:Ahmedabad
23.0217016,72.5725166,,hospital,Gujarat,osm_cache:Ahmedabad
23.0060128,72.5447845,,hospital,Gujarat,osm_cache:Ahmedabad
23.0197773,72.5653967,,clinic,Gujarat,osm_cache:Ahmedabad
23.0518255,72.6416056,,hospital,Gujarat,osm_cache:Ahmedabad
23.0231938,72.5699329,,clinic,Gujarat,osm_cache:Ahmedabad
22.9990078,72.6082449,,clinic,Gujarat,osm_cache:Ahmedabad
23.0379081,72.6442704,,hospital,Gujarat,osm_cache:Ahmedabad
22.999875,72.6575299,,hospital,Gujarat,osm_cache:Ahmedabad
23.0838969,72.5912485,,hospital,Gujarat,osm_cache:Ahmedabad
23.0638912,72.6422949,,hospital,Gujarat,osm_cache:Ahmedabad
23.0454856,72.5623074,,hospital,Gujarat,osm_cache:Ahmedabad
23.0060905,72.5557816,,hospital,Gujarat,osm_cache:Ahmedabad
23.0604664,72.6398112,,hospital,Gujarat,osm_cache:Ahmedabad
23.0133562,72.5263832,,hospital,Gujarat,osm_cache:Ahmedabad
23.0981234,72.5891134,,hospital,Gujarat,osm_cache:Ahmedabad
23.0576184,72.5692952,,hospital,Gujarat,osm_cache:Ahmedabad
23.0403424,72.5532469,,hospital,Gujarat,osm_cache:Ahmedabad
23.0328949,72.5553042,,hospital,Gujarat,osm_cache:Ahmedabad
23.0021131,72.5505567,,hospital,Gujarat,osm_cache:Ahmedabad
23.0763407,72.6544695,,hospital,Gujarat,osm_cache:Ahmedabad
23.0302148,72.622926,,hospital,Gujarat,osm_cache:Ahmedabad
23.0006799,72.546536,,hospital,Gujarat,osm_cache:Ahmedabad
23.0371183,72.5290078,,hospital,Gujarat,osm_cache:Ahmedabad
23.1067781,72.5980747,,hospital,Gujarat,osm_cache:Ahmedabad
23.0469542,72.5556147,,hospital,Gujarat,osm_cache:Ahmedabad
23.0713999,72.5591303,,hospital,Gujarat,osm_cache:Ahmedabad
22.979135,72.6195304,,hospital,Gujarat,osm_cache:Ahmedabad
23.0130681,72.5245995,,hospital,Gujarat,osm_cache:Ahmedabad
23.0162681,72.5681533,,hospital,Gujarat,osm_cache:Ahmedabad
23.079662,72.5740326,,hospital,Gujarat,osm_cache:Ahmedabad
23.0152127,72.5638162,,hospital,Gujarat,osm_cache:Ahmedabad
23.046184,72.533758,,hospital,Gujarat,osm_cache:Ahmedabad
23.0026356,72.5971751,,clinic,Gujarat,osm_cache:Ahmedabad
23.0594844,72.5360284,,hospital,Gujarat,osm_cache:Ahmedabad
22.9980056,72.6097913,,hospital,Gujarat,osm_cache:Ahmedabad
22.9933987,72.6291548,,hospital,Gujarat,osm_cache:Ahmedabad
23.0388744,72.6309961,,hospital,Gujarat,osm_cache:Ahmedabad
23.0199612,72.5604567,,doctors,Gujarat,osm_cache:Ahmedabad
23.0182599,72.5568886,,hospital,Gujarat,osm_cache:Ahmedabad
23.011259,72.5645041,,clinic,Gujarat,osm_cache:Ahmedabad
23.0730915,72.6528548,,clinic,Gujarat,osm_cache:Ahmedabad
23.0186294,72.5584531,,hospital,Gujarat,osm_cache:Ahmedabad
23.0662385,72.6627067,,clinic,Gujarat,osm_cache:Ahmedabad
23.0250378,72.5233135,,hospital,Gujarat,osm_cache:Ahmedabad
23.0016724,72.5479241,,doctors,Gujarat,osm_cache:Ahmedabad
23.0694294,72.5431028,,hospital,Gujarat,osm_cache:Ahmedabad
23.0838463,72.5911814,,hospital,Gujarat,osm_cache:Ahmedabad
23.0241454,72.5498479,,hospital,Gujarat,osm_cache:Ahmedabad
23.0519939,72.5640978,,hospital,Gujarat,osm_cache:Ahmedabad
23.0461976,72.5616597,,hospital,Gujarat,osm_cache:Ahmedabad
23.1204422,72.5815442,,hospital,Gujarat,osm_cache:Ahmedabad
23.0047117,72.5374903,,hospital,Gujarat,osm_cache:Ahmedabad
23.0070978,72.5567982,,hospital,Gujarat,osm_cache:Ahmedabad
23.063798,72.6422057,,hospital,Gujarat,osm_cache:Ahmedabad
23.0218028,72.5413272,,hospital,Gujarat,osm_cache:Ahmedabad
23.0397778,72.5661081,,clinic,Gujarat,osm_cache:Ahmedabad
23.000075,72.6591285,,hospital,Gujarat,osm_cache:Ahmedabad
23.0315465,72.5653041,,clinic,Gujarat,osm_cache:Ahmedabad
23.0023131,72.5483291,,clinic,Gujarat,osm_cache:Ahmedabad
23.0176604,72.560572,,hospital,Gujarat,osm_cache:Ahmedabad
22.9997985,72.6359045,,hospital,Gujarat,osm_cache:Ahmedabad
23.0256722,72.5319609,,hospital,Gujarat,osm_cache:Ahmedabad
23.0095864,72.5988331,,hospital,Gujarat,osm_cache:Ahmedabad
23.0471713,72.5582439,,hospital,Gujarat,osm_cache:Ahmedabad
23.0538573,72.5956231,,hospital,Gujarat,osm_cache:Ahmedabad
23.0109689,72.5626293,,hospital,Gujarat,osm_cache:Ahmedabad
23.0539511,72.595426,,hospital,Gujarat,osm_cache:Ahmedabad
23.0048092,72.5901327,,hospital,Gujarat,osm_cache:Ahmedabad
23.0129094,72.5457716,,hospital,Gujarat,osm_cache:Ahmedabad
23.1029936,72.5697277,,hospital,Gujarat,osm_cache:Ahmedabad
23.0668688,72.583823,,hospital,Gujarat,osm_cache:Ahmedabad
23.0239294,72.4414712,,hospital,Gujarat,osm_cache:Ahmedabad
23.0063905,72.5335769,,hospital,Gujarat,osm_cache:Ahmedabad
23.0259215,72.5268432,,hospital,Gujarat,osm_cache:Ahmedabad
22.9993553,72.6357423,,clinic,Gujarat,osm_cache:Ahmedabad
23.0482795,72.5337875,,hospital,Gujarat,osm_cache:Ahmedabad
23.0179184,72.5582573,,clinic,Gujarat,osm_cache:Ahmedabad
23.0255723,72.5275755,,hospital,Gujarat,osm_cache:Ahmedabad
23.0827619,72.524609,,hospital,Gujarat,osm_cache:Ahmedabad
23.0354102,72.5594562,,hospital,Gujarat,osm_cache:Ahmedabad
23.0672085,72.5631899,,hospital,Gujarat,osm_cache:Ahmedabad
23.0137315,72.5253627,,hospital,Gujarat,osm_cache:Ahmedabad
23.0070435,72.5658171,,hospital,Gujarat,osm_cache:Ahmedabad
23.0400753,72.5777945,,hospital,Gujarat,osm_cache:Ahmedabad
23.013039,72.5637853,,hospital,Gujarat,osm_cache:Ahmedabad
23.0239912,72.5313695,,hospital,Gujarat,osm_cache:Ahmedabad
23.0282894,72.4778487,,clinic,Gujarat,osm_cache:Ahmedabad
23.0373342,72.57069,,hospital,Gujarat,osm_cache:Ahmedabad
23.0671493,72.566613,,hospital,Gujarat,osm_cache:Ahmedabad
23.0442336,72.6049981,,hospital,Gujarat,osm_cache:Ahmedabad
23.0273162,72.5860812,,doctors,Gujarat,osm_cache:Ahmedabad
23.0188639,72.5606538,,hospital,Gujarat,osm_cache:Ahmedabad
23.0263782,72.5260802,,hospital,Gujarat,osm_cache:Ahmedabad
23.0017415,72.5917406,,hospital,Gujarat,osm_cache:Ahmedabad
23.0557144,72.5907777,,hospital,Gujarat,osm_cache:Ahmedabad
23.0232494,72.5719513,,hospital,Gujarat,osm_cache:Ahmedabad
23.0496493,72.6573488,,hospital,Gujarat,osm_cache:Ahmedabad
23.0099185,72.6450951,,hospital,Gujarat,osm_cache:Ahmedabad
23.0662892,72.5629491,,hospital,Gujarat,osm_cache:Ahmedabad
23.1105464,72.5849734,,hospital,Gujarat,osm_cache:Ahmedabad
23.0125983,72.5178203,,hospital,Gujarat,osm_cache:Ahmedabad
23.0520957,72.6002379,,hospital,Gujarat,osm_cache:Ahmedabad
23.0411786,72.5621706,,hospital,Gujarat,osm_cache:Ahmedabad
23.0042895,72.5905082,,hospital,Gujarat,osm_cache:Ahmedabad
23.0472453,72.5624844,,hospital,Gujarat,osm_cache:Ahmedabad
23.010948,72.5465682,,hospital,Gujarat,osm_cache:Ahmedabad
23.0993792,72.6285593,,hospital,Gujarat,osm_cache:Ahmedabad
23.0603035,72.5355001,,hospital,Gujarat,osm_cache:Ahmedabad
23.0803277,72.5666606,,hospital,Gujarat,osm_cache:Ahmedabad
23.0767892,72.5390634,,hospital,Gujarat,osm_cache:Ahmedabad
23.0402678,72.5659271,,hospital,Gujarat,osm_cache:Ahmedabad
23.0099407,72.5545666,,hospital,Gujarat,osm_cache:Ahmedabad
23.0672116,72.6429212,,hospital,Gujarat,osm_cache:Ahmedabad
23.0620742,72.5306962,,hospital,Gujarat,osm_cache:Ahmedabad
23.0057153,72.532901,,hospital,Gujarat,osm_cache:Ahmedabad
23.0169692,72.5667264,,hospital,Gujarat,osm_cache:Ahmedabad
23.0392262,72.6383065,,hospital,Gujarat,osm_cache:Ahmedabad
23.0567152,72.634133,,hospital,Gujarat,osm_cache:Ahmedabad
23.0014002,72.6355927,,clinic,Gujarat,osm_cache:Ahmedabad
23.0583008,72.5332966,,hospital,Gujarat,osm_cache:Ahmedabad
23.0043253,72.5520748,,hospital,Gujarat,osm_cache:Ahmedabad
23.0152967,72.5638765,,hospital,Gujarat,osm_cache:Ahmedabad
23.0499602,72.5348282,,hospital,Gujarat,osm_cache:Ahmedabad
22.978619,72.611884,,hospital,Gujarat,osm_cache:Ahmedabad
22.9926876,72.6321253,,hospital,Gujarat,osm_cache:Ahmedabad
23.0462322,72.5337466,,hospital,Gujarat,osm_cache:Ahmedabad
23.0731297,72.5368439,,hospital,Gujarat,osm_cache:Ahmedabad
23.0176617,72.5539094,,hospital,Gujarat,osm_cache:Ahmedabad
23.0561654,72.5493899,,hospital,Gujarat,osm_cache:Ahmedabad
23.0379772,72.5595984,,hospital,Gujarat,osm_cache:Ahmedabad
22.9926333,72.632124,,hospital,Gujarat,osm_cache:Ahmedabad
23.082678,72.5896941,,hospital,Gujarat,osm_cache:Ahmedabad
23.0381006,72.6439887,,hospital,Gujarat,osm_cache:Ahmedabad
23.0632822,72.5315224,,hospital,Gujarat,osm_cache:Ahmedabad
23.0208659,72.6388442,,hospital,Gujarat,osm_cache:Ahmedabad
23.0745277,72.5125068,,hospital,Gujarat,osm_cache:Ahmedabad
22.9977455,72.6091146,,clinic,Gujarat,osm_cache:Ahmedabad
23.0024575,72.595257,,hospital,Gujarat,osm_cache:Ahmedabad
23.0199254,72.5458769,,hospital,Gujarat,osm_cache:Ahmedabad
23.0098432,72.5806028,,hospital,Gujarat,osm_cache:Ahmedabad
23.0310362,72.6149404,,hospital,Gujarat,osm_cache:Ahmedabad
23.0844866,72.5914161,,hospital,Gujarat,osm_cache:Ahmedabad
23.0460902,72.5286249,,hospital,Gujarat,osm_cache:Ahmedabad
23.0837834,72.5889122,,hospital,Gujarat,osm_cache:Ahmedabad
23.0602795,72.5647576,,hospital,Gujarat,osm_cache:Ahmedabad
23.0066966,72.5563677,,hospital,Gujarat,osm_cache:Ahmedabad
22.9947616,72.6141009,,hospital,Gujarat,osm_cache:Ahmedabad
23.0029958,72.5544217,,hospital,Gujarat,osm_cache:Ahmedabad
23.0545162,72.5971869,,clinic,Gujarat,osm_cache:Ahmedabad
23.0277853,72.5218208,,hospital,Gujarat,osm_cache:Ahmedabad
23.0464247,72.5709508,,hospital,Gujarat,osm_cache:Ahmedabad
23.0416302,72.5542541,,clinic,Gujarat,osm_cache:Ahmedabad
23.0547211,72.5964291,,hospital,Gujarat,osm_cache:Ahmedabad
23.0031785,72.6334758,,hospital,Gujarat,osm_cache:Ahmedabad
23.0355015,72.5694904,,clinic,Gujarat,osm_cache:Ahmedabad
23.0705004,72.5227287,,hospital,Gujarat,osm_cache:Ahmedabad
23.0544878,72.6029496,,hospital,Gujarat,osm_cache:Ahmedabad
23.0143203,72.5301518,,clinic,Gujarat,osm_cache:Ahmedabad
22.980618,72.6021999,,hospital,Gujarat,osm_cache:Ahmedabad
23.0126292,72.51789,,hospital,Gujarat,osm_cache:Ahmedabad
23.0421276,72.5592698,,hospital,Gujarat,osm_cache:Ahmedabad
22.9947925,72.6074664,,hospital,Gujarat,osm_cache:Ahmedabad
23.066349,72.5838341,,hospital,Gujarat,osm_cache:Ahmedabad
22.9989479,72.6251891,,hospital,Gujarat,osm_cache:Ahmedabad
23.0487768,72.6059926,,hospital,Gujarat,osm_cache:Ahmedabad
23.0633976,72.5809816,,clinic,Gujarat,osm_cache:Ahmedabad
23.0477933,72.5712056,,hospital,Gujarat,osm_cache:Ahmedabad
23.0318187,72.5260091,,hospital,Gujarat,osm_cache:Ahmedabad
22.9932036,72.5258213,,clinic,Gujarat,osm_cache:Ahmedabad
23.0837698,72.5903244,,hospital,Gujarat,osm_cache:Ahmedabad
23.0592152,72.5360379,,hospital,Gujarat,osm_cache:Ahmedabad
23.0380179,72.6445547,,hospital,Gujarat,osm_cache:Ahmedabad
23.0200612,72.5615551,,hospital,Gujarat,osm_cache:Ahmedabad
23.0202065,72.5642668,,hospital,Gujarat,osm_cache:Ahmedabad
23.0288615,72.5642949,,hospital,Gujarat,osm_cache:Ahmedabad
22.9949308,72.6068804,,hospital,Gujarat,osm_cache:Ahmedabad
22.9994812,72.6197255,,hospital,Gujarat,osm_cache:Ahmedabad
23.0504316,72.6468533,,hospital,Gujarat,osm_cache:Ahmedabad
22.9978986,72.6079211,,hospital,Gujarat,osm_cache:Ahmedabad
23.0237122,72.6391487,,hospital,Gujarat,osm_cache:Ahmedabad
23.0137364,72.560387,,clinic,Gujarat,osm_cache:Ahmedabad
22.9980843,72.6098563,,hospital,Gujarat,osm_cache:Ahmedabad
23.0347264,72.435679,,hospital,Gujarat,osm_cache:Ahmedabad
22.9981609,72.625165,,hospital,Gujarat,osm_cache:Ahmedabad
23.045074,72.5710642,,clinic,Gujarat,osm_cache:Ahmedabad
23.002323,72.5175279,,hospital,Gujarat,osm_cache:Ahmedabad
23.0021551,72.5467211,,hospital,Gujarat,osm_cache:Ahmedabad
23.049363,72.594506,,hospital,Gujarat,osm_cache:Ahmedabad
23.0364864,72.5696392,,hospital,Gujarat,osm_cache:Ahmedabad
23.0540923,72.6429145,,hospital,Gujarat,osm_cache:Ahmedabad
23.0578122,72.5701462,,hospital,Gujarat,osm_cache:Ahmedabad
23.0034741,72.5189053,,hospital,Gujarat,osm_cache:Ahmedabad
23.0459888,72.5615689,,hospital,Gujarat,osm_cache:Ahmedabad
23.0595717,72.5356453,,hospital,Gujarat,osm_cache:Ahmedabad
23.0389016,72.5161432,,hospital,Gujarat,osm_cache:Ahmedabad
23.0726584,72.6604924,,clinic,Gujarat,osm_cache:Ahmedabad
22.9931604,72.5256523,,hospital,Gujarat,osm_cache:Ahmedabad
23.0395124,72.6388644,,hospital,Gujarat,osm_cache:Ahmedabad
23.0729002,72.5591692,,hospital,Gujarat,osm_cache:Ahmedabad
23.0369328,72.5273097,,hospital,Gujarat,osm_cache:Ahmedabad
23.0072793,72.5573789,,clinic,Gujarat,osm_cache:Ahmedabad
23.0578196,72.5701541,,hospital,Gujarat,osm_cache:Ahmedabad
23.036039,72.5174716,,hospital,Gujarat,osm_cache:Ahmedabad
23.0526578,72.6028262,,hospital,Gujarat,osm_cache:Ahmedabad
23.0500108,72.6080297,,hospital,Gujarat,osm_cache:Ahmedabad
23.0545187,72.595823,,hospital,Gujarat,osm_cache:Ahmedabad
23.0626344,72.643695,,hospital,Gujarat,osm_cache:Ahmedabad
23.0246015,72.5449569,,hospital,Gujarat,osm_cache:Ahmedabad
22.9956523,72.6121093,,hospital,Gujarat,osm_cache:Ahmedabad
23.0476847,72.5663294,,hospital,Gujarat,osm_cache:Ahmedabad
22.9834237,72.5971761,,hospital,Gujarat,osm_cache:Ahmedabad
23.0543583,72.6428729,,hospital,Gujarat,osm_cache:Ahmedabad
23.0376687,72.5652552,,doctors,Gujarat,osm_cache:Ahmedabad
22.9979961,72.6355197,,hospital,Gujarat,osm_cache:Ahmedabad
23.0128822,72.5216398,,clinic,Gujarat,osm_cache:Ahmedabad
23.0463124,72.5624067,,hospital,Gujarat,osm_cache:Ahmedabad
23.0342994,72.5802205,,clinic,Gujarat,osm_cache:Ahmedabad
23.0812863,72.5380576,,hospital,Gujarat,osm_cache:Ahmedabad
23.0059807,72.5599363,,hospital,Gujarat,osm_cache:Ahmedabad
23.0272274,72.5861375,,hospital,Gujarat,osm_cache:Ahmedabad
23.0804227,72.5355068,,clinic,Gujarat,osm_cache:Ahmedabad
23.0592497,72.5372905,,hospital,Gujarat,osm_cache:Ahmedabad
23.0388164,72.6331285,,hospital,Gujarat,osm_cache:Ahmedabad
23.010174,72.5621974,,hospital,Gujarat,osm_cache:Ahmedabad
23.0016415,72.5481668,,hospital,Gujarat,osm_cache:Ahmedabad
23.0288344,72.4779037,,hospital,Gujarat,osm_cache:Ahmedabad
23.0159755,72.5136414,,clinic,Gujarat,osm_cache:Ahmedabad
23.0590239,72.5378671,,hospital,Gujarat,osm_cache:Ahmedabad
23.0539073,72.5964371,,hospital,Gujarat,osm_cache:Ahmedabad
22.9809304,72.5987479,,hospital,Gujarat,osm_cache:Ahmedabad
23.0405319,72.5581983,,hospital,Gujarat,osm_cache:Ahmedabad
22.9872011,72.603419,,hospital,Gujarat,osm_cache:Ahmedabad
23.0377477,72.5625488,,clinic,Gujarat,osm_cache:Ahmedabad
23.0403048,72.5543117,,hospital,Gujarat,osm_cache:Ahmedabad
23.0482079,72.6016447,,hospital,Gujarat,osm_cache:Ahmedabad
23.0029007,72.595717,,hospital,Gujarat,osm_cache:Ahmedabad
23.0201772,72.557914,,doctors,Gujarat,osm_cache:Ahmedabad
23.0017465,72.6183012,,hospital,Gujarat,osm_cache:Ahmedabad
23.0100246,72.5465441,,hospital,Gujarat,osm_cache:Ahmedabad
23.1111304,72.571964,,doctors,Gujarat,osm_cache:Ahmedabad
23.0066954,72.5325832,,hospital,Gujarat,osm_cache:Ahmedabad
23.0730767,72.6527891,,hospital,Gujarat,osm_cache:Ahmedabad
23.0652293,72.6425953,,doctors,Gujarat,osm_cache:Ahmedabad
23.0638572,72.5304455,,hospital,Gujarat,osm_cache:Ahmedabad
23.0127576,72.5670958,,hospital,Gujarat,osm_cache:Ahmedabad
23.0209844,72.5436446,,hospital,Gujarat,osm_cache:Ahmedabad
23.0402147,72.5598545,,hospital,Gujarat,osm_cache:Ahmedabad
22.9813563,72.5988619,,clinic,Gujarat,osm_cache:Ahmedabad
22.9998947,72.5906262,,clinic,Gujarat,osm_cache:Ahmedabad
23.1224896,72.5045286,,hospital,Gujarat,osm_cache:Ahmedabad
23.1146062,72.5838912,,hospital,Gujarat,osm_cache:Ahmedabad
23.0269892,72.4773597,,hospital,Gujarat,osm_cache:Ahmedabad
22.9873418,72.611577,,hospital,Gujarat,osm_cache:Ahmedabad
23.045286,72.5617717,,clinic,Gujarat,osm_cache:Ahmedabad
23.0809819,72.6213037,,hospital,Gujarat,osm_cache:Ahmedabad
22.9985353,72.6247528,,hospital,Gujarat,osm_cache:Ahmedabad
23.0436594,72.6502608,,hospital,Gujarat,osm_cache:Ahmedabad
23.062087,72.5305813,,hospital,Gujarat,osm_cache:Ahmedabad
23.0226864,72.5697332,,hospital,Gujarat,osm_cache:Ahmedabad
23.0790988,72.5753262,,hospital,Gujarat,osm_cache:Ahmedabad
23.0377884,72.6440035,,hospital,Gujarat,osm_cache:Ahmedabad
23.0663546,72.5629216,,hospital,Gujarat,osm_cache:Ahmedabad
22.9291372,72.6619636,,clinic,Gujarat,osm_cache:Ahmedabad
23.054805,72.5964358,,hospital,Gujarat,osm_cache:Ahmedabad
22.9817137,72.5982222,,clinic,Gujarat,osm_cache:Ahmedabad
23.0022835,72.5482339,,hospital,Gujarat,osm_cache:Ahmedabad
23.0072423,72.5362967,,hospital,Gujarat,osm_cache:Ahmedabad
23.0650523,72.6426671,,hospital,Gujarat,osm_cache:Ahmedabad
23.0657698,72.5669832,,clinic,Gujarat,osm_cache:Ahmedabad
23.0249533,72.5472508,,hospital,Gujarat,osm_cache:Ahmedabad
23.0114874,72.6491044,,hospital,Gujarat,osm_cache:Ahmedabad
23.0804356,72.5679736,,hospital,Gujarat,osm_cache:Ahmedabad
23.0489292,72.6016849,,hospital,Gujarat,osm_cache:Ahmedabad
23.0405269,72.6583895,,hospital,Gujarat,osm_cache:Ahmedabad
22.9973331,72.6092997,,doctors,Gujarat,osm_cache:Ahmedabad
23.0016292,72.5479455,,hospital,Gujarat,osm_cache:Ahmedabad
23.0220336,72.5253251,,hospital,Gujarat,osm_cache:Ahmedabad
23.014419,72.5629203,,hospital,Gujarat,osm_cache:Ahmedabad
22.996806,72.6562531,,hospital,Gujarat,osm_cache:Ahmedabad
22.9914333,72.6338285,,hospital,Gujarat,osm_cache:Ahmedabad
23.0136587,72.5303878,,hospital,Gujarat,osm_cache:Ahmedabad
23.0286529,72.4780579,,clinic,Gujarat,osm_cache:Ahmedabad
23.0058276,72.5329319,,hospital,Gujarat,osm_cache:Ahmedabad
23.0152707,72.5638269,,hospital,Gujarat,osm_cache:Ahmedabad
23.0090414,72.5622276,,hospital,Gujarat,osm_cache:Ahmedabad
23.0213053,72.5435185,,hospital,Gujarat,osm_cache:Ahmedabad
23.0280247,72.5263859,,clinic,Gujarat,osm_cache:Ahmedabad
23.0193453,72.5572944,,hospital,Gujarat,osm_cache:Ahmedabad
23.064969,72.6426845,,hospital,Gujarat,osm_cache:Ahmedabad
23.0185504,72.5362779,,hospital,Gujarat,osm_cache:Ahmedabad
23.0157929,72.5243381,,hospital,Gujarat,osm_cache:Ahmedabad
23.0168791,72.5667813,,hospital,Gujarat,osm_cache:Ahmedabad
23.0175456,72.5576954,,hospital,Gujarat,osm_cache:Ahmedabad
23.0626813,72.5377853,,hospital,Gujarat,osm_cache:Ahmedabad
23.0054634,72.5904116,,hospital,Gujarat,osm_cache:Ahmedabad
22.979024,72.6105885,,hospital,Gujarat,osm_cache:Ahmedabad
23.0552899,72.5969093,,hospital,Gujarat,osm_cache:Ahmedabad
23.0030081,72.5551459,,hospital,Gujarat,osm_cache:Ahmedabad
23.0429384,72.5579488,,clinic,Gujarat,osm_cache:Ahmedabad
23.0132205,72.5186283,,clinic,Gujarat,osm_cache:Ahmedabad
23.0166336,72.469625,,hospital,Gujarat,osm_cache:Ahmedabad
23.040701,72.5689566,,hospital,Gujarat,osm_cache:Ahmedabad
23.0041352,72.6064526,,hospital,Gujarat,osm_cache:Ahmedabad
23.0696614,72.5428694,,hospital,Gujarat,osm_cache:Ahmedabad
23.0395927,72.635415,,hospital,Gujarat,osm_cache:Ahmedabad
23.0129625,72.6388724,,hospital,Gujarat,osm_cache:Ahmedabad
23.0028217,72.6183441,,hospital,Gujarat,osm_cache:Ahmedabad
23.0328727,72.6284051,,hospital,Gujarat,osm_cache:Ahmedabad
23.0147326,72.6449161,,hospital,Gujarat,osm_cache:Ahmedabad
23.1154284,72.5822818,,hospital,Gujarat,osm_cache:Ahmedabad
23.0487456,72.6062142,,hospital,Gujarat,osm_cache:Ahmedabad
23.0869528,72.628334,,hospital,Gujarat,osm_cache:Ahmedabad
23.0633896,72.6412113,,hospital,Gujarat,osm_cache:Ahmedabad
23.0193008,72.5572461,,hospital,Gujarat,osm_cache:Ahmedabad
23.0671591,72.5629981,,hospital,Gujarat,osm_cache:Ahmedabad
23.067744,72.5442159,,clinic,Gujarat,osm_cache:Ahmedabad
23.0031649,72.5952208,,hospital,Gujarat,osm_cache:Ahmedabad
23.0598028,72.5357951,,hospital,Gujarat,osm_cache:Ahmedabad
22.9870335,72.4732058,,hospital,Gujarat,osm_cache:Ahmedabad
23.0048808,72.6367199,,hospital,Gujarat,osm_cache:Ahmedabad
23.0489175,72.6041847,,hospital,Gujarat,osm_cache:Ahmedabad
23.0473058,72.5586636,,hospital,Gujarat,osm_cache:Ahmedabad
22.9970288,72.6068388,,hospital,Gujarat,osm_cache:Ahmedabad
22.9834589,72.601811,,clinic,Gujarat,osm_cache:Ahmedabad
23.1059184,72.5696943,,clinic,Gujarat,osm_cache:Ahmedabad
23.0519251,72.560481,,hospital,Gujarat,osm_cache:Ahmedabad
23.0187158,72.5714269,,hospital,Gujarat,osm_cache:Ahmedabad
23.0520284,72.5641722,,hospital,Gujarat,osm_cache:Ahmedabad
23.016489,72.5665225,,hospital,Gujarat,osm_cache:Ahmedabad
23.0094926,72.5988793,,hospital,Gujarat,osm_cache:Ahmedabad
22.9998935,72.5468244,,hospital,Gujarat,osm_cache:Ahmedabad
23.027216,72.5454128,,hospital,Gujarat,osm_cache:Ahmedabad
22.9928112,72.5191879,,hospital,Gujarat,osm_cache:Ahmedabad
23.019646,72.593685,,hospital,Gujarat,osm_cache:Ahmedabad
22.999361,72.585958,,hospital,Gujarat,osm_cache:Ahmedabad
23.014903,72.582281,,clinic,Gujarat,osm_cache:Ahmedabad
22.9634073,72.5912646,,hospital,Gujarat,osm_cache:Ahmedabad
22.997277,72.609198,,hospital,Gujarat,osm_cache:Ahmedabad
22.999263,72.608319,,clinic,Gujarat,osm_cache:Ahmedabad
22.997459,72.610435,,hospital,Gujarat,osm_cache:Ahmedabad
23.0234972,72.5946245,,hospital,Gujarat,osm_cache:Ahmedabad
23.018949,72.597401,,hospital,Gujarat,osm_cache:Ahmedabad
23.0210847,72.5900772,,hospital,Gujarat,osm_cache:Ahmedabad
22.988104,72.611857,,hospital,Gujarat,osm_cache:Ahmedabad
23.028639,72.596633,,hospital,Gujarat,osm_cache:Ahmedabad
22.9995851,72.6003159,,hospital,Gujarat,osm_cache:Ahmedabad
22.998028,72.600585,,hospital,Gujarat,osm_cache:Ahmedabad
23.001855,72.589145,,doctors,Gujarat,osm_cache:Ahmedabad
22.9970061,72.6063718,,hospital,Gujarat,osm_cache:Ahmedabad
23.005749,72.595118,,hospital,Gujarat,osm_cache:Ahmedabad
22.997505,72.604633,,clinic,Gujarat,osm_cache:Ahmedabad
23.000113,72.603228,,clinic,Gujarat,osm_cache:Ahmedabad
23.02645,72.591737,,hospital,Gujarat,osm_cache:Ahmedabad
22.9666916,72.5893488,,hospital,Gujarat,osm_cache:Ahmedabad
22.998786,72.608215,,clinic,Gujarat,osm_cache:Ahmedabad
23.002052,72.607654,,hospital,Gujarat,osm_cache:Ahmedabad
22.9982724,72.5943965,,clinic,Gujarat,osm_cache:Ahmedabad
23.029419,72.5933157,,hospital,Gujarat,osm_cache:Ahmedabad
22.981501,72.588856,,hospital,Gujarat,osm_cache:Ahmedabad
22.984428,72.616878,,hospital,Gujarat,osm_cache:Ahmedabad
22.9947749,72.5884667,,hospital,Gujarat,osm_cache:Ahmedabad
23.0202363,72.5893216,,doctors,Gujarat,osm_cache:Ahmedabad
23.006527,72.583296,,hospital,Gujarat,osm_cache:Ahmedabad
22.9981001,72.6021433,,clinic,Gujarat,osm_cache:Ahmedabad
23.000266,72.608195,,hospital,Gujarat,osm_cache:Ahmedabad
22.9969506,72.601663,,hospital,Gujarat,osm_cache:Ahmedabad
22.9646691,72.5903719,,hospital,Gujarat,osm_cache:Ahmedabad
23.000123,72.604134,,doctors,Gujarat,osm_cache:Ahmedabad
22.999176,72.607469,,clinic,Gujarat,osm_cache:Ahmedabad
23.019026,72.593349,,hospital,Gujarat,osm_cache:Ahmedabad
22.993645,72.607322,,hospital,Gujarat,osm_cache:Ahmedabad
22.996403,72.608657,,hospital,Gujarat,osm_cache:Ahmedabad
23.023421,72.597732,,hospital,Gujarat,osm_cache:Ahmedabad
23.024842,72.598982,,hospital,Gujarat,osm_cache:Ahmedabad
23.003436,72.596416,,hospital,Gujarat,osm_cache:Ahmedabad
23.012988,72.587951,,hospital,Gujarat,osm_cache:Ahmedabad
23.029011,72.592461,,hospital,Gujarat,osm_cache:Ahmedabad
23.009168,72.585876,,hospital,Gujarat,osm_cache:Ahmedabad
22.9646606,72.5934357,,hospital,Gujarat,osm_cache:Ahmedabad
22.9949326,72.6075168,,hospital,Gujarat,osm_cache:Ahmedabad
23.015985,72.587351,,hospital,Gujarat,osm_cache:Ahmedabad
23.0151021,72.5908296,,hospital,Gujarat,osm_cache:Ahmedabad
23.02691,72.587214,,hospital,Gujarat,osm_cache:Ahmedabad
22.9928912,72.6031299,,clinic,Gujarat,osm_cache:Ahmedabad
22.96343,72.589033,,clinic,Gujarat,osm_cache:Ahmedabad
22.9964298,72.6098995,,clinic,Gujarat,osm_cache:Ahmedabad
22.997027,72.609335,,hospital,Gujarat,osm_cache:Ahmedabad
23.0259793,72.5919014,,hospital,Gujarat,osm_cache:Ahmedabad
23.0003225,72.6037424,,hospital,Gujarat,osm_cache:Ahmedabad
23.0293947,72.5905625,,hospital,Gujarat,osm_cache:Ahmedabad
23.0058864,72.5917151,,hospital,Gujarat,osm_cache:Ahmedabad
23.0290414,72.5946976,,doctors,Gujarat,osm_cache:Ahmedabad
23.000179,72.6043884,,doctors,Gujarat,osm_cache:Ahmedabad
22.9821082,72.5859446,,clinic,Gujarat,osm_cache:Ahmedabad
23.0012666,72.5877721,,hospital,Gujarat,osm_cache:Ahmedabad
22.9644685,72.590532,,hospital,Gujarat,osm_cache:Ahmedabad
23.000081,72.608487,,hospital,Gujarat,osm_cache:Ahmedabad
22.954141,72.612253,,hospital,Gujarat,osm_cache:Ahmedabad
22.983088,72.600519,,hospital,Gujarat,osm_cache:Ahmedabad
22.966305,72.624931,,hospital,Gujarat,osm_cache:Ahmedabad
22.9768837,72.6010063,,hospital,Gujarat,osm_cache:Ahmedabad
22.981475,72.611161,,hospital,Gujarat,osm_cache:Ahmedabad
22.953285,72.615888,,hospital,Gujarat,osm_cache:Ahmedabad
22.981225,72.598839,,doctors,Gujarat,osm_cache:Ahmedabad
22.967894,72.617867,,hospital,Gujarat,osm_cache:Ahmedabad
22.971831,72.604727,,hospital,Gujarat,osm_cache:Ahmedabad
22.9704828,72.5931204,,hospital,Gujarat,osm_cache:Ahmedabad
22.977063,72.592925,,hospital,Gujarat,osm_cache:Ahmedabad
22.9490816,72.5969718,,clinic,Gujarat,osm_cache:Ahmedabad
22.974308,72.611594,,hospital,Gujarat,osm_cache:Ahmedabad
22.9780991,72.5993672,,doctors,Gujarat,osm_cache:Ahmedabad
22.9457646,72.6212151,,clinic,Gujarat,osm_cache:Ahmedabad
22.9515073,72.6244409,,hospital,Gujarat,osm_cache:Ahmedabad
22.979498,72.5983418,,hospital,Gujarat,osm_cache:Ahmedabad
22.9664477,72.6159949,,hospital,Gujarat,osm_cache:Ahmedabad
22.9339127,72.5760578,,hospital,Gujarat,osm_cache:Ahmedabad
22.9531942,72.615095,,doctors,Gujarat,osm_cache:Ahmedabad
22.975087,72.601692,,hospital,Gujarat,osm_cache:Ahmedabad
22.979475,72.601175,,hospital,Gujarat,osm_cache:Ahmedabad
22.963029,72.61044,,hospital,Gujarat,osm_cache:Ahmedabad
22.9831626,72.6028164,,hospital,Gujarat,osm_cache:Ahmedabad
22.9857798,72.6024947,,hospital,Gujarat,osm_cache:Ahmedabad
22.9504545,72.6221998,,clinic,Gujarat,osm_cache:Ahmedabad
22.9493294,72.6238761,,clinic,Gujarat,osm_cache:Ahmedabad
22.978896,72.610165,,hospital,Gujarat,osm_cache:Ahmedabad
22.9797902,72.5969418,,hospital,Gujarat,osm_cache:Ahmedabad
22.981784,72.606863,,hospital,Gujarat,osm_cache:Ahmedabad
22.977918,72.595312,,doctors,Gujarat,osm_cache:Ahmedabad
22.952831,72.616696,,clinic,Gujarat,osm_cache:Ahmedabad
22.93826,72.614834,,hospital,Gujarat,osm_cache:Ahmedabad
22.978245,72.611169,,hospital,Gujarat,osm_cache:Ahmedabad
22.977722,72.600505,,clinic,Gujarat,osm_cache:Ahmedabad
22.9382867,72.6149817,,hospital,Gujarat,osm_cache:Ahmedabad
22.948094,72.598012,,hospital,Gujarat,osm_cache:Ahmedabad
22.9629705,72.6092014,,clinic,Gujarat,osm_cache:Ahmedabad
22.9820852,72.6032425,,hospital,Gujarat,osm_cache:Ahmedabad
22.958951,72.618997,,hospital,Gujarat,osm_cache:Ahmedabad
22.972368,72.5872561,,hospital,Gujarat,osm_cache:Ahmedabad
22.9605,72.608201,,hospital,Gujarat,osm_cache:Ahmedabad
22.9787938,72.6097705,,hospital,Gujarat,osm_cache:Ahmedabad
22.98027,72.595008,,hospital,Gujarat,osm_cache:Ahmedabad
22.978672,72.608642,,hospital,Gujarat,osm_cache:Ahmedabad
22.98106,72.610699,,hospital,Gujarat,osm_cache:Ahmedabad
22.9811997,72.6023636,,hospital,Gujarat,osm_cache:Ahmedabad
22.974803,72.602266,,hospital,Gujarat,osm_cache:Ahmedabad
22.9840852,72.6026036,,hospital,Gujarat,osm_cache:Ahmedabad
22.954932,72.603897,,clinic,Gujarat,osm_cache:Ahmedabad
22.981784,72.6029,,hospital,Gujarat,osm_cache:Ahmedabad
22.9525929,72.6023803,,clinic,Gujarat,osm_cache:Ahmedabad
22.9810392,72.598519,,hospital,Gujarat,osm_cache:Ahmedabad
22.957118,72.611815,,hospital,Gujarat,osm_cache:Ahmedabad
22.9757579,72.6022206,,hospital,Gujarat,osm_cache:Ahmedabad
22.983673,72.6001796,,hospital,Gujarat,osm_cache:Ahmedabad
22.9598509,72.6117361,,hospital,Gujarat,osm_cache:Ahmedabad
22.955252,72.612341,,hospital,Gujarat,osm_cache:Ahmedabad
22.963486,72.610208,,clinic,Gujarat,osm_cache:Ahmedabad
22.9769658,72.6009535,,hospital,Gujarat,osm_cache:Ahmedabad
22.953387,72.612777,,hospital,Gujarat,osm_cache:Ahmedabad
23.0582776,72.6222017,,hospital,Gujarat,osm_cache:Ahmedabad
23.096892,72.596062,,hospital,Gujarat,osm_cache:Ahmedabad
23.114943,72.581545,,hospital,Gujarat,osm_cache:Ahmedabad
23.059159,72.62133,,clinic,Gujarat,osm_cache:Ahmedabad
23.0376047,72.5798849,,hospital,Gujarat,osm_cache:Ahmedabad
23.114332,72.578769,,hospital,Gujarat,osm_cache:Ahmedabad
23.122105,72.582052,,hospital,Gujarat,osm_cache:Ahmedabad
23.038118,72.576487,,hospital,Gujarat,osm_cache:Ahmedabad
22.996289,72.5794455,,hospital,Gujarat,osm_cache:Ahmedabad
23.0360108,72.5781671,,hospital,Gujarat,osm_cache:Ahmedabad
23.0360714,72.5810933,,doctors,Gujarat,osm_cache:Ahmedabad
23.045083,72.5815979,,hospital,Gujarat,osm_cache:Ahmedabad
23.08992,72.590307,,hospital,Gujarat,osm_cache:Ahmedabad
23.048502,72.601561,,doctors,Gujarat,osm_cache:Ahmedabad
23.1112092,72.5847083,,hospital,Gujarat,osm_cache:Ahmedabad
23.053458,72.589815,,hospital,Gujarat,osm_cache:Ahmedabad
23.113705,72.583096,,hospital,Gujarat,osm_cache:Ahmedabad
23.0958571,72.5958301,,hospital,Gujarat,osm_cache:Ahmedabad
23.114583,72.582827,,hospital,Gujarat,osm_cache:Ahmedabad
23.0403546,72.5795035,,hospital,Gujarat,osm_cache:Ahmedabad
22.9877498,72.5673496,,clinic,Gujarat,osm_cache:Ahmedabad
23.048956,72.581574,,hospital,Gujarat,osm_cache:Ahmedabad
23.059688,72.61811,,hospital,Gujarat,osm_cache:Ahmedabad
22.9966232,72.5785891,,hospital,Gujarat,osm_cache:Ahmedabad
23.0465734,72.6082995,,hospital,Gujarat,osm_cache:Ahmedabad
23.032378,72.5774069,,hospital,Gujarat,osm_cache:Ahmedabad
23.032023,72.577351,,hospital,Gujarat,osm_cache:Ahmedabad
23.037853,72.576397,,hospital,Gujarat,osm_cache:Ahmedabad
23.058909,72.601892,,hospital,Gujarat,osm_cache:Ahmedabad
23.0402323,72.5777147,,hospital,Gujarat,osm_cache:Ahmedabad
23.114667,72.580661,,hospital,Gujarat,osm_cache:Ahmedabad
23.0547951,72.6208766,,hospital,Gujarat,osm_cache:Ahmedabad
23.1125242,72.5834513,,hospital,Gujarat,osm_cache:Ahmedabad
23.0347002,72.5951832,,hospital,Gujarat,osm_cache:Ahmedabad
23.035637,72.588423,,hospital,Gujarat,osm_cache:Ahmedabad
23.113388,72.583182,,hospital,Gujarat,osm_cache:Ahmedabad
23.1044464,72.6025578,,hospital,Gujarat,osm_cache:Ahmedabad
23.048981,72.601662,,clinic,Gujarat,osm_cache:Ahmedabad
23.055335,72.590092,,hospital,Gujarat,osm_cache:Ahmedabad
23.056258,72.620709,,hospital,Gujarat,osm_cache:Ahmedabad
22.995486,72.579059,,hospital,Gujarat,osm_cache:Ahmedabad
23.051416,72.596142,,hospital,Gujarat,osm_cache:Ahmedabad
23.092043,72.591111,,hospital,Gujarat,osm_cache:Ahmedabad
23.001026,72.576899,,hospital,Gujarat,osm_cache:Ahmedabad
23.0521027,72.5953342,,hospital,Gujarat,osm_cache:Ahmedabad
23.045993,72.589386,,hospital,Gujarat,osm_cache:Ahmedabad
23.1047391,72.5976157,,hospital,Gujarat,osm_cache:Ahmedabad
23.0399922,72.5778602,,hospital,Gujarat,osm_cache:Ahmedabad
23.0943467,72.5469031,,hospital,Gujarat,osm_cache:Ahmedabad
23.0188276,72.5134997,,hospital,Gujarat,osm_cache:Ahmedabad
23.0464267,72.5343808,,hospital,Gujarat,osm_cache:Ahmedabad
23.031238,72.527118,,doctors,Gujarat,osm_cache:Ahmedabad
23.032409,72.459589,,hospital,Gujarat,osm_cache:Ahmedabad
23.0323612,72.5247419,,hospital,Gujarat,osm_cache:Ahmedabad
23.0333202,72.4658969,,hospital,Gujarat,osm_cache:Ahmedabad
23.0310152,72.5257914,,hospital,Gujarat,osm_cache:Ahmedabad
23.04711,72.527537,,doctors,Gujarat,osm_cache:Ahmedabad
23.019857,72.512076,,hospital,Gujarat,osm_cache:Ahmedabad
23.0341111,72.4653431,,hospital,Gujarat,osm_cache:Ahmedabad
23.0940118,72.546777,,hospital,Gujarat,osm_cache:Ahmedabad
23.0405865,72.5264512,,hospital,Gujarat,osm_cache:Ahmedabad
23.040905,72.526418,,hospital,Gujarat,osm_cache:Ahmedabad
23.137604,72.44412,,clinic,Gujarat,osm_cache:Ahmedabad
23.1616888,72.5871116,,hospital,Gujarat,osm_cache:Ahmedabad
22.9874749,72.4788535,,hospital,Gujarat,osm_cache:Ahmedabad
22.9859705,72.5008661,,hospital,Gujarat,osm_cache:Ahmedabad
22.985509,72.493561,,hospital,Gujarat,osm_cache:Ahmedabad
22.9845108,72.4989295,,hospital,Gujarat,osm_cache:Ahmedabad
22.9835997,72.4984705,,hospital,Gujarat,osm_cache:Ahmedabad
22.9809825,72.501192,,hospital,Gujarat,osm_cache:Ahmedabad
22.9767385,72.6231298,,hospital,Gujarat,osm_cache:Ahmedabad
23.0172912,72.55578,,clinic,Gujarat,osm_cache:Ahmedabad
23.0451918,72.4675268,,hospital,Gujarat,osm_cache:Ahmedabad
23.0342097,72.5804374,,hospital,Gujarat,osm_cache:Ahmedabad
23.046029,72.5615306,,hospital,Gujarat,osm_cache:Ahmedabad
23.0482467,72.5617682,,hospital,Gujarat,osm_cache:Ahmedabad
23.0673766,72.5610257,,hospital,Gujarat,osm_cache:Ahmedabad
23.0604678,72.5352149,,hospital,Gujarat,osm_cache:Ahmedabad
23.0694667,72.5431127,,hospital,Gujarat,osm_cache:Ahmedabad
23.0318655,72.5259992,,hospital,Gujarat,osm_cache:Ahmedabad
23.0251067,72.5233013,,hospital,Gujarat,osm_cache:Ahmedabad
23.0228555,72.5261005,,hospital,Gujarat,osm_cache:Ahmedabad
23.0493049,72.5944694,,hospital,Gujarat,osm_cache:Ahmedabad
23.04949,72.6074913,,hospital,Gujarat,osm_cache:Ahmedabad
23.0522972,72.6043839,,hospital,Gujarat,osm_cache:Ahmedabad
23.0590415,72.601975,,hospital,Gujarat,osm_cache:Ahmedabad
23.0237298,72.6391848,,hospital,Gujarat,osm_cache:Ahmedabad
23.0461549,72.536403,,hospital,Gujarat,osm_cache:Ahmedabad
23.1354749,72.5415625,,hospital,Gujarat,osm_cache:Ahmedabad
23.0492471,72.5219853,,hospital,Gujarat,osm_cache:Ahmedabad
23.0522056,72.5921024,,doctors,Gujarat,osm_cache:Ahmedabad
23.092598,72.5459217,,doctors,Gujarat,osm_cache:Ahmedabad
23.1089092,72.5952869,,doctors,Gujarat,osm_cache:Ahmedabad
23.0255598,72.527325,,hospital,Gujarat,osm_cache:Ahmedabad
23.0226039,72.5509537,,hospital,Gujarat,osm_cache:Ahmedabad
23.0731673,72.5594745,,clinic,Gujarat,osm_cache:Ahmedabad
23.00188,72.55442,,hospital,Gujarat,osm_cache:Ahmedabad
23.0739832,72.5136501,,clinic,Gujarat,osm_cache:Ahmedabad
23.0196344,72.5434148,,hospital,Gujarat,osm_cache:Ahmedabad
23.0587807,72.517488,,hospital,Gujarat,osm_cache:Ahmedabad
23.0190188,72.5066273,,hospital,Gujarat,osm_cache:Ahmedabad
23.0402192,72.5282011,,hospital,Gujarat,osm_cache:Ahmedabad
23.058054,72.5124183,,hospital,Gujarat,osm_cache:Ahmedabad
23.0082838,72.5434118,,hospital,Gujarat,osm_cache:Ahmedabad
23.0226405,72.6235578,,hospital,Gujarat,osm_cache:Ahmedabad
22.999395,72.6046599,,hospital,Gujarat,osm_cache:Ahmedabad
23.0251531,72.5993168,,hospital,Gujarat,osm_cache:Ahmedabad
23.0199361,72.5708082,,hospital,Gujarat,osm_cache:Ahmedabad
23.0295041,72.502031,,doctors,Gujarat,osm_cache:Ahmedabad
23.0363363,72.5278004,,hospital,Gujarat,osm_cache:Ahmedabad
23.0494559,72.5243964,,hospital,Gujarat,osm_cache:Ahmedabad
23.0584983,72.5174392,,hospital,Gujarat,osm_cache:Ahmedabad
23.1220767,72.5820082,,hospital,Gujarat,osm_cache:Ahmedabad
23.0393964,72.5626804,,hospital,Gujarat,osm_cache:Ahmedabad
23.0400468,72.5626464,,hospital,Gujarat,osm_cache:Ahmedabad
23.0400912,72.5613966,,hospital,Gujarat,osm_cache:Ahmedabad
23.0402573,72.5613824,,hospital,Gujarat,osm_cache:Ahmedabad
23.1170397,72.6078239,,hospital,Gujarat,osm_cache:Ahmedabad
23.1099846,72.6261456,,hospital,Gujarat,osm_cache:Ahmedabad
22.9913194,72.6164016,,hospital,Gujarat,osm_cache:Ahmedabad
22.9923729,72.5839732,,hospital,Gujarat,osm_cache:Ahmedabad
23.0221878,72.5456793,,clinic,Gujarat,osm_cache:Ahmedabad
23.0061861,72.5559555,,hospital,Gujarat,osm_cache:Ahmedabad
23.0220709,72.5462128,,hospital,Gujarat,osm_cache:Ahmedabad
23.0129957,72.5304484,,hospital,Gujarat,osm_cache:Ahmedabad
23.0173128,72.5557105,,hospital,Gujarat,osm_cache:Ahmedabad
23.0121501,72.5650047,,hospital,Gujarat,osm_cache:Ahmedabad
22.9868994,72.4733028,,hospital,Gujarat,osm_cache:Ahmedabad
23.122576,72.504565,,hospital,Gujarat,osm_cache:Ahmedabad
23.0541051,72.5237425,,hospital,Gujarat,osm_cache:Ahmedabad
23.0290185,72.6231213,,hospital,Gujarat,osm_cache:Ahmedabad
23.0321406,72.6000568,,hospital,Gujarat,osm_cache:Ahmedabad
23.0867182,72.6478683,,hospital,Gujarat,osm_cache:Ahmedabad
23.0413257,72.5926106,,hospital,Gujarat,osm_cache:Ahmedabad
23.1133122,72.575807,,hospital,Gujarat,osm_cache:Ahmedabad
23.0370812,72.6307536,,hospital,Gujarat,osm_cache:Ahmedabad
23.0391433,72.6302639,,hospital,Gujarat,osm_cache:Ahmedabad
23.0662453,72.6627764,,hospital,Gujarat,osm_cache:Ahmedabad
22.9722812,72.6124554,,hospital,Gujarat,osm_cache:Ahmedabad
23.0904123,72.6597821,,hospital,Gujarat,osm_cache:Ahmedabad
23.0064181,72.5647223,,hospital,Gujarat,osm_cache:Ahmedabad
23.0045129,72.53791,,hospital,Gujarat,osm_cache:Ahmedabad
23.0755396,72.5176381,,hospital,Gujarat,osm_cache:Ahmedabad
23.0043284,72.5839122,,hospital,Gujarat,osm_cache:Ahmedabad
12.8550625,77.6642727,,hospital,Karnataka,osm_cache:Bangalore
12.9134182,77.6774852,,hospital,Karnataka,osm_cache:Bangalore
12.9235041,77.5857517,,hospital,Karnataka,osm_cache:Bangalore
12.9263714,77.6765455,,hospital,Karnataka,osm_cache:Bangalore
12.9155759,77.6349897,,hospital,Karnataka,osm_cache:Bangalore
12.9129006,77.6419101,,hospital,Karnataka,osm_cache:Bangalore
12.9207173,77.5745968,,hospital,Karnataka,osm_cache:Bangalore
12.9231684,77.584433,,hospital,Karnataka,osm_cache:Bangalore
13.0371728,77.6409543,,hospital,Karnataka,osm_cache:Bangalore
13.0185503,77.6364728,,hospital,Karnataka,osm_cache:Bangalore
12.8500655,77.6624706,,hospital,Karnataka,osm_cache:Bangalore
12.9661723,77.7154277,,doctors,Karnataka,osm_cache:Bangalore
12.9981215,77.5404836,,hospital,Karnataka,osm_cache:Bangalore
12.9978931,77.5436127,,hospital,Karnataka,osm_cache:Bangalore
12.9376734,77.5802836,,hospital,Karnataka,osm_cache:Bangalore
13.0011275,77.5639285,,hospital,Karnataka,osm_cache:Bangalore
13.010717,77.5755578,,doctors,Karnataka,osm_cache:Bangalore
12.9503234,77.6162619,,hospital,Karnataka,osm_cache:Bangalore
12.9100629,77.5924585,,hospital,Karnataka,osm_cache:Bangalore
12.960765,77.7137961,,hospital,Karnataka,osm_cache:Bangalore
12.9234317,77.5923374,,hospital,Karnataka,osm_cache:Bangalore
12.9364329,77.583477,,hospital,Karnataka,osm_cache:Bangalore
12.9267313,77.6346384,,clinic,Karnataka,osm_cache:Bangalore
12.9774296,77.6955308,,clinic,Karnataka,osm_cache:Bangalore
12.9140267,77.613838,,clinic,Karnataka,osm_cache:Bangalore
12.939058,77.5510802,,hospital,Karnataka,osm_cache:Bangalore
13.0322788,77.576876,,hospital,Karnataka,osm_cache:Bangalore
12.9559302,77.7112689,,hospital,Karnataka,osm_cache:Bangalore
12.9815051,77.6011944,,hospital,Karnataka,osm_cache:Bangalore
12.985247,77.5803846,,hospital,Karnataka,osm_cache:Bangalore
13.0038999,77.6039313,,hospital,Karnataka,osm_cache:Bangalore
12.9452313,77.5861734,,hospital,Karnataka,osm_cache:Bangalore
12.9797287,77.7271089,,hospital,Karnataka,osm_cache:Bangalore
12.9988604,77.5817424,,hospital,Karnataka,osm_cache:Bangalore
12.9910481,77.7178239,,doctors,Karnataka,osm_cache:Bangalore
12.9681189,77.54325,,hospital,Karnataka,osm_cache:Bangalore
12.967291,77.5429164,,hospital,Karnataka,osm_cache:Bangalore
12.9568527,77.6990468,,hospital,Karnataka,osm_cache:Bangalore
12.9951629,77.69923,,hospital,Karnataka,osm_cache:Bangalore
12.9073391,77.5830655,,hospital,Karnataka,osm_cache:Bangalore
12.913914,77.6372735,,clinic,Karnataka,osm_cache:Bangalore
12.9903369,77.5874909,,clinic,Karnataka,osm_cache:Bangalore
13.0043642,77.5652959,,hospital,Karnataka,osm_cache:Bangalore
12.8915893,77.560715,,hospital,Karnataka,osm_cache:Bangalore
12.9668213,77.7168891,,hospital,Karnataka,osm_cache:Bangalore
12.9648939,77.7180556,,clinic,Karnataka,osm_cache:Bangalore
12.9339266,77.6161393,,clinic,Karnataka,osm_cache:Bangalore
12.9573067,77.7087044,,hospital,Karnataka,osm_cache:Bangalore
12.995242,77.6523255,,hospital,Karnataka,osm_cache:Bangalore
12.9111263,77.7073377,,hospital,Karnataka,osm_cache:Bangalore
12.9367955,77.5907094,,hospital,Karnataka,osm_cache:Bangalore
12.942614,77.5854533,,hospital,Karnataka,osm_cache:Bangalore
12.9671401,77.6094485,,hospital,Karnataka,osm_cache:Bangalore
12.9971262,77.5715091,,clinic,Karnataka,osm_cache:Bangalore
12.9746134,77.5129757,,hospital,Karnataka,osm_cache:Bangalore
12.930936,77.5153776,,hospital,Karnataka,osm_cache:Bangalore
12.9263226,77.5156579,,hospital,Karnataka,osm_cache:Bangalore
13.0686568,77.5582571,,hospital,Karnataka,osm_cache:Bangalore
13.0425433,77.5155377,,hospital,Karnataka,osm_cache:Bangalore
13.0349833,77.5676844,,hospital,Karnataka,osm_cache:Bangalore
12.9126298,77.5913594,,hospital,Karnataka,osm_cache:Bangalore
12.9256842,77.5489346,,hospital,Karnataka,osm_cache:Bangalore
12.9206648,77.5598673,,hospital,Karnataka,osm_cache:Bangalore
12.9429573,77.6174085,,clinic,Karnataka,osm_cache:Bangalore
12.9423039,77.6174893,,hospital,Karnataka,osm_cache:Bangalore
12.9364316,77.5673584,,clinic,Karnataka,osm_cache:Bangalore
12.9336501,77.5660602,,hospital,Karnataka,osm_cache:Bangalore
12.9402371,77.6253403,,hospital,Karnataka,osm_cache:Bangalore
12.9076284,77.6493158,,clinic,Karnataka,osm_cache:Bangalore
12.9075992,77.6488507,,hospital,Karnataka,osm_cache:Bangalore
13.0281613,77.5793947,,hospital,Karnataka,osm_cache:Bangalore
13.026721,77.5789272,,hospital,Karnataka,osm_cache:Bangalore
12.995625,77.6113272,,hospital,Karnataka,osm_cache:Bangalore
12.9933614,77.6080259,,clinic,Karnataka,osm_cache:Bangalore
12.9935915,77.6086664,,clinic,Karnataka,osm_cache:Bangalore
12.9965077,77.6220456,,hospital,Karnataka,osm_cache:Bangalore
12.914434,77.6050207,,hospital,Karnataka,osm_cache:Bangalore
12.9382768,77.6186753,,hospital,Karnataka,osm_cache:Bangalore
12.917678,77.6317772,,doctors,Karnataka,osm_cache:Bangalore
12.9186845,77.630774,,hospital,Karnataka,osm_cache:Bangalore
12.9180492,77.6318764,,hospital,Karnataka,osm_cache:Bangalore
13.0079383,77.5469059,,hospital,Karnataka,osm_cache:Bangalore
13.0083564,77.5469273,,hospital,Karnataka,osm_cache:Bangalore
13.0037682,77.5498337,,hospital,Karnataka,osm_cache:Bangalore
12.9273417,77.6221301,,hospital,Karnataka,osm_cache:Bangalore
12.8736928,77.6449626,,hospital,Karnataka,osm_cache:Bangalore
12.9169725,77.6300572,,hospital,Karnataka,osm_cache:Bangalore
12.9257842,77.6170828,,hospital,Karnataka,osm_cache:Bangalore
13.0047859,77.543073,,hospital,Karnataka,osm_cache:Bangalore
12.9162576,77.6374069,,hospital,Karnataka,osm_cache:Bangalore
13.0275337,77.5397051,,hospital,Karnataka,osm_cache:Bangalore
13.027027,77.539442,,clinic,Karnataka,osm_cache:Bangalore
12.9293288,77.5877091,,hospital,Karnataka,osm_cache:Bangalore
12.9458714,77.5675192,,hospital,Karnataka,osm_cache:Bangalore
13.0011459,77.5359798,,hospital,Karnataka,osm_cache:Bangalore
12.9102705,77.6265538,,hospital,Karnataka,osm_cache:Bangalore
12.8517246,77.6681472,,hospital,Karnataka,osm_cache:Bangalore
12.9787052,77.6443155,,clinic,Karnataka,osm_cache:Bangalore
12.9786597,77.6424063,,clinic,Karnataka,osm_cache:Bangalore
12.9364201,77.5828954,,clinic,Karnataka,osm_cache:Bangalore
12.9135707,77.5788941,,hospital,Karnataka,osm_cache:Bangalore
12.9160081,77.6193573,,hospital,Karnataka,osm_cache:Bangalore
12.9162878,77.6138218,,hospital,Karnataka,osm_cache:Bangalore
12.9239335,77.61116,,hospital,Karnataka,osm_cache:Bangalore
12.9351929,77.6086817,,hospital,Karnataka,osm_cache:Bangalore
12.9387115,77.5937737,,hospital,Karnataka,osm_cache:Bangalore
12.9388056,77.5942994,,hospital,Karnataka,osm_cache:Bangalore
12.9483598,77.5940621,,hospital,Karnataka,osm_cache:Bangalore
12.9484356,77.5942592,,hospital,Karnataka,osm_cache:Bangalore
12.9147871,77.6247622,,hospital,Karnataka,osm_cache:Bangalore
13.0264438,77.5933686,,hospital,Karnataka,osm_cache:Bangalore
13.0022409,77.5490879,,hospital,Karnataka,osm_cache:Bangalore
12.9956506,77.5510696,,hospital,Karnataka,osm_cache:Bangalore
12.9995223,77.5505328,,hospital,Karnataka,osm_cache:Bangalore
12.9998205,77.55045,,hospital,Karnataka,osm_cache:Bangalore
12.9970915,77.5719766,,hospital,Karnataka,osm_cache:Bangalore
12.9970758,77.5721536,,clinic,Karnataka,osm_cache:Bangalore
12.973967,77.5479135,,hospital,Karnataka,osm_cache:Bangalore
13.0248621,77.6139585,,hospital,Karnataka,osm_cache:Bangalore
12.9510846,77.5955162,,doctors,Karnataka,osm_cache:Bangalore
12.9926441,77.5742046,,hospital,Karnataka,osm_cache:Bangalore
12.9735423,77.6476618,,doctors,Karnataka,osm_cache:Bangalore
12.9664535,77.6363465,,clinic,Karnataka,osm_cache:Bangalore
12.9197167,77.5753405,,clinic,Karnataka,osm_cache:Bangalore
12.9267954,77.6699091,,hospital,Karnataka,osm_cache:Bangalore
12.9912991,77.6878913,,clinic,Karnataka,osm_cache:Bangalore
12.9960796,77.6933786,,clinic,Karnataka,osm_cache:Bangalore
12.9352377,77.589655,,clinic,Karnataka,osm_cache:Bangalore
13.0307899,77.653594,,hospital,Karnataka,osm_cache:Bangalore
13.0148188,77.6653699,,hospital,Karnataka,osm_cache:Bangalore
12.8990004,77.6218548,,hospital,Karnataka,osm_cache:Bangalore
13.0207033,77.6760593,,hospital,Karnataka,osm_cache:Bangalore
12.9593144,77.5265054,,hospital,Karnataka,osm_cache:Bangalore
12.9755854,77.5313495,,hospital,Karnataka,osm_cache:Bangalore
12.9744053,77.5426819,,hospital,Karnataka,osm_cache:Bangalore
12.8424567,77.6517883,,doctors,Karnataka,osm_cache:Bangalore
12.9761294,77.5326369,,hospital,Karnataka,osm_cache:Bangalore
12.9202791,77.5598033,,hospital,Karnataka,osm_cache:Bangalore
12.8778532,77.6246582,,hospital,Karnataka,osm_cache:Bangalore
12.9074968,77.6492213,,hospital,Karnataka,osm_cache:Bangalore
13.0372438,77.5648754,,hospital,Karnataka,osm_cache:Bangalore
12.8924828,77.6198497,,hospital,Karnataka,osm_cache:Bangalore
12.8926407,77.6106417,,clinic,Karnataka,osm_cache:Bangalore
12.9411061,77.5850591,,hospital,Karnataka,osm_cache:Bangalore
12.8832766,77.5829876,,doctors,Karnataka,osm_cache:Bangalore
12.8885876,77.5820492,,doctors,Karnataka,osm_cache:Bangalore
13.0100409,77.6674667,,hospital,Karnataka,osm_cache:Bangalore
12.8807554,77.5841671,,hospital,Karnataka,osm_cache:Bangalore
12.891484,77.5816961,,hospital,Karnataka,osm_cache:Bangalore
13.0078742,77.5625316,,hospital,Karnataka,osm_cache:Bangalore
12.9993857,77.5606403,,hospital,Karnataka,osm_cache:Bangalore
12.8845448,77.5701276,,hospital,Karnataka,osm_cache:Bangalore
12.915903,77.5550223,,hospital,Karnataka,osm_cache:Bangalore
12.9231342,77.5642974,,hospital,Karnataka,osm_cache:Bangalore
12.9179548,77.555816,,hospital,Karnataka,osm_cache:Bangalore
12.9613237,77.511726,,hospital,Karnataka,osm_cache:Bangalore
12.9856882,77.5435424,,hospital,Karnataka,osm_cache:Bangalore
12.9946566,77.5397544,,hospital,Karnataka,osm_cache:Bangalore
13.0124345,77.6580271,,hospital,Karnataka,osm_cache:Bangalore
12.9349187,77.6305022,,hospital,Karnataka,osm_cache:Bangalore
13.000431,77.5411664,,hospital,Karnataka,osm_cache:Bangalore
12.8932015,77.6114181,,clinic,Karnataka,osm_cache:Bangalore
12.9191813,77.6381379,,hospital,Karnataka,osm_cache:Bangalore
12.9121004,77.6485848,,hospital,Karnataka,osm_cache:Bangalore
12.9064393,77.6308237,,hospital,Karnataka,osm_cache:Bangalore
12.8791713,77.6454925,,hospital,Karnataka,osm_cache:Bangalore
13.0331716,77.6739337,,clinic,Karnataka,osm_cache:Bangalore
13.0077936,77.6923101,,hospital,Karnataka,osm_cache:Bangalore
12.9744193,77.5336479,,hospital,Karnataka,osm_cache:Bangalore
12.9745812,77.532699,,hospital,Karnataka,osm_cache:Bangalore
12.9736894,77.5369482,,hospital,Karnataka,osm_cache:Bangalore
12.9436624,77.5419997,,hospital,Karnataka,osm_cache:Bangalore
12.9729127,77.5394723,,hospital,Karnataka,osm_cache:Bangalore
12.991912,77.5386905,,clinic,Karnataka,osm_cache:Bangalore
12.9612829,77.5271683,,hospital,Karnataka,osm_cache:Bangalore
12.8920729,77.5816893,,doctors,Karnataka,osm_cache:Bangalore
13.0007683,77.6132902,,hospital,Karnataka,osm_cache:Bangalore
12.9993281,77.6192054,,clinic,Karnataka,osm_cache:Bangalore
12.9843701,77.555666,,hospital,Karnataka,osm_cache:Bangalore
12.8413465,77.6475451,,hospital,Karnataka,osm_cache:Bangalore
12.9231571,77.6728066,,hospital,Karnataka,osm_cache:Bangalore
12.9258821,77.5775932,,clinic,Karnataka,osm_cache:Bangalore
12.8919779,77.5787637,,doctors,Karnataka,osm_cache:Bangalore
12.9486097,77.707873,,clinic,Karnataka,osm_cache:Bangalore
12.9489302,77.7085732,,clinic,Karnataka,osm_cache:Bangalore
12.9555887,77.7196162,,clinic,Karnataka,osm_cache:Bangalore
12.8948505,77.6109105,,hospital,Karnataka,osm_cache:Bangalore
12.9002599,77.6271003,,hospital,Karnataka,osm_cache:Bangalore
12.9399806,77.5853659,,clinic,Karnataka,osm_cache:Bangalore
12.8907463,77.5965269,,clinic,Karnataka,osm_cache:Bangalore
12.9623406,77.5342853,,hospital,Karnataka,osm_cache:Bangalore
12.9681257,77.538885,,clinic,Karnataka,osm_cache:Bangalore
12.9169288,77.5592568,,hospital,Karnataka,osm_cache:Bangalore
13.0055224,77.6161553,,clinic,Karnataka,osm_cache:Bangalore
12.8886124,77.5776022,,doctors,Karnataka,osm_cache:Bangalore
12.8920801,77.5815212,,doctors,Karnataka,osm_cache:Bangalore
12.9184617,77.5555842,,hospital,Karnataka,osm_cache:Bangalore
12.9094831,77.5642571,,clinic,Karnataka,osm_cache:Bangalore
12.931334,77.5154779,,hospital,Karnataka,osm_cache:Bangalore
12.9055088,77.5858347,,hospital,Karnataka,osm_cache:Bangalore
13.0085323,77.5695736,,clinic,Karnataka,osm_cache:Bangalore
12.8827229,77.5466715,,hospital,Karnataka,osm_cache:Bangalore
12.8840897,77.5664029,,hospital,Karnataka,osm_cache:Bangalore
12.9285342,77.5624936,,clinic,Karnataka,osm_cache:Bangalore
12.9661149,77.6363934,,clinic,Karnataka,osm_cache:Bangalore
12.9127254,77.6798404,,clinic,Karnataka,osm_cache:Bangalore
12.9878709,77.7319773,,hospital,Karnataka,osm_cache:Bangalore
12.9768424,77.7103746,,hospital,Karnataka,osm_cache:Bangalore
12.9633105,77.6422202,,clinic,Karnataka,osm_cache:Bangalore
12.9676644,77.6429248,,clinic,Karnataka,osm_cache:Bangalore
12.9784409,77.6375845,,hospital,Karnataka,osm_cache:Bangalore
12.9783539,77.6454699,,clinic,Karnataka,osm_cache:Bangalore
12.9783475,77.6452371,,clinic,Karnataka,osm_cache:Bangalore
12.9752448,77.6437883,,clinic,Karnataka,osm_cache:Bangalore
12.9737172,77.6435692,,clinic,Karnataka,osm_cache:Bangalore
12.9737687,77.643565,,clinic,Karnataka,osm_cache:Bangalore
12.9762645,77.6376528,,hospital,Karnataka,osm_cache:Bangalore
12.9766951,77.6362278,,hospital,Karnataka,osm_cache:Bangalore
12.9754268,77.6359973,,clinic,Karnataka,osm_cache:Bangalore
12.9754222,77.636333,,clinic,Karnataka,osm_cache:Bangalore
12.9734836,77.6357281,,hospital,Karnataka,osm_cache:Bangalore
12.9758083,77.6412599,,clinic,Karnataka,osm_cache:Bangalore
12.8903606,77.582483,,clinic,Karnataka,osm_cache:Bangalore
12.9803043,77.6354911,,clinic,Karnataka,osm_cache:Bangalore
12.9826636,77.6386451,,doctors,Karnataka,osm_cache:Bangalore
12.9827342,77.6396804,,clinic,Karnataka,osm_cache:Bangalore
12.9825619,77.639917,,clinic,Karnataka,osm_cache:Bangalore
12.9811714,77.6379161,,clinic,Karnataka,osm_cache:Bangalore
12.9110032,77.5786913,,clinic,Karnataka,osm_cache:Bangalore
12.9425246,77.6025303,,hospital,Karnataka,osm_cache:Bangalore
12.9365401,77.5838134,,clinic,Karnataka,osm_cache:Bangalore
13.0002667,77.5694894,,hospital,Karnataka,osm_cache:Bangalore
12.968031,77.5878222,,hospital,Karnataka,osm_cache:Bangalore
12.9382238,77.5838823,,clinic,Karnataka,osm_cache:Bangalore
12.9895832,77.5560181,,clinic,Karnataka,osm_cache:Bangalore
12.9891936,77.5559165,,clinic,Karnataka,osm_cache:Bangalore
12.9895641,77.6636078,,clinic,Karnataka,osm_cache:Bangalore
12.9604518,77.6369417,,clinic,Karnataka,osm_cache:Bangalore
12.9253364,77.674637,,clinic,Karnataka,osm_cache:Bangalore
12.9247848,77.6747717,,clinic,Karnataka,osm_cache:Bangalore
12.9241818,77.6737518,,hospital,Karnataka,osm_cache:Bangalore
12.9777681,77.6388155,,clinic,Karnataka,osm_cache:Bangalore
12.9512522,77.6993745,,clinic,Karnataka,osm_cache:Bangalore
12.9517397,77.6994832,,hospital,Karnataka,osm_cache:Bangalore
13.0294181,77.5593857,,hospital,Karnataka,osm_cache:Bangalore
12.9826672,77.6381036,,hospital,Karnataka,osm_cache:Bangalore
12.9821782,77.6381107,,clinic,Karnataka,osm_cache:Bangalore
12.9801812,77.6372616,,clinic,Karnataka,osm_cache:Bangalore
12.8870605,77.603414,,hospital,Karnataka,osm_cache:Bangalore
12.8893134,77.602422,,hospital,Karnataka,osm_cache:Bangalore
12.8490202,77.6575628,,clinic,Karnataka,osm_cache:Bangalore
12.8504718,77.6553058,,hospital,Karnataka,osm_cache:Bangalore
13.000058,77.5696143,,clinic,Karnataka,osm_cache:Bangalore
12.8377272,77.6584571,,hospital,Karnataka,osm_cache:Bangalore
12.9474222,77.5986921,,hospital,Karnataka,osm_cache:Bangalore
12.9486255,77.600076,,clinic,Karnataka,osm_cache:Bangalore
12.9900105,77.5988107,,hospital,Karnataka,osm_cache:Bangalore
12.9159249,77.5856011,,hospital,Karnataka,osm_cache:Bangalore
12.962951,77.6418711,,hospital,Karnataka,osm_cache:Bangalore
12.9185394,77.6705565,,clinic,Karnataka,osm_cache:Bangalore
12.9687118,77.6139361,,clinic,Karnataka,osm_cache:Bangalore
12.9603157,77.5930493,,hospital,Karnataka,osm_cache:Bangalore
13.001457,77.5692378,,clinic,Karnataka,osm_cache:Bangalore
12.9577112,77.7009592,,clinic,Karnataka,osm_cache:Bangalore
12.9368818,77.5820785,,clinic,Karnataka,osm_cache:Bangalore
12.9702623,77.6466852,,clinic,Karnataka,osm_cache:Bangalore
12.9591233,77.661584,,clinic,Karnataka,osm_cache:Bangalore
12.9591707,77.6529125,,clinic,Karnataka,osm_cache:Bangalore
12.9674907,77.5998658,,clinic,Karnataka,osm_cache:Bangalore
12.9647271,77.5964702,,clinic,Karnataka,osm_cache:Bangalore
12.9584755,77.5919279,,hospital,Karnataka,osm_cache:Bangalore
12.9575422,77.6550504,,clinic,Karnataka,osm_cache:Bangalore
13.0084004,77.5631918,,doctors,Karnataka,osm_cache:Bangalore
12.9292418,77.5893625,,hospital,Karnataka,osm_cache:Bangalore
12.9792883,77.6429513,,clinic,Karnataka,osm_cache:Bangalore
12.9786379,77.6410899,,clinic,Karnataka,osm_cache:Bangalore
12.9609208,77.5490696,,clinic,Karnataka,osm_cache:Bangalore
12.9677777,77.545264,,clinic,Karnataka,osm_cache:Bangalore
12.964313,77.5489284,,doctors,Karnataka,osm_cache:Bangalore
12.9621886,77.5493658,,clinic,Karnataka,osm_cache:Bangalore
12.9609197,77.5483084,,clinic,Karnataka,osm_cache:Bangalore
12.9616399,77.5484171,,clinic,Karnataka,osm_cache:Bangalore
12.9640632,77.5509417,,clinic,Karnataka,osm_cache:Bangalore
12.9869198,77.532286,,clinic,Karnataka,osm_cache:Bangalore
12.9799211,77.6394964,,clinic,Karnataka,osm_cache:Bangalore
12.9871041,77.6620214,,clinic,Karnataka,osm_cache:Bangalore
12.9926543,77.6803272,,doctors,Karnataka,osm_cache:Bangalore
12.9830395,77.6805944,,clinic,Karnataka,osm_cache:Bangalore
12.9767055,77.5424167,,hospital,Karnataka,osm_cache:Bangalore
12.9862101,77.6623936,,clinic,Karnataka,osm_cache:Bangalore
13.0206063,77.6445361,,hospital,Karnataka,osm_cache:Bangalore
12.9577751,77.5688772,,clinic,Karnataka,osm_cache:Bangalore
12.9066637,77.6287463,,hospital,Karnataka,osm_cache:Bangalore
12.918753,77.520891,,clinic,Karnataka,osm_cache:Bangalore
12.9852284,77.6740857,,clinic,Karnataka,osm_cache:Bangalore
12.9794006,77.6803999,,doctors,Karnataka,osm_cache:Bangalore
13.0147612,77.6335463,,hospital,Karnataka,osm_cache:Bangalore
12.9783826,77.6358475,,clinic,Karnataka,osm_cache:Bangalore
12.9704543,77.6531443,,clinic,Karnataka,osm_cache:Bangalore
12.9777082,77.6323407,,hospital,Karnataka,osm_cache:Bangalore
13.0134659,77.6605864,,clinic,Karnataka,osm_cache:Bangalore
13.0488673,77.5972326,,doctors,Karnataka,osm_cache:Bangalore
12.9701903,77.6433281,,clinic,Karnataka,osm_cache:Bangalore
12.9696986,77.6362493,,clinic,Karnataka,osm_cache:Bangalore
12.9605285,77.640123,,clinic,Karnataka,osm_cache:Bangalore
12.9701484,77.6372594,,clinic,Karnataka,osm_cache:Bangalore
12.9700356,77.6362439,,hospital,Karnataka,osm_cache:Bangalore
12.9599306,77.7160447,,hospital,Karnataka,osm_cache:Bangalore
12.9511087,77.5697771,,clinic,Karnataka,osm_cache:Bangalore
12.9850421,77.5460481,,hospital,Karnataka,osm_cache:Bangalore
12.9485535,77.5748248,,hospital,Karnataka,osm_cache:Bangalore
13.0169826,77.6432959,,hospital,Karnataka,osm_cache:Bangalore
13.0244383,77.6032696,,clinic,Karnataka,osm_cache:Bangalore
13.0253734,77.60357,,clinic,Karnataka,osm_cache:Bangalore
13.0273712,77.6043059,,clinic,Karnataka,osm_cache:Bangalore
13.0240899,77.603228,,clinic,Karnataka,osm_cache:Bangalore
13.0275104,77.6043235,,clinic,Karnataka,osm_cache:Bangalore
13.0272795,77.6042868,,clinic,Karnataka,osm_cache:Bangalore
13.0267226,77.6041132,,hospital,Karnataka,osm_cache:Bangalore
12.9368104,77.6206345,,hospital,Karnataka,osm_cache:Bangalore
13.0450684,77.5206611,,doctors,Karnataka,osm_cache:Bangalore
12.9717049,77.5493718,,hospital,Karnataka,osm_cache:Bangalore
12.8615976,77.5999324,,hospital,Karnataka,osm_cache:Bangalore
12.911533,77.6764094,,hospital,Karnataka,osm_cache:Bangalore
12.9124371,77.6813917,,hospital,Karnataka,osm_cache:Bangalore
12.9072384,77.6755805,,hospital,Karnataka,osm_cache:Bangalore
12.9041502,77.6741043,,hospital,Karnataka,osm_cache:Bangalore
12.9067775,77.6837164,,clinic,Karnataka,osm_cache:Bangalore
12.9559986,77.6935412,,clinic,Karnataka,osm_cache:Bangalore
12.8750879,77.5950098,,hospital,Karnataka,osm_cache:Bangalore
12.9121008,77.6820003,,hospital,Karnataka,osm_cache:Bangalore
12.9217604,77.6618321,,hospital,Karnataka,osm_cache:Bangalore
12.9185476,77.6708429,,clinic,Karnataka,osm_cache:Bangalore
12.9188314,77.6697997,,clinic,Karnataka,osm_cache:Bangalore
12.9151576,77.6995704,,clinic,Karnataka,osm_cache:Bangalore
12.926508,77.6698733,,clinic,Karnataka,osm_cache:Bangalore
12.9142524,77.6651948,,clinic,Karnataka,osm_cache:Bangalore
12.9142471,77.6791715,,clinic,Karnataka,osm_cache:Bangalore
12.8901398,77.6734141,,clinic,Karnataka,osm_cache:Bangalore
12.9122002,77.6818637,,hospital,Karnataka,osm_cache:Bangalore
12.9194712,77.6130111,,hospital,Karnataka,osm_cache:Bangalore
12.9161259,77.6311505,,hospital,Karnataka,osm_cache:Bangalore
12.9250105,77.6278708,,hospital,Karnataka,osm_cache:Bangalore
12.9261953,77.5847378,,clinic,Karnataka,osm_cache:Bangalore
12.9140773,77.6668361,,clinic,Karnataka,osm_cache:Bangalore
12.9220379,77.6720713,,clinic,Karnataka,osm_cache:Bangalore
12.9052805,77.6957796,,clinic,Karnataka,osm_cache:Bangalore
12.9164549,77.6732085,,clinic,Karnataka,osm_cache:Bangalore
12.9080736,77.6758988,,clinic,Karnataka,osm_cache:Bangalore
12.9001458,77.6753736,,clinic,Karnataka,osm_cache:Bangalore
12.9247643,77.6382862,,clinic,Karnataka,osm_cache:Bangalore
12.9182603,77.6381293,,clinic,Karnataka,osm_cache:Bangalore
12.9151071,77.5624888,,hospital,Karnataka,osm_cache:Bangalore
13.00546,77.5563835,,clinic,Karnataka,osm_cache:Bangalore
12.9060641,77.6049776,,hospital,Karnataka,osm_cache:Bangalore
12.9390944,77.5619057,,hospital,Karnataka,osm_cache:Bangalore
12.9703581,77.63022,,hospital,Karnataka,osm_cache:Bangalore
12.9179831,77.6691258,,hospital,Karnataka,osm_cache:Bangalore
13.0241409,77.637316,,clinic,Karnataka,osm_cache:Bangalore
13.0158543,77.7033173,,hospital,Karnataka,osm_cache:Bangalore
12.999009,77.5797442,,clinic,Karnataka,osm_cache:Bangalore
12.927082,77.6034417,,clinic,Karnataka,osm_cache:Bangalore
12.9240063,77.6545058,,hospital,Karnataka,osm_cache:Bangalore
12.970248,77.6470414,,clinic,Karnataka,osm_cache:Bangalore
12.966771,77.5349228,,hospital,Karnataka,osm_cache:Bangalore
12.9951627,77.5738144,,hospital,Karnataka,osm_cache:Bangalore
13.0009261,77.5732095,,clinic,Karnataka,osm_cache:Bangalore
13.0053923,77.5713352,,hospital,Karnataka,osm_cache:Bangalore
13.0072979,77.5708356,,clinic,Karnataka,osm_cache:Bangalore
12.9366734,77.6228961,,clinic,Karnataka,osm_cache:Bangalore
12.975403,77.6470594,,hospital,Karnataka,osm_cache:Bangalore
12.973892,77.6460904,,hospital,Karnataka,osm_cache:Bangalore
12.9717331,77.6357884,,clinic,Karnataka,osm_cache:Bangalore
12.9891818,77.689783,,hospital,Karnataka,osm_cache:Bangalore
13.037145,77.5916005,,clinic,Karnataka,osm_cache:Bangalore
13.0292674,77.6045683,,clinic,Karnataka,osm_cache:Bangalore
13.0316481,77.6023154,,hospital,Karnataka,osm_cache:Bangalore
13.0203944,77.6512682,,hospital,Karnataka,osm_cache:Bangalore
12.9003193,77.6008061,,hospital,Karnataka,osm_cache:Bangalore
13.0087504,77.6939806,,hospital,Karnataka,osm_cache:Bangalore
13.0110115,77.6935975,,hospital,Karnataka,osm_cache:Bangalore
13.0048396,77.7036425,,hospital,Karnataka,osm_cache:Bangalore
12.9666655,77.6366205,,clinic,Karnataka,osm_cache:Bangalore
12.966146,77.6373342,,clinic,Karnataka,osm_cache:Bangalore
12.9525048,77.7061945,,clinic,Karnataka,osm_cache:Bangalore
12.9783265,77.6450388,,clinic,Karnataka,osm_cache:Bangalore
12.9525519,77.7059853,,clinic,Karnataka,osm_cache:Bangalore
12.9782019,77.6423975,,clinic,Karnataka,osm_cache:Bangalore
12.9702741,77.6468603,,hospital,Karnataka,osm_cache:Bangalore
12.980097,77.6391546,,clinic,Karnataka,osm_cache:Bangalore
12.9876871,77.6093097,,hospital,Karnataka,osm_cache:Bangalore
12.9856985,77.6058578,,hospital,Karnataka,osm_cache:Bangalore
12.9821279,77.5982064,,clinic,Karnataka,osm_cache:Bangalore
13.0410852,77.5905288,,clinic,Karnataka,osm_cache:Bangalore
12.9959413,77.6082575,,hospital,Karnataka,osm_cache:Bangalore
12.9805291,77.6032027,,clinic,Karnataka,osm_cache:Bangalore
12.9914123,77.6117329,,hospital,Karnataka,osm_cache:Bangalore
12.915785,77.6194045,,clinic,Karnataka,osm_cache:Bangalore
12.9127062,77.6201668,,hospital,Karnataka,osm_cache:Bangalore
12.9552696,77.6428508,,hospital,Karnataka,osm_cache:Bangalore
12.9891941,77.6037864,,hospital,Karnataka,osm_cache:Bangalore
12.9705436,77.5834769,,hospital,Karnataka,osm_cache:Bangalore
12.9920968,77.570594,,clinic,Karnataka,osm_cache:Bangalore
12.9818448,77.6062936,,clinic,Karnataka,osm_cache:Bangalore
12.9799788,77.6056145,,clinic,Karnataka,osm_cache:Bangalore
13.0325717,77.5582602,,hospital,Karnataka,osm_cache:Bangalore
12.9863736,77.5793154,,hospital,Karnataka,osm_cache:Bangalore
12.9446323,77.678789,,clinic,Karnataka,osm_cache:Bangalore
13.0021664,77.5742095,,clinic,Karnataka,osm_cache:Bangalore
12.9881648,77.5548179,,hospital,Karnataka,osm_cache:Bangalore
12.9165359,77.6361865,,hospital,Karnataka,osm_cache:Bangalore
12.9165795,77.6362187,,hospital,Karnataka,osm_cache:Bangalore
12.8830054,77.6073285,,hospital,Karnataka,osm_cache:Bangalore
12.9344224,77.6299785,,hospital,Karnataka,osm_cache:Bangalore
12.9175511,77.6039486,,hospital,Karnataka,osm_cache:Bangalore
12.9566683,77.7099226,,clinic,Karnataka,osm_cache:Bangalore
12.9667253,77.6378289,,hospital,Karnataka,osm_cache:Bangalore
12.9523153,77.7002928,,clinic,Karnataka,osm_cache:Bangalore
12.955617,77.7193679,,clinic,Karnataka,osm_cache:Bangalore
12.9567879,77.7413601,,clinic,Karnataka,osm_cache:Bangalore
12.9184267,77.6518482,,clinic,Karnataka,osm_cache:Bangalore
12.9969562,77.6966407,,clinic,Karnataka,osm_cache:Bangalore
12.9422807,77.6208282,,clinic,Karnataka,osm_cache:Bangalore
13.0204424,77.6440607,,hospital,Karnataka,osm_cache:Bangalore
12.9378359,77.5573329,,hospital,Karnataka,osm_cache:Bangalore
12.9785997,77.6419982,,clinic,Karnataka,osm_cache:Bangalore
12.8526731,77.6676459,,hospital,Karnataka,osm_cache:Bangalore
12.9386994,77.5518394,,hospital,Karnataka,osm_cache:Bangalore
12.9373748,77.5494778,,hospital,Karnataka,osm_cache:Bangalore
12.9354293,77.5477956,,hospital,Karnataka,osm_cache:Bangalore
12.9420715,77.553698,,hospital,Karnataka,osm_cache:Bangalore
12.9408667,77.5603657,,hospital,Karnataka,osm_cache:Bangalore
12.9420124,77.5506918,,hospital,Karnataka,osm_cache:Bangalore
12.943838,77.5537472,,clinic,Karnataka,osm_cache:Bangalore
12.9274553,77.5516293,,hospital,Karnataka,osm_cache:Bangalore
12.9389007,77.5438808,,hospital,Karnataka,osm_cache:Bangalore
12.9316792,77.5450887,,hospital,Karnataka,osm_cache:Bangalore
12.9263669,77.5546536,,clinic,Karnataka,osm_cache:Bangalore
12.9566858,77.7419283,,hospital,Karnataka,osm_cache:Bangalore
12.9242825,77.6170883,,hospital,Karnataka,osm_cache:Bangalore
12.9226321,77.5935954,,clinic,Karnataka,osm_cache:Bangalore
12.9306698,77.5812807,,clinic,Karnataka,osm_cache:Bangalore
12.9384167,77.5572651,,clinic,Karnataka,osm_cache:Bangalore
12.9341676,77.5837638,,clinic,Karnataka,osm_cache:Bangalore
12.9946163,77.6023871,,hospital,Karnataka,osm_cache:Bangalore
13.0082375,77.566471,,clinic,Karnataka,osm_cache:Bangalore
12.9207711,77.5867591,,clinic,Karnataka,osm_cache:Bangalore
12.926767,77.5965015,,clinic,Karnataka,osm_cache:Bangalore
12.9984229,77.5403887,,hospital,Karnataka,osm_cache:Bangalore
13.0081626,77.5645162,,clinic,Karnataka,osm_cache:Bangalore
13.0034429,77.6629393,,clinic,Karnataka,osm_cache:Bangalore
12.9575029,77.5276466,,hospital,Karnataka,osm_cache:Bangalore
12.9322647,77.5890953,,clinic,Karnataka,osm_cache:Bangalore
12.9573897,77.5276882,,hospital,Karnataka,osm_cache:Bangalore
12.937327,77.6240168,,clinic,Karnataka,osm_cache:Bangalore
12.930019,77.584183,,clinic,Karnataka,osm_cache:Bangalore
12.9594984,77.5275515,,hospital,Karnataka,osm_cache:Bangalore
12.9735891,77.5443283,,hospital,Karnataka,osm_cache:Bangalore
13.0029689,77.5526666,,hospital,Karnataka,osm_cache:Bangalore
12.9644231,77.5333324,,hospital,Karnataka,osm_cache:Bangalore
12.9787049,77.5403581,,hospital,Karnataka,osm_cache:Bangalore
12.968821,77.5246297,,hospital,Karnataka,osm_cache:Bangalore
12.9691657,77.5351921,,hospital,Karnataka,osm_cache:Bangalore
12.9768117,77.5449094,,hospital,Karnataka,osm_cache:Bangalore
12.9621516,77.533401,,hospital,Karnataka,osm_cache:Bangalore
12.9353208,77.6205504,,hospital,Karnataka,osm_cache:Bangalore
12.9603312,77.5300796,,hospital,Karnataka,osm_cache:Bangalore
12.9717905,77.5372864,,hospital,Karnataka,osm_cache:Bangalore
12.9649703,77.5389842,,hospital,Karnataka,osm_cache:Bangalore
12.9683009,77.5377378,,clinic,Karnataka,osm_cache:Bangalore
12.958321,77.5350434,,hospital,Karnataka,osm_cache:Bangalore
12.9639998,77.5302683,,hospital,Karnataka,osm_cache:Bangalore
12.9338298,77.6199371,,clinic,Karnataka,osm_cache:Bangalore
12.9706209,77.5151893,,hospital,Karnataka,osm_cache:Bangalore
12.957572,77.5184436,,hospital,Karnataka,osm_cache:Bangalore
12.9062193,77.580682,,hospital,Karnataka,osm_cache:Bangalore
12.9947201,77.5715879,,hospital,Karnataka,osm_cache:Bangalore
12.9698405,77.5327211,,hospital,Karnataka,osm_cache:Bangalore
12.9312101,77.5756907,,hospital,Karnataka,osm_cache:Bangalore
12.8584183,77.6653346,,hospital,Karnataka,osm_cache:Bangalore
12.9059465,77.5904192,,hospital,Karnataka,osm_cache:Bangalore
12.9039905,77.5859569,,hospital,Karnataka,osm_cache:Bangalore
12.9067129,77.6265085,,hospital,Karnataka,osm_cache:Bangalore
12.9009278,77.5986641,,hospital,Karnataka,osm_cache:Bangalore
12.853228,77.6653506,,hospital,Karnataka,osm_cache:Bangalore
13.0096231,77.6924713,,hospital,Karnataka,osm_cache:Bangalore
12.9571256,77.5262369,,clinic,Karnataka,osm_cache:Bangalore
12.9458746,77.5877756,,hospital,Karnataka,osm_cache:Bangalore
12.927672,77.6012024,,clinic,Karnataka,osm_cache:Bangalore
12.924274,77.5680927,,hospital,Karnataka,osm_cache:Bangalore
12.9242869,77.6532853,,hospital,Karnataka,osm_cache:Bangalore
12.907453,77.5785311,,clinic,Karnataka,osm_cache:Bangalore
12.8943049,77.5682821,,hospital,Karnataka,osm_cache:Bangalore
12.894686,77.5685594,,clinic,Karnataka,osm_cache:Bangalore
12.9729847,77.6475018,,clinic,Karnataka,osm_cache:Bangalore
12.9803998,77.6466782,,clinic,Karnataka,osm_cache:Bangalore
13.0044499,77.5530755,,hospital,Karnataka,osm_cache:Bangalore
12.995573,77.5354215,,hospital,Karnataka,osm_cache:Bangalore
12.9736773,77.6479562,,doctors,Karnataka,osm_cache:Bangalore
13.0120509,77.6998816,,hospital,Karnataka,osm_cache:Bangalore
12.9709463,77.5451059,,hospital,Karnataka,osm_cache:Bangalore
12.9681925,77.5455125,,clinic,Karnataka,osm_cache:Bangalore
12.9056092,77.5426964,,hospital,Karnataka,osm_cache:Bangalore
13.0130826,77.5761449,,hospital,Karnataka,osm_cache:Bangalore
12.9983402,77.6200927,,hospital,Karnataka,osm_cache:Bangalore
12.9921093,77.5380224,,doctors,Karnataka,osm_cache:Bangalore
12.9306876,77.5794541,,hospital,Karnataka,osm_cache:Bangalore
13.006013,77.5785274,,doctors,Karnataka,osm_cache:Bangalore
12.9978934,77.6203017,,clinic,Karnataka,osm_cache:Bangalore
12.9563554,77.65491,,doctors,Karnataka,osm_cache:Bangalore
12.9984887,77.5504219,,hospital,Karnataka,osm_cache:Bangalore
12.9891957,77.663856,,clinic,Karnataka,osm_cache:Bangalore
12.9168014,77.5851878,,hospital,Karnataka,osm_cache:Bangalore
12.997613,77.5509423,,hospital,Karnataka,osm_cache:Bangalore
12.9397588,77.59445,,hospital,Karnataka,osm_cache:Bangalore
12.984816,77.6656733,,clinic,Karnataka,osm_cache:Bangalore
12.9861537,77.6708546,,clinic,Karnataka,osm_cache:Bangalore
13.0215807,77.7128053,,hospital,Karnataka,osm_cache:Bangalore
12.9817167,77.6800412,,hospital,Karnataka,osm_cache:Bangalore
12.9816919,77.6799027,,clinic,Karnataka,osm_cache:Bangalore
12.8353029,77.6846873,,clinic,Karnataka,osm_cache:Bangalore
12.9835135,77.554155,,clinic,Karnataka,osm_cache:Bangalore
13.0151589,77.6451446,,clinic,Karnataka,osm_cache:Bangalore
12.9989452,77.5497945,,clinic,Karnataka,osm_cache:Bangalore
12.9400669,77.5931597,,hospital,Karnataka,osm_cache:Bangalore
12.9404277,77.5988406,,hospital,Karnataka,osm_cache:Bangalore
12.9320032,77.6229997,,clinic,Karnataka,osm_cache:Bangalore
12.9876335,77.6851595,,hospital,Karnataka,osm_cache:Bangalore
12.9716236,77.6273835,,hospital,Karnataka,osm_cache:Bangalore
12.9555357,77.5918347,,hospital,Karnataka,osm_cache:Bangalore
12.9791268,77.6154453,,clinic,Karnataka,osm_cache:Bangalore
13.0103924,77.6484101,,clinic,Karnataka,osm_cache:Bangalore
13.014746,77.6357881,,hospital,Karnataka,osm_cache:Bangalore
12.9664015,77.6037829,,clinic,Karnataka,osm_cache:Bangalore
13.0080001,77.5837482,,hospital,Karnataka,osm_cache:Bangalore
12.9418173,77.5938336,,clinic,Karnataka,osm_cache:Bangalore
13.0336328,77.6749574,,clinic,Karnataka,osm_cache:Bangalore
12.9219428,77.589423,,clinic,Karnataka,osm_cache:Bangalore
12.9264403,77.5880677,,doctors,Karnataka,osm_cache:Bangalore
12.926352,77.5879715,,doctors,Karnataka,osm_cache:Bangalore
12.9597752,77.6569127,,hospital,Karnataka,osm_cache:Bangalore
13.0090912,77.656317,,hospital,Karnataka,osm_cache:Bangalore
13.0104342,77.6583242,,hospital,Karnataka,osm_cache:Bangalore
12.9849537,77.5569222,,hospital,Karnataka,osm_cache:Bangalore
12.9657964,77.6051237,,clinic,Karnataka,osm_cache:Bangalore
12.9918415,77.5968531,,hospital,Karnataka,osm_cache:Bangalore
13.011845,77.5526061,,hospital,Karnataka,osm_cache:Bangalore
12.9724554,77.6491752,,clinic,Karnataka,osm_cache:Bangalore
12.9729726,77.6463407,,clinic,Karnataka,osm_cache:Bangalore
12.9982738,77.5526311,,clinic,Karnataka,osm_cache:Bangalore
12.9870483,77.5785854,,clinic,Karnataka,osm_cache:Bangalore
12.939466,77.5776226,,clinic,Karnataka,osm_cache:Bangalore
12.9288378,77.5868945,,clinic,Karnataka,osm_cache:Bangalore
12.9472091,77.5966914,,hospital,Karnataka,osm_cache:Bangalore
12.933223,77.5842632,,hospital,Karnataka,osm_cache:Bangalore
12.9292156,77.5646498,,clinic,Karnataka,osm_cache:Bangalore
12.9638701,77.5499513,,clinic,Karnataka,osm_cache:Bangalore
12.966103,77.5549647,,hospital,Karnataka,osm_cache:Bangalore
12.9403849,77.5945391,,hospital,Karnataka,osm_cache:Bangalore
12.9138086,77.5273633,,hospital,Karnataka,osm_cache:Bangalore
12.9719805,77.6474011,,hospital,Karnataka,osm_cache:Bangalore
12.9553571,77.657218,,doctors,Karnataka,osm_cache:Bangalore
12.9306675,77.5474147,,clinic,Karnataka,osm_cache:Bangalore
12.9385197,77.5491576,,clinic,Karnataka,osm_cache:Bangalore
12.9391628,77.5513114,,clinic,Karnataka,osm_cache:Bangalore
12.9388589,77.5520356,,doctors,Karnataka,osm_cache:Bangalore
12.9386711,77.5523947,,doctors,Karnataka,osm_cache:Bangalore
12.9386132,77.5527256,,clinic,Karnataka,osm_cache:Bangalore
12.9386112,77.5522723,,clinic,Karnataka,osm_cache:Bangalore
12.9492282,77.5798434,,doctors,Karnataka,osm_cache:Bangalore
12.9495484,77.5802739,,doctors,Karnataka,osm_cache:Bangalore
12.9379792,77.6998965,,clinic,Karnataka,osm_cache:Bangalore
12.9611724,77.6346628,,clinic,Karnataka,osm_cache:Bangalore
13.0562451,77.6012716,,clinic,Karnataka,osm_cache:Bangalore
13.0552316,77.6012225,,clinic,Karnataka,osm_cache:Bangalore
13.0553431,77.6018446,,clinic,Karnataka,osm_cache:Bangalore
13.0558683,77.6001085,,clinic,Karnataka,osm_cache:Bangalore
13.0554023,77.6020789,,clinic,Karnataka,osm_cache:Bangalore
13.0554795,77.6023622,,clinic,Karnataka,osm_cache:Bangalore
13.055404,77.6027452,,clinic,Karnataka,osm_cache:Bangalore
13.0552027,77.6028234,,hospital,Karnataka,osm_cache:Bangalore
13.0554599,77.6031448,,clinic,Karnataka,osm_cache:Bangalore
13.0554013,77.6032044,,clinic,Karnataka,osm_cache:Bangalore
13.0687767,77.6034496,,clinic,Karnataka,osm_cache:Bangalore
13.0020126,77.5521886,,clinic,Karnataka,osm_cache:Bangalore
12.9090385,77.5529858,,clinic,Karnataka,osm_cache:Bangalore
12.985206,77.5557887,,clinic,Karnataka,osm_cache:Bangalore
12.9898418,77.555723,,clinic,Karnataka,osm_cache:Bangalore
12.9092991,77.5516337,,clinic,Karnataka,osm_cache:Bangalore
12.9746231,77.6358561,,clinic,Karnataka,osm_cache:Bangalore
12.9542624,77.5709473,,hospital,Karnataka,osm_cache:Bangalore
12.9759272,77.6381679,,doctors,Karnataka,osm_cache:Bangalore
12.9743525,77.6385763,,clinic,Karnataka,osm_cache:Bangalore
12.9939752,77.5391801,,hospital,Karnataka,osm_cache:Bangalore
12.9878631,77.6177434,,hospital,Karnataka,osm_cache:Bangalore
12.9677607,77.5413282,,hospital,Karnataka,osm_cache:Bangalore
12.9362087,77.616947,,hospital,Karnataka,osm_cache:Bangalore
12.9338175,77.6201615,,hospital,Karnataka,osm_cache:Bangalore
12.9256013,77.6359638,,hospital,Karnataka,osm_cache:Bangalore
12.881611,77.6260763,,hospital,Karnataka,osm_cache:Bangalore
12.9138052,77.6366855,,clinic,Karnataka,osm_cache:Bangalore
13.066842,77.6390545,,hospital,Karnataka,osm_cache:Bangalore
12.900671,77.5866393,,clinic,Karnataka,osm_cache:Bangalore
12.9006755,77.5872566,,clinic,Karnataka,osm_cache:Bangalore
12.8998226,77.5859426,,clinic,Karnataka,osm_cache:Bangalore
12.9366526,77.6277125,,hospital,Karnataka,osm_cache:Bangalore
12.9710931,77.6942293,,clinic,Karnataka,osm_cache:Bangalore
12.9441674,77.5266203,,clinic,Karnataka,osm_cache:Bangalore
13.0711049,77.5781394,,hospital,Karnataka,osm_cache:Bangalore
12.8437851,77.6659275,,hospital,Karnataka,osm_cache:Bangalore
12.9781293,77.6372391,,hospital,Karnataka,osm_cache:Bangalore
12.9882645,77.573415,,clinic,Karnataka,osm_cache:Bangalore
12.9807967,77.6297271,,clinic,Karnataka,osm_cache:Bangalore
13.011214,77.6979598,,hospital,Karnataka,osm_cache:Bangalore
12.9861643,77.5491935,,clinic,Karnataka,osm_cache:Bangalore
12.9685789,77.6457822,,clinic,Karnataka,osm_cache:Bangalore
12.9821954,77.5493143,,hospital,Karnataka,osm_cache:Bangalore
12.9776998,77.644514,,clinic,Karnataka,osm_cache:Bangalore
12.9713553,77.6066004,,clinic,Karnataka,osm_cache:Bangalore
12.8791199,77.6382724,,clinic,Karnataka,osm_cache:Bangalore
12.8743639,77.6406876,,clinic,Karnataka,osm_cache:Bangalore
12.9846479,77.5717284,,clinic,Karnataka,osm_cache:Bangalore
13.0665572,77.59647,,hospital,Karnataka,osm_cache:Bangalore
13.0665055,77.5966478,,clinic,Karnataka,osm_cache:Bangalore
13.0182102,77.540004,,hospital,Karnataka,osm_cache:Bangalore
13.016705,77.539386,,hospital,Karnataka,osm_cache:Bangalore
13.0175606,77.5394308,,hospital,Karnataka,osm_cache:Bangalore
12.9158516,77.5593919,,hospital,Karnataka,osm_cache:Bangalore
12.9998982,77.5501121,,hospital,Karnataka,osm_cache:Bangalore
12.934003,77.5841388,,clinic,Karnataka,osm_cache:Bangalore
12.9195379,77.6328425,,clinic,Karnataka,osm_cache:Bangalore
12.9438106,77.5974722,,clinic,Karnataka,osm_cache:Bangalore
12.9230293,77.5867903,,clinic,Karnataka,osm_cache:Bangalore
12.9208019,77.5872302,,clinic,Karnataka,osm_cache:Bangalore
12.9948905,77.5347984,,hospital,Karnataka,osm_cache:Bangalore
12.959352,77.567929,,clinic,Karnataka,osm_cache:Bangalore
12.9376087,77.5666429,,hospital,Karnataka,osm_cache:Bangalore
13.0237316,77.5941463,,hospital,Karnataka,osm_cache:Bangalore
12.9981979,77.568151,,hospital,Karnataka,osm_cache:Bangalore
12.9497745,77.5802779,,hospital,Karnataka,osm_cache:Bangalore
13.0020449,77.5723708,,clinic,Karnataka,osm_cache:Bangalore
13.0261691,77.5984029,,clinic,Karnataka,osm_cache:Bangalore
13.0370143,77.6238732,,hospital,Karnataka,osm_cache:Bangalore
12.9998457,77.5663653,,hospital,Karnataka,osm_cache:Bangalore
13.0227778,77.5182116,,clinic,Karnataka,osm_cache:Bangalore
12.9377943,77.5650564,,clinic,Karnataka,osm_cache:Bangalore
12.9829857,77.5309655,,hospital,Karnataka,osm_cache:Bangalore
13.0289685,77.6045479,,hospital,Karnataka,osm_cache:Bangalore
13.0204141,77.6735102,,clinic,Karnataka,osm_cache:Bangalore
12.9244632,77.5535296,,clinic,Karnataka,osm_cache:Bangalore
12.9575968,77.5189881,,clinic,Karnataka,osm_cache:Bangalore
12.9690441,77.5688544,,hospital,Karnataka,osm_cache:Bangalore
12.9878104,77.5809833,,hospital,Karnataka,osm_cache:Bangalore
12.9822186,77.5599374,,hospital,Karnataka,osm_cache:Bangalore
12.9848505,77.5581537,,clinic,Karnataka,osm_cache:Bangalore
12.9845343,77.5532775,,clinic,Karnataka,osm_cache:Bangalore
12.9845512,77.5528322,,hospital,Karnataka,osm_cache:Bangalore
12.9897745,77.5551014,,hospital,Karnataka,osm_cache:Bangalore
13.0020083,77.5763887,,clinic,Karnataka,osm_cache:Bangalore
13.0004311,77.5663774,,clinic,Karnataka,osm_cache:Bangalore
13.0058226,77.5694512,,hospital,Karnataka,osm_cache:Bangalore
13.0074887,77.5708352,,clinic,Karnataka,osm_cache:Bangalore
13.0079604,77.5624908,,clinic,Karnataka,osm_cache:Bangalore
13.0077265,77.5696993,,hospital,Karnataka,osm_cache:Bangalore
12.9932806,77.580691,,hospital,Karnataka,osm_cache:Bangalore
13.0089953,77.5406188,,hospital,Karnataka,osm_cache:Bangalore
12.8919509,77.5799654,,hospital,Karnataka,osm_cache:Bangalore
12.9992083,77.550269,,hospital,Karnataka,osm_cache:Bangalore
12.9579894,77.5114394,,hospital,Karnataka,osm_cache:Bangalore
13.0398217,77.6230843,,hospital,Karnataka,osm_cache:Bangalore
12.9844415,77.603471,,clinic,Karnataka,osm_cache:Bangalore
12.941871,77.6081394,,clinic,Karnataka,osm_cache:Bangalore
12.9215013,77.5655432,,hospital,Karnataka,osm_cache:Bangalore
12.9966677,77.5716037,,hospital,Karnataka,osm_cache:Bangalore
12.9933551,77.5729595,,hospital,Karnataka,osm_cache:Bangalore
12.99111,77.5777982,,clinic,Karnataka,osm_cache:Bangalore
12.9989833,77.5802015,,hospital,Karnataka,osm_cache:Bangalore
12.9256932,77.5773127,,hospital,Karnataka,osm_cache:Bangalore
12.9122295,77.5994906,,hospital,Karnataka,osm_cache:Bangalore
12.926471,77.6167399,,hospital,Karnataka,osm_cache:Bangalore
12.9339097,77.620208,,hospital,Karnataka,osm_cache:Bangalore
12.9118831,77.5528805,,hospital,Karnataka,osm_cache:Bangalore
12.9650437,77.5435022,,hospital,Karnataka,osm_cache:Bangalore
12.9765645,77.5455876,,hospital,Karnataka,osm_cache:Bangalore
12.9989898,77.5776748,,clinic,Karnataka,osm_cache:Bangalore
12.9711822,77.5781228,,hospital,Karnataka,osm_cache:Bangalore
12.95727,77.5640827,,hospital,Karnataka,osm_cache:Bangalore
12.9572978,77.5644522,,hospital,Karnataka,osm_cache:Bangalore
12.9583613,77.5713274,,clinic,Karnataka,osm_cache:Bangalore
12.9463129,77.5796349,,clinic,Karnataka,osm_cache:Bangalore
12.9406698,77.5644596,,hospital,Karnataka,osm_cache:Bangalore
12.9404548,77.5578493,,hospital,Karnataka,osm_cache:Bangalore
12.9253299,77.5711893,,hospital,Karnataka,osm_cache:Bangalore
12.9276382,77.568896,,hospital,Karnataka,osm_cache:Bangalore
12.9266919,77.5648968,,clinic,Karnataka,osm_cache:Bangalore
12.9386321,77.5944105,,hospital,Karnataka,osm_cache:Bangalore
12.9291283,77.5461361,,hospital,Karnataka,osm_cache:Bangalore
12.9176216,77.5550705,,hospital,Karnataka,osm_cache:Bangalore
12.963001,77.7179866,,clinic,Karnataka,osm_cache:Bangalore
12.9817311,77.5333714,,hospital,Karnataka,osm_cache:Bangalore
12.9881868,77.5087273,,hospital,Karnataka,osm_cache:Bangalore
13.0090828,77.6235594,,hospital,Karnataka,osm_cache:Bangalore
12.9278657,77.5519297,,hospital,Karnataka,osm_cache:Bangalore
12.8822813,77.5957945,,hospital,Karnataka,osm_cache:Bangalore
12.924624,77.6170966,,hospital,Karnataka,osm_cache:Bangalore
13.0223669,77.5587304,,hospital,Karnataka,osm_cache:Bangalore
12.9995426,77.6107599,,clinic,Karnataka,osm_cache:Bangalore
12.9132125,77.6448494,,clinic,Karnataka,osm_cache:Bangalore
13.0333056,77.5558276,,clinic,Karnataka,osm_cache:Bangalore
12.917589,77.5948906,,hospital,Karnataka,osm_cache:Bangalore
13.0228314,77.5863478,,clinic,Karnataka,osm_cache:Bangalore
12.9417462,77.580349,,clinic,Karnataka,osm_cache:Bangalore
12.973992,77.5410224,,clinic,Karnataka,osm_cache:Bangalore
12.976032,77.6254061,,clinic,Karnataka,osm_cache:Bangalore
12.9491537,77.5978383,,clinic,Karnataka,osm_cache:Bangalore
13.0241654,77.6033556,,clinic,Karnataka,osm_cache:Bangalore
13.0103817,77.7064115,,clinic,Karnataka,osm_cache:Bangalore
12.9103393,77.5732398,,hospital,Karnataka,osm_cache:Bangalore
12.9551501,77.7051643,,hospital,Karnataka,osm_cache:Bangalore
12.9079615,77.6235715,,hospital,Karnataka,osm_cache:Bangalore
13.0086882,77.6431717,,clinic,Karnataka,osm_cache:Bangalore
12.9255233,77.5937748,,hospital,Karnataka,osm_cache:Bangalore
13.024837,77.592089,,hospital,Karnataka,osm_cache:Bangalore
13.0186045,77.6479433,,hospital,Karnataka,osm_cache:Bangalore
12.9911349,77.6126146,,clinic,Karnataka,osm_cache:Bangalore
12.9336404,77.5829253,,clinic,Karnataka,osm_cache:Bangalore
13.0250141,77.5856289,,hospital,Karnataka,osm_cache:Bangalore
12.9566544,77.5635275,,clinic,Karnataka,osm_cache:Bangalore
12.9421755,77.5941208,,clinic,Karnataka,osm_cache:Bangalore
12.9366323,77.5740431,,clinic,Karnataka,osm_cache:Bangalore
12.9163994,77.5847384,,hospital,Karnataka,osm_cache:Bangalore
12.9347671,77.5873697,,clinic,Karnataka,osm_cache:Bangalore
12.9605309,77.592659,,hospital,Karnataka,osm_cache:Bangalore
12.9856882,77.5565229,,clinic,Karnataka,osm_cache:Bangalore
12.8922411,77.5814514,,clinic,Karnataka,osm_cache:Bangalore
13.0144467,77.6427305,,clinic,Karnataka,osm_cache:Bangalore
13.0218188,77.613084,,hospital,Karnataka,osm_cache:Bangalore
12.9929043,77.5588015,,hospital,Karnataka,osm_cache:Bangalore
13.0212406,77.6070739,,hospital,Karnataka,osm_cache:Bangalore
13.0322819,77.5770459,,hospital,Karnataka,osm_cache:Bangalore
12.9450536,77.5586486,,clinic,Karnataka,osm_cache:Bangalore
13.0195531,77.6443814,,clinic,Karnataka,osm_cache:Bangalore
12.9412109,77.6238987,,hospital,Karnataka,osm_cache:Bangalore
12.974865,77.5096312,,hospital,Karnataka,osm_cache:Bangalore
13.0373572,77.6409059,,hospital,Karnataka,osm_cache:Bangalore
12.9548208,77.5672585,,hospital,Karnataka,osm_cache:Bangalore
12.9314314,77.6233582,,clinic,Karnataka,osm_cache:Bangalore
12.9251521,77.6245022,,clinic,Karnataka,osm_cache:Bangalore
12.982442,77.5493681,,hospital,Karnataka,osm_cache:Bangalore
12.9246384,77.5509238,,hospital,Karnataka,osm_cache:Bangalore
12.9343279,77.6228848,,hospital,Karnataka,osm_cache:Bangalore
12.9063562,77.6302998,,clinic,Karnataka,osm_cache:Bangalore
12.8957636,77.6330289,,hospital,Karnataka,osm_cache:Bangalore
13.0278278,77.629825,,clinic,Karnataka,osm_cache:Bangalore
13.0614636,77.517997,,clinic,Karnataka,osm_cache:Bangalore
12.8987442,77.6263127,,hospital,Karnataka,osm_cache:Bangalore
12.9275311,77.5457901,,hospital,Karnataka,osm_cache:Bangalore
12.8981742,77.6058662,,clinic,Karnataka,osm_cache:Bangalore
12.9064778,77.5959125,,clinic,Karnataka,osm_cache:Bangalore
12.9878183,77.5725947,,clinic,Karnataka,osm_cache:Bangalore
12.9988238,77.5819892,,hospital,Karnataka,osm_cache:Bangalore
12.9608027,77.5911717,,hospital,Karnataka,osm_cache:Bangalore
13.0241341,77.6335546,,hospital,Karnataka,osm_cache:Bangalore
12.9162321,77.5165567,,clinic,Karnataka,osm_cache:Bangalore
12.9717138,77.5770294,,clinic,Karnataka,osm_cache:Bangalore
13.0251833,77.5920609,,hospital,Karnataka,osm_cache:Bangalore
12.9563016,77.5747874,,hospital,Karnataka,osm_cache:Bangalore
12.9465876,77.6015028,,clinic,Karnataka,osm_cache:Bangalore
12.9484796,77.5720472,,clinic,Karnataka,osm_cache:Bangalore
12.9074596,77.6274445,,clinic,Karnataka,osm_cache:Bangalore
12.9489406,77.5949925,,hospital,Karnataka,osm_cache:Bangalore
12.9462401,77.5975627,,clinic,Karnataka,osm_cache:Bangalore
12.9670215,77.5892667,,hospital,Karnataka,osm_cache:Bangalore
12.9825937,77.6814736,,hospital,Karnataka,osm_cache:Bangalore
12.9273667,77.6160046,,clinic,Karnataka,osm_cache:Bangalore
12.9271131,77.5471291,,hospital,Karnataka,osm_cache:Bangalore
13.0323629,77.5592642,,clinic,Karnataka,osm_cache:Bangalore
12.9241208,77.5711229,,clinic,Karnataka,osm_cache:Bangalore
12.9994472,77.6162584,,hospital,Karnataka,osm_cache:Bangalore
13.0555559,77.6517145,,hospital,Karnataka,osm_cache:Bangalore
12.9443766,77.5551899,,clinic,Karnataka,osm_cache:Bangalore
12.9296852,77.5634135,,clinic,Karnataka,osm_cache:Bangalore
12.9825845,77.6124926,,hospital,Karnataka,osm_cache:Bangalore
13.0115263,77.6700582,,clinic,Karnataka,osm_cache:Bangalore
13.0220526,77.5576729,,clinic,Karnataka,osm_cache:Bangalore
13.0045747,77.5432728,,hospital,Karnataka,osm_cache:Bangalore
12.9424801,77.5473283,,hospital,Karnataka,osm_cache:Bangalore
12.9514854,77.5703564,,hospital,Karnataka,osm_cache:Bangalore
12.9530681,77.5715299,,clinic,Karnataka,osm_cache:Bangalore
12.9781151,77.6301697,,clinic,Karnataka,osm_cache:Bangalore
12.9526505,77.5548633,,hospital,Karnataka,osm_cache:Bangalore
13.0139247,77.6640775,,hospital,Karnataka,osm_cache:Bangalore
12.9745134,77.5493883,,hospital,Karnataka,osm_cache:Bangalore
12.8579673,77.5892687,,hospital,Karnataka,osm_cache:Bangalore
12.9733764,77.5474034,,hospital,Karnataka,osm_cache:Bangalore
12.9651587,77.7150508,,hospital,Karnataka,osm_cache:Bangalore
12.9568547,77.7002262,,hospital,Karnataka,osm_cache:Bangalore
12.9160636,77.6308219,,hospital,Karnataka,osm_cache:Bangalore
12.9144587,77.6003156,,hospital,Karnataka,osm_cache:Bangalore
12.9236768,77.6193111,,clinic,Karnataka,osm_cache:Bangalore
12.9645006,77.5427189,,hospital,Karnataka,osm_cache:Bangalore
12.9654318,77.52312,,hospital,Karnataka,osm_cache:Bangalore
12.970023,77.6307987,,hospital,Karnataka,osm_cache:Bangalore
12.938853,77.5786096,,hospital,Karnataka,osm_cache:Bangalore
12.9632506,77.5602901,,hospital,Karnataka,osm_cache:Bangalore
13.0205082,77.6509675,,hospital,Karnataka,osm_cache:Bangalore
13.0221036,77.6387729,,hospital,Karnataka,osm_cache:Bangalore
12.9670615,77.5903161,,hospital,Karnataka,osm_cache:Bangalore
12.9876196,77.6204668,,clinic,Karnataka,osm_cache:Bangalore
12.975802,77.6184806,,hospital,Karnataka,osm_cache:Bangalore
13.0195733,77.5419559,,hospital,Karnataka,osm_cache:Bangalore
12.9559644,77.5485635,,hospital,Karnataka,osm_cache:Bangalore
12.9403012,77.5764705,,hospital,Karnataka,osm_cache:Bangalore
12.9207314,77.5736019,,hospital,Karnataka,osm_cache:Bangalore
12.9292015,77.5819811,,hospital,Karnataka,osm_cache:Bangalore
12.9271389,77.579028,,hospital,Karnataka,osm_cache:Bangalore
12.9242515,77.573217,,hospital,Karnataka,osm_cache:Bangalore
12.9171772,77.5747874,,clinic,Karnataka,osm_cache:Bangalore
12.9117746,77.5730574,,clinic,Karnataka,osm_cache:Bangalore
12.8981572,77.6207364,,hospital,Karnataka,osm_cache:Bangalore
12.9004567,77.6005474,,hospital,Karnataka,osm_cache:Bangalore
12.8443653,77.583809,,hospital,Karnataka,osm_cache:Bangalore
13.0138123,77.6354731,,hospital,Karnataka,osm_cache:Bangalore
12.9356703,77.6079905,,hospital,Karnataka,osm_cache:Bangalore
12.9819768,77.5108275,,hospital,Karnataka,osm_cache:Bangalore
13.0098352,77.5384723,,hospital,Karnataka,osm_cache:Bangalore
13.0267995,77.5870813,,hospital,Karnataka,osm_cache:Bangalore
12.8548947,77.6681162,,hospital,Karnataka,osm_cache:Bangalore
12.8990265,77.6055551,,clinic,Karnataka,osm_cache:Bangalore
13.0657486,77.5992653,,hospital,Karnataka,osm_cache:Bangalore
12.910823,77.5207892,,hospital,Karnataka,osm_cache:Bangalore
12.9121673,77.6347685,,doctors,Karnataka,osm_cache:Bangalore
12.9738683,77.652254,,clinic,Karnataka,osm_cache:Bangalore
12.9675989,77.6565533,,hospital,Karnataka,osm_cache:Bangalore
12.9188948,77.6058905,,hospital,Karnataka,osm_cache:Bangalore
12.9840786,77.6781324,,clinic,Karnataka,osm_cache:Bangalore
12.9916367,77.5044787,,clinic,Karnataka,osm_cache:Bangalore
13.0114714,77.6162986,,clinic,Karnataka,osm_cache:Bangalore
13.019851,77.6339757,,clinic,Karnataka,osm_cache:Bangalore
12.9777106,77.6459773,,hospital,Karnataka,osm_cache:Bangalore
12.9610131,77.5603162,,clinic,Karnataka,osm_cache:Bangalore
13.0117001,77.509717,,clinic,Karnataka,osm_cache:Bangalore
12.9496114,77.5790786,,hospital,Karnataka,osm_cache:Bangalore
12.9563042,77.5830996,,hospital,Karnataka,osm_cache:Bangalore
13.0028473,77.635349,,clinic,Karnataka,osm_cache:Bangalore
12.9716291,77.5371969,,hospital,Karnataka,osm_cache:Bangalore
12.9981241,77.5715661,,clinic,Karnataka,osm_cache:Bangalore
12.9550181,77.5683897,,hospital,Karnataka,osm_cache:Bangalore
12.9067079,77.5849275,,hospital,Karnataka,osm_cache:Bangalore
12.9685305,77.5843965,,hospital,Karnataka,osm_cache:Bangalore
13.0080166,77.6221479,,hospital,Karnataka,osm_cache:Bangalore
13.0121705,77.6961802,,hospital,Karnataka,osm_cache:Bangalore
12.9265324,77.6006922,,clinic,Karnataka,osm_cache:Bangalore
13.0423919,77.5136653,,hospital,Karnataka,osm_cache:Bangalore
13.015884,77.5973475,,hospital,Karnataka,osm_cache:Bangalore
12.9601022,77.5315556,,hospital,Karnataka,osm_cache:Bangalore
12.9484427,77.5719805,,clinic,Karnataka,osm_cache:Bangalore
12.9586907,77.5352668,,hospital,Karnataka,osm_cache:Bangalore
12.9617045,77.5217172,,hospital,Karnataka,osm_cache:Bangalore
13.0147224,77.6515616,,hospital,Karnataka,osm_cache:Bangalore
12.9907644,77.5568951,,clinic,Karnataka,osm_cache:Bangalore
13.0112166,77.6743939,,hospital,Karnataka,osm_cache:Bangalore
12.9732706,77.5725357,,hospital,Karnataka,osm_cache:Bangalore
12.988865,77.5078006,,hospital,Karnataka,osm_cache:Bangalore
12.9741253,77.561823,,hospital,Karnataka,osm_cache:Bangalore
12.9980009,77.5432779,,hospital,Karnataka,osm_cache:Bangalore
13.0021978,77.6329015,,hospital,Karnataka,osm_cache:Bangalore
13.0004769,77.5054027,,hospital,Karnataka,osm_cache:Bangalore
12.8980516,77.6339279,,hospital,Karnataka,osm_cache:Bangalore
12.9561944,77.5460348,,clinic,Karnataka,osm_cache:Bangalore
13.0244555,77.6003999,,clinic,Karnataka,osm_cache:Bangalore
12.9753137,77.5536856,,clinic,Karnataka,osm_cache:Bangalore
13.0029877,77.675265,,clinic,Karnataka,osm_cache:Bangalore
12.9709143,77.6321116,,hospital,Karnataka,osm_cache:Bangalore
12.89708,77.5473364,,hospital,Karnataka,osm_cache:Bangalore
13.0263344,77.595128,,hospital,Karnataka,osm_cache:Bangalore
13.0357404,77.7347061,,hospital,Karnataka,osm_cache:Bangalore
13.0178594,77.6547577,,hospital,Karnataka,osm_cache:Bangalore
13.0328036,77.633289,,hospital,Karnataka,osm_cache:Bangalore
12.9967984,77.6112893,,clinic,Karnataka,osm_cache:Bangalore
12.9960196,77.6128413,,hospital,Karnataka,osm_cache:Bangalore
12.9742612,77.5392227,,doctors,Karnataka,osm_cache:Bangalore
13.0377564,77.5744454,,hospital,Karnataka,osm_cache:Bangalore
13.0360827,77.575065,,hospital,Karnataka,osm_cache:Bangalore
12.964162,77.5982255,,hospital,Karnataka,osm_cache:Bangalore
12.9074269,77.5716318,,hospital,Karnataka,osm_cache:Bangalore
13.0357169,77.7351701,,hospital,Karnataka,osm_cache:Bangalore
13.0080397,77.6971089,,hospital,Karnataka,osm_cache:Bangalore
13.0088071,77.6948659,,hospital,Karnataka,osm_cache:Bangalore
13.0090854,77.6969567,,hospital,Karnataka,osm_cache:Bangalore
13.0180664,77.6831812,,clinic,Karnataka,osm_cache:Bangalore
13.011968,77.6659168,,hospital,Karnataka,osm_cache:Bangalore
12.9543777,77.6209764,,hospital,Karnataka,osm_cache:Bangalore
13.0149675,77.6354957,,hospital,Karnataka,osm_cache:Bangalore
13.0068811,77.5055636,,hospital,Karnataka,osm_cache:Bangalore
12.9619528,77.5728562,,hospital,Karnataka,osm_cache:Bangalore
12.9421036,77.5584649,,clinic,Karnataka,osm_cache:Bangalore
13.0087438,77.6221512,,clinic,Karnataka,osm_cache:Bangalore
12.9425676,77.6224349,,hospital,Karnataka,osm_cache:Bangalore
13.0105038,77.5502452,,hospital,Karnataka,osm_cache:Bangalore
12.9597937,77.5319794,,clinic,Karnataka,osm_cache:Bangalore
12.9862161,77.5374853,,hospital,Karnataka,osm_cache:Bangalore
12.9164779,77.6033811,,clinic,Karnataka,osm_cache:Bangalore
12.9895981,77.5388995,,clinic,Karnataka,osm_cache:Bangalore
12.9761802,77.5261763,,hospital,Karnataka,osm_cache:Bangalore
13.0276736,77.6614188,,hospital,Karnataka,osm_cache:Bangalore
12.9162753,77.5589544,,hospital,Karnataka,osm_cache:Bangalore
12.9646359,77.5926509,,hospital,Karnataka,osm_cache:Bangalore
12.9986239,77.542782,,hospital,Karnataka,osm_cache:Bangalore
12.9409351,77.5787075,,clinic,Karnataka,osm_cache:Bangalore
12.978053,77.5115959,,hospital,Karnataka,osm_cache:Bangalore
12.9208307,77.6201778,,clinic,Karnataka,osm_cache:Bangalore
12.9778289,77.6386575,,clinic,Karnataka,osm_cache:Bangalore
12.9456627,77.570339,,clinic,Karnataka,osm_cache:Bangalore
12.9705902,77.5108503,,hospital,Karnataka,osm_cache:Bangalore
12.9817233,77.5549364,,hospital,Karnataka,osm_cache:Bangalore
13.0138496,77.5209944,,clinic,Karnataka,osm_cache:Bangalore
13.0218344,77.5567093,,hospital,Karnataka,osm_cache:Bangalore
12.9527146,77.5774026,,clinic,Karnataka,osm_cache:Bangalore
13.034899,77.6050904,,clinic,Karnataka,osm_cache:Bangalore
12.9880313,77.5557142,,clinic,Karnataka,osm_cache:Bangalore
12.9526616,77.61503,,hospital,Karnataka,osm_cache:Bangalore
13.0241863,77.5960574,,hospital,Karnataka,osm_cache:Bangalore
13.0001802,77.5461146,,hospital,Karnataka,osm_cache:Bangalore
12.9403953,77.558544,,clinic,Karnataka,osm_cache:Bangalore
13.0269276,77.6227882,,hospital,Karnataka,osm_cache:Bangalore
12.8919999,77.6257829,,hospital,Karnataka,osm_cache:Bangalore
13.0113204,77.6771966,,hospital,Karnataka,osm_cache:Bangalore
12.9543465,77.5755649,,hospital,Karnataka,osm_cache:Bangalore
13.0093599,77.5222108,,hospital,Karnataka,osm_cache:Bangalore
12.8914666,77.5612113,,hospital,Karnataka,osm_cache:Bangalore
12.9783164,77.5429603,,hospital,Karnataka,osm_cache:Bangalore
12.9395314,77.5864396,,clinic,Karnataka,osm_cache:Bangalore
13.0236062,77.6196139,,hospital,Karnataka,osm_cache:Bangalore
13.029607,77.6275328,,clinic,Karnataka,osm_cache:Bangalore
12.9439008,77.6065864,,hospital,Karnataka,osm_cache:Bangalore
13.0342927,77.5599629,,clinic,Karnataka,osm_cache:Bangalore
13.0115623,77.6700592,,clinic,Karnataka,osm_cache:Bangalore
12.9439485,77.6078061,,clinic,Karnataka,osm_cache:Bangalore
12.9745983,77.5436792,,hospital,Karnataka,osm_cache:Bangalore
12.9721779,77.6807872,,hospital,Karnataka,osm_cache:Bangalore
12.8349497,77.6631546,,clinic,Karnataka,osm_cache:Bangalore
12.9680365,77.5359377,,clinic,Karnataka,osm_cache:Bangalore
12.9530877,77.5365485,,clinic,Karnataka,osm_cache:Bangalore
12.8541208,77.6624811,,hospital,Karnataka,osm_cache:Bangalore
12.9102142,77.6244654,,hospital,Karnataka,osm_cache:Bangalore
12.922327,77.736038,,hospital,Karnataka,osm_cache:Bangalore
13.009817,77.5231852,,hospital,Karnataka,osm_cache:Bangalore
13.0164321,77.7169887,,hospital,Karnataka,osm_cache:Bangalore
13.0631921,77.6423476,,clinic,Karnataka,osm_cache:Bangalore
12.993382,77.5694167,,hospital,Karnataka,osm_cache:Bangalore
13.049152,77.510442,,hospital,Karnataka,osm_cache:Bangalore
13.0701337,77.6329103,,hospital,Karnataka,osm_cache:Bangalore
13.004942,77.7035721,,clinic,Karnataka,osm_cache:Bangalore
12.942159,77.551764,,clinic,Karnataka,osm_cache:Bangalore
13.0324318,77.6085263,,hospital,Karnataka,osm_cache:Bangalore
12.9989923,77.5510234,,clinic,Karnataka,osm_cache:Bangalore
12.9853993,77.5454024,,hospital,Karnataka,osm_cache:Bangalore
12.9870634,77.549951,,hospital,Karnataka,osm_cache:Bangalore
12.9998157,77.5518975,,clinic,Karnataka,osm_cache:Bangalore
13.0350322,77.5725438,,clinic,Karnataka,osm_cache:Bangalore
12.931298,77.5412566,,hospital,Karnataka,osm_cache:Bangalore
13.0035542,77.5472411,,clinic,Karnataka,osm_cache:Bangalore
13.0083615,77.5491026,,clinic,Karnataka,osm_cache:Bangalore
12.9107812,77.6635605,,clinic,Karnataka,osm_cache:Bangalore
12.9123595,77.6067215,,clinic,Karnataka,osm_cache:Bangalore
13.0413777,77.5050224,,hospital,Karnataka,osm_cache:Bangalore
12.9240924,77.6177848,,hospital,Karnataka,osm_cache:Bangalore
12.9733933,77.6783833,,clinic,Karnataka,osm_cache:Bangalore
12.9807257,77.6823734,,hospital,Karnataka,osm_cache:Bangalore
13.010692,77.6969366,,clinic,Karnataka,osm_cache:Bangalore
13.006205,77.7004289,,hospital,Karnataka,osm_cache:Bangalore
12.997098,77.671853,,clinic,Karnataka,osm_cache:Bangalore
13.0082031,77.697197,,hospital,Karnataka,osm_cache:Bangalore
12.9901305,77.6713322,,hospital,Karnataka,osm_cache:Bangalore
13.0128275,77.6990436,,clinic,Karnataka,osm_cache:Bangalore
13.0258249,77.6604922,,clinic,Karnataka,osm_cache:Bangalore
12.9742358,77.6726374,,clinic,Karnataka,osm_cache:Bangalore
13.0031618,77.7059531,,hospital,Karnataka,osm_cache:Bangalore
12.9946786,77.6709989,,hospital,Karnataka,osm_cache:Bangalore
13.0236149,77.6586628,,clinic,Karnataka,osm_cache:Bangalore
13.0227243,77.6967523,,clinic,Karnataka,osm_cache:Bangalore
13.0209741,77.6573009,,clinic,Karnataka,osm_cache:Bangalore
12.985028,77.674772,,clinic,Karnataka,osm_cache:Bangalore
13.0281599,77.6625832,,clinic,Karnataka,osm_cache:Bangalore
13.0239995,77.6585299,,hospital,Karnataka,osm_cache:Bangalore
12.9731172,77.6767223,,clinic,Karnataka,osm_cache:Bangalore
13.0283977,77.6599575,,hospital,Karnataka,osm_cache:Bangalore
13.0045892,77.7083063,,clinic,Karnataka,osm_cache:Bangalore
13.012492,77.697752,,clinic,Karnataka,osm_cache:Bangalore
13.0100916,77.6970612,,clinic,Karnataka,osm_cache:Bangalore
12.9722387,77.6804922,,clinic,Karnataka,osm_cache:Bangalore
13.0219523,77.6994046,,hospital,Karnataka,osm_cache:Bangalore
12.9936892,77.7016795,,clinic,Karnataka,osm_cache:Bangalore
12.9966313,77.671863,,hospital,Karnataka,osm_cache:Bangalore
12.9930144,77.6728775,,clinic,Karnataka,osm_cache:Bangalore
12.972726,77.6801239,,clinic,Karnataka,osm_cache:Bangalore
13.024278,77.6587297,,clinic,Karnataka,osm_cache:Bangalore
12.9969609,77.6719408,,clinic,Karnataka,osm_cache:Bangalore
13.0236678,77.6587012,,clinic,Karnataka,osm_cache:Bangalore
13.0037255,77.7105179,,clinic,Karnataka,osm_cache:Bangalore
13.010207,77.707804,,clinic,Karnataka,osm_cache:Bangalore
12.975622,77.666082,,clinic,Karnataka,osm_cache:Bangalore
13.0044028,77.7094874,,clinic,Karnataka,osm_cache:Bangalore
13.0308448,77.6686663,,clinic,Karnataka,osm_cache:Bangalore
12.9847338,77.675016,,clinic,Karnataka,osm_cache:Bangalore
12.9893915,77.6893075,,clinic,Karnataka,osm_cache:Bangalore
12.9850931,77.6748005,,clinic,Karnataka,osm_cache:Bangalore
12.9895049,77.6741439,,hospital,Karnataka,osm_cache:Bangalore
13.0076764,77.698662,,clinic,Karnataka,osm_cache:Bangalore
13.022726,77.658252,,clinic,Karnataka,osm_cache:Bangalore
13.0041888,77.7125929,,clinic,Karnataka,osm_cache:Bangalore
12.9842776,77.6780225,,doctors,Karnataka,osm_cache:Bangalore
12.993824,77.7029,,clinic,Karnataka,osm_cache:Bangalore
12.992777,77.694674,,clinic,Karnataka,osm_cache:Bangalore
13.00509,77.710878,,clinic,Karnataka,osm_cache:Bangalore
12.9850241,77.6754474,,clinic,Karnataka,osm_cache:Bangalore
13.004699,77.704279,,clinic,Karnataka,osm_cache:Bangalore
13.0219021,77.65971,,clinic,Karnataka,osm_cache:Bangalore
12.9750951,77.6660888,,clinic,Karnataka,osm_cache:Bangalore
13.01064,77.710585,,clinic,Karnataka,osm_cache:Bangalore
13.033219,77.6747693,,hospital,Karnataka,osm_cache:Bangalore
13.020731,77.70227,,clinic,Karnataka,osm_cache:Bangalore
13.005267,77.70278,,clinic,Karnataka,osm_cache:Bangalore
13.00669,77.700779,,clinic,Karnataka,osm_cache:Bangalore
12.985164,77.671732,,clinic,Karnataka,osm_cache:Bangalore
13.0241655,77.6915736,,clinic,Karnataka,osm_cache:Bangalore
12.9807085,77.680126,,clinic,Karnataka,osm_cache:Bangalore
12.973637,77.675186,,hospital,Karnataka,osm_cache:Bangalore
12.989869,77.676589,,hospital,Karnataka,osm_cache:Bangalore
13.0112993,77.7058751,,clinic,Karnataka,osm_cache:Bangalore
13.0255719,77.6599541,,clinic,Karnataka,osm_cache:Bangalore
12.9949978,77.6811339,,clinic,Karnataka,osm_cache:Bangalore
13.0234596,77.6587343,,clinic,Karnataka,osm_cache:Bangalore
12.9961003,77.6727018,,clinic,Karnataka,osm_cache:Bangalore
13.028101,77.6812547,,clinic,Karnataka,osm_cache:Bangalore
13.0042829,77.7120772,,clinic,Karnataka,osm_cache:Bangalore
13.0065775,77.6996955,,clinic,Karnataka,osm_cache:Bangalore
13.011115,77.697361,,hospital,Karnataka,osm_cache:Bangalore
13.0239661,77.691932,,clinic,Karnataka,osm_cache:Bangalore
13.0239342,77.6917622,,clinic,Karnataka,osm_cache:Bangalore
12.9887324,77.6845282,,clinic,Karnataka,osm_cache:Bangalore
12.9954417,77.6724794,,clinic,Karnataka,osm_cache:Bangalore
13.0301944,77.682325,,clinic,Karnataka,osm_cache:Bangalore
12.9841083,77.6744171,,clinic,Karnataka,osm_cache:Bangalore
12.9915097,77.6835962,,clinic,Karnataka,osm_cache:Bangalore
13.0031938,77.7128759,,hospital,Karnataka,osm_cache:Bangalore
12.992589,77.672821,,clinic,Karnataka,osm_cache:Bangalore
13.0329207,77.6747772,,clinic,Karnataka,osm_cache:Bangalore
12.991561,77.6757833,,hospital,Karnataka,osm_cache:Bangalore
12.9724717,77.6797057,,clinic,Karnataka,osm_cache:Bangalore
13.0061511,77.6997973,,clinic,Karnataka,osm_cache:Bangalore
12.9742126,77.678669,,clinic,Karnataka,osm_cache:Bangalore
12.9851886,77.676051,,clinic,Karnataka,osm_cache:Bangalore
12.991679,77.683904,,clinic,Karnataka,osm_cache:Bangalore
13.0233824,77.6905904,,clinic,Karnataka,osm_cache:Bangalore
13.005255,77.703108,,clinic,Karnataka,osm_cache:Bangalore
13.0042616,77.7114153,,hospital,Karnataka,osm_cache:Bangalore
12.9851914,77.6762954,,doctors,Karnataka,osm_cache:Bangalore
12.9924407,77.7027556,,clinic,Karnataka,osm_cache:Bangalore
13.0078685,77.6964983,,clinic,Karnataka,osm_cache:Bangalore
13.0044733,77.7082449,,clinic,Karnataka,osm_cache:Bangalore
12.9679511,77.5388826,,clinic,Karnataka,osm_cache:Bangalore
12.972363,77.525125,,clinic,Karnataka,osm_cache:Bangalore
12.975501,77.534972,,hospital,Karnataka,osm_cache:Bangalore
12.9688989,77.6422131,,hospital,Karnataka,osm_cache:Bangalore
12.955763,77.654655,,clinic,Karnataka,osm_cache:Bangalore
12.957269,77.653945,,hospital,Karnataka,osm_cache:Bangalore
12.9764141,77.5302028,,clinic,Karnataka,osm_cache:Bangalore
12.9570701,77.5265115,,clinic,Karnataka,osm_cache:Bangalore
12.9835824,77.5289448,,hospital,Karnataka,osm_cache:Bangalore
12.9586811,77.6598023,,clinic,Karnataka,osm_cache:Bangalore
12.9794497,77.5442417,,clinic,Karnataka,osm_cache:Bangalore
12.971816,77.53183,,clinic,Karnataka,osm_cache:Bangalore
12.9741101,77.5357741,,clinic,Karnataka,osm_cache:Bangalore
12.9744928,77.5342045,,hospital,Karnataka,osm_cache:Bangalore
12.9635299,77.6662889,,hospital,Karnataka,osm_cache:Bangalore
12.96767,77.5226459,,hospital,Karnataka,osm_cache:Bangalore
12.972589,77.541939,,clinic,Karnataka,osm_cache:Bangalore
12.9780731,77.5251934,,hospital,Karnataka,osm_cache:Bangalore
12.9625212,77.6709431,,clinic,Karnataka,osm_cache:Bangalore
12.970893,77.5251332,,clinic,Karnataka,osm_cache:Bangalore
12.9734087,77.5462808,,hospital,Karnataka,osm_cache:Bangalore
12.9707429,77.5377684,,hospital,Karnataka,osm_cache:Bangalore
12.9698194,77.6317472,,hospital,Karnataka,osm_cache:Bangalore
12.9731159,77.5415094,,clinic,Karnataka,osm_cache:Bangalore
12.9548249,77.6493844,,clinic,Karnataka,osm_cache:Bangalore
12.9674869,77.6701879,,clinic,Karnataka,osm_cache:Bangalore
12.9644469,77.6719687,,clinic,Karnataka,osm_cache:Bangalore
12.9555948,77.6418006,,hospital,Karnataka,osm_cache:Bangalore
12.9615606,77.5222312,,hospital,Karnataka,osm_cache:Bangalore
12.9649324,77.6442492,,clinic,Karnataka,osm_cache:Bangalore
12.9695016,77.5419489,,clinic,Karnataka,osm_cache:Bangalore
12.981027,77.550187,,clinic,Karnataka,osm_cache:Bangalore
12.9716512,77.5434425,,clinic,Karnataka,osm_cache:Bangalore
12.9752941,77.5440361,,clinic,Karnataka,osm_cache:Bangalore
12.9757136,77.5400982,,clinic,Karnataka,osm_cache:Bangalore
12.961509,77.523151,,hospital,Karnataka,osm_cache:Bangalore
12.966677,77.5424542,,clinic,Karnataka,osm_cache:Bangalore
12.9719944,77.5400815,,clinic,Karnataka,osm_cache:Bangalore
12.97748,77.511541,,clinic,Karnataka,osm_cache:Bangalore
12.974213,77.534597,,clinic,Karnataka,osm_cache:Bangalore
12.9744871,77.5352515,,clinic,Karnataka,osm_cache:Bangalore
12.9742311,77.5353795,,clinic,Karnataka,osm_cache:Bangalore
12.9557318,77.6601889,,clinic,Karnataka,osm_cache:Bangalore
12.9676391,77.6728616,,clinic,Karnataka,osm_cache:Bangalore
12.97004,77.524811,,clinic,Karnataka,osm_cache:Bangalore
12.967029,77.541853,,doctors,Karnataka,osm_cache:Bangalore
12.9645871,77.6742181,,clinic,Karnataka,osm_cache:Bangalore
12.968877,77.5357939,,clinic,Karnataka,osm_cache:Bangalore
12.9705317,77.6657706,,clinic,Karnataka,osm_cache:Bangalore
12.9623461,77.5109494,,clinic,Karnataka,osm_cache:Bangalore
12.9561278,77.6591485,,clinic,Karnataka,osm_cache:Bangalore
12.9767057,77.6229194,,clinic,Karnataka,osm_cache:Bangalore
12.9589495,77.6603768,,hospital,Karnataka,osm_cache:Bangalore
12.9741559,77.5356939,,doctors,Karnataka,osm_cache:Bangalore
12.9673428,77.6424996,,hospital,Karnataka,osm_cache:Bangalore
12.9656976,77.5233951,,clinic,Karnataka,osm_cache:Bangalore
12.9802303,77.5548818,,hospital,Karnataka,osm_cache:Bangalore
12.9754301,77.5358001,,hospital,Karnataka,osm_cache:Bangalore
12.9615441,77.5214032,,clinic,Karnataka,osm_cache:Bangalore
12.9801974,77.5546401,,clinic,Karnataka,osm_cache:Bangalore
12.968292,77.524492,,hospital,Karnataka,osm_cache:Bangalore
12.974339,77.542325,,hospital,Karnataka,osm_cache:Bangalore
12.9566333,77.653738,,clinic,Karnataka,osm_cache:Bangalore
12.9595267,77.5066914,,clinic,Karnataka,osm_cache:Bangalore
12.9716979,77.5349489,,clinic,Karnataka,osm_cache:Bangalore
12.9757486,77.553782,,hospital,Karnataka,osm_cache:Bangalore
12.969102,77.534951,,hospital,Karnataka,osm_cache:Bangalore
12.9745497,77.5208943,,hospital,Karnataka,osm_cache:Bangalore
12.9693009,77.6317545,,hospital,Karnataka,osm_cache:Bangalore
12.9685528,77.6453841,,clinic,Karnataka,osm_cache:Bangalore
12.9715355,77.524968,,clinic,Karnataka,osm_cache:Bangalore
12.9714838,77.6350988,,clinic,Karnataka,osm_cache:Bangalore
12.9698191,77.5360801,,hospital,Karnataka,osm_cache:Bangalore
12.9694023,77.6300504,,clinic,Karnataka,osm_cache:Bangalore
12.9685357,77.5383336,,doctors,Karnataka,osm_cache:Bangalore
12.963951,77.64308,,hospital,Karnataka,osm_cache:Bangalore
12.9639829,77.5188899,,hospital,Karnataka,osm_cache:Bangalore
12.9746,77.544146,,clinic,Karnataka,osm_cache:Bangalore
12.9717565,77.5469217,,clinic,Karnataka,osm_cache:Bangalore
12.9637162,77.5188263,,hospital,Karnataka,osm_cache:Bangalore
12.969262,77.536474,,clinic,Karnataka,osm_cache:Bangalore
12.95506,77.6581598,,doctors,Karnataka,osm_cache:Bangalore
12.9735574,77.5461246,,hospital,Karnataka,osm_cache:Bangalore
12.976379,77.524439,,hospital,Karnataka,osm_cache:Bangalore
12.958114,77.662852,,clinic,Karnataka,osm_cache:Bangalore
12.9640923,77.6716941,,clinic,Karnataka,osm_cache:Bangalore
12.9766618,77.5246346,,clinic,Karnataka,osm_cache:Bangalore
12.9706942,77.5264675,,clinic,Karnataka,osm_cache:Bangalore
12.9583212,77.659636,,hospital,Karnataka,osm_cache:Bangalore
12.975423,77.540659,,hospital,Karnataka,osm_cache:Bangalore
12.9544981,77.6401572,,hospital,Karnataka,osm_cache:Bangalore
12.958861,77.654322,,hospital,Karnataka,osm_cache:Bangalore
12.9698787,77.5332834,,hospital,Karnataka,osm_cache:Bangalore
12.9734052,77.545935,,clinic,Karnataka,osm_cache:Bangalore
12.9761399,77.5298958,,clinic,Karnataka,osm_cache:Bangalore
12.9728469,77.6268497,,clinic,Karnataka,osm_cache:Bangalore
12.881902,77.612665,,clinic,Karnataka,osm_cache:Bangalore
12.852699,77.667688,,hospital,Karnataka,osm_cache:Bangalore
12.8859649,77.6489078,,hospital,Karnataka,osm_cache:Bangalore
12.9056165,77.6122688,,hospital,Karnataka,osm_cache:Bangalore
12.895426,77.607662,,hospital,Karnataka,osm_cache:Bangalore
12.8908362,77.6040715,,hospital,Karnataka,osm_cache:Bangalore
12.834677,77.656614,,clinic,Karnataka,osm_cache:Bangalore
12.8350141,77.6953077,,hospital,Karnataka,osm_cache:Bangalore
12.877267,77.6182941,,clinic,Karnataka,osm_cache:Bangalore
12.850377,77.6567056,,hospital,Karnataka,osm_cache:Bangalore
12.874266,77.616922,,clinic,Karnataka,osm_cache:Bangalore
12.895218,77.608579,,clinic,Karnataka,osm_cache:Bangalore
12.884216,77.613358,,clinic,Karnataka,osm_cache:Bangalore
12.87174,77.6168758,,clinic,Karnataka,osm_cache:Bangalore
12.8875348,77.6496807,,clinic,Karnataka,osm_cache:Bangalore
12.8347876,77.6950973,,clinic,Karnataka,osm_cache:Bangalore
12.9479573,77.5798704,,clinic,Karnataka,osm_cache:Bangalore
12.9432518,77.5560648,,doctors,Karnataka,osm_cache:Bangalore
12.953833,77.565184,,doctors,Karnataka,osm_cache:Bangalore
12.94786,77.5716596,,clinic,Karnataka,osm_cache:Bangalore
12.93753,77.549675,,hospital,Karnataka,osm_cache:Bangalore
12.958244,77.615077,,clinic,Karnataka,osm_cache:Bangalore
12.9492921,77.5674536,,doctors,Karnataka,osm_cache:Bangalore
12.9633185,77.5790145,,hospital,Karnataka,osm_cache:Bangalore
12.970483,77.5789065,,clinic,Karnataka,osm_cache:Bangalore
12.9596227,77.6146819,,hospital,Karnataka,osm_cache:Bangalore
12.9405198,77.5794387,,hospital,Karnataka,osm_cache:Bangalore
12.9454948,77.5704845,,clinic,Karnataka,osm_cache:Bangalore
12.9598702,77.6147257,,clinic,Karnataka,osm_cache:Bangalore
12.953049,77.574203,,hospital,Karnataka,osm_cache:Bangalore
12.9531087,77.5646023,,clinic,Karnataka,osm_cache:Bangalore
12.9417439,77.5601782,,hospital,Karnataka,osm_cache:Bangalore
12.9580215,77.5629353,,clinic,Karnataka,osm_cache:Bangalore
12.9526033,77.5709447,,clinic,Karnataka,osm_cache:Bangalore
12.961345,77.560893,,hospital,Karnataka,osm_cache:Bangalore
12.937954,77.575488,,clinic,Karnataka,osm_cache:Bangalore
12.945591,77.5712865,,hospital,Karnataka,osm_cache:Bangalore
12.9398513,77.5740326,,clinic,Karnataka,osm_cache:Bangalore
12.949269,77.579839,,clinic,Karnataka,osm_cache:Bangalore
12.942076,77.553598,,hospital,Karnataka,osm_cache:Bangalore
12.949663,77.580184,,clinic,Karnataka,osm_cache:Bangalore
12.9459422,77.5717473,,clinic,Karnataka,osm_cache:Bangalore
12.9609494,77.5613939,,hospital,Karnataka,osm_cache:Bangalore
12.9489343,77.5795464,,clinic,Karnataka,osm_cache:Bangalore
12.9712575,77.5777304,,clinic,Karnataka,osm_cache:Bangalore
12.9626783,77.5949614,,clinic,Karnataka,osm_cache:Bangalore
12.9575488,77.5594846,,doctors,Karnataka,osm_cache:Bangalore
12.9365488,77.5762726,,clinic,Karnataka,osm_cache:Bangalore
12.9407834,77.5713263,,clinic,Karnataka,osm_cache:Bangalore
12.9422555,77.5482906,,clinic,Karnataka,osm_cache:Bangalore
12.940404,77.5580361,,hospital,Karnataka,osm_cache:Bangalore
12.9587464,77.5573456,,hospital,Karnataka,osm_cache:Bangalore
12.960311,77.568274,,hospital,Karnataka,osm_cache:Bangalore
12.961178,77.593184,,clinic,Karnataka,osm_cache:Bangalore
12.9652304,77.6104334,,hospital,Karnataka,osm_cache:Bangalore
12.945944,77.567404,,hospital,Karnataka,osm_cache:Bangalore
12.949104,77.563226,,hospital,Karnataka,osm_cache:Bangalore
12.9415883,77.5641917,,hospital,Karnataka,osm_cache:Bangalore
12.9450794,77.5680498,,clinic,Karnataka,osm_cache:Bangalore
12.9569684,77.5695045,,hospital,Karnataka,osm_cache:Bangalore
12.938787,77.554296,,hospital,Karnataka,osm_cache:Bangalore
12.944704,77.56797,,clinic,Karnataka,osm_cache:Bangalore
12.94256,77.561875,,clinic,Karnataka,osm_cache:Bangalore
12.938453,77.551329,,hospital,Karnataka,osm_cache:Bangalore
12.945848,77.548621,,doctors,Karnataka,osm_cache:Bangalore
12.9604446,77.6147984,,clinic,Karnataka,osm_cache:Bangalore
12.9464444,77.5712393,,clinic,Karnataka,osm_cache:Bangalore
12.9366813,77.5539425,,clinic,Karnataka,osm_cache:Bangalore
12.948971,77.563543,,hospital,Karnataka,osm_cache:Bangalore
12.9406605,77.5443444,,clinic,Karnataka,osm_cache:Bangalore
12.9491186,77.5679051,,doctors,Karnataka,osm_cache:Bangalore
12.9422541,77.5506328,,hospital,Karnataka,osm_cache:Bangalore
12.9654649,77.5894756,,hospital,Karnataka,osm_cache:Bangalore
12.9702549,77.5734571,,hospital,Karnataka,osm_cache:Bangalore
12.940859,77.570214,,clinic,Karnataka,osm_cache:Bangalore
12.9648335,77.5944973,,clinic,Karnataka,osm_cache:Bangalore
12.9434996,77.5796583,,hospital,Karnataka,osm_cache:Bangalore
12.963216,77.5982891,,clinic,Karnataka,osm_cache:Bangalore
12.957222,77.566486,,hospital,Karnataka,osm_cache:Bangalore
12.960296,77.614714,,hospital,Karnataka,osm_cache:Bangalore
12.9420276,77.575634,,hospital,Karnataka,osm_cache:Bangalore
12.9638998,77.5983282,,clinic,Karnataka,osm_cache:Bangalore
12.972126,77.573351,,hospital,Karnataka,osm_cache:Bangalore
12.960972,77.5609696,,hospital,Karnataka,osm_cache:Bangalore
12.9386485,77.5545065,,clinic,Karnataka,osm_cache:Bangalore
12.94269,77.571261,,clinic,Karnataka,osm_cache:Bangalore
12.9471425,77.5692626,,clinic,Karnataka,osm_cache:Bangalore
12.9576956,77.5663234,,clinic,Karnataka,osm_cache:Bangalore
12.9593021,77.5927413,,clinic,Karnataka,osm_cache:Bangalore
12.9516862,77.5665921,,clinic,Karnataka,osm_cache:Bangalore
12.9654497,77.5999044,,hospital,Karnataka,osm_cache:Bangalore
12.9585302,77.5636336,,clinic,Karnataka,osm_cache:Bangalore
12.9416358,77.5629853,,clinic,Karnataka,osm_cache:Bangalore
12.966674,77.591952,,clinic,Karnataka,osm_cache:Bangalore
12.9487692,77.5793662,,clinic,Karnataka,osm_cache:Bangalore
12.9554046,77.5639228,,clinic,Karnataka,osm_cache:Bangalore
12.9690341,77.57708,,clinic,Karnataka,osm_cache:Bangalore
12.948062,77.577411,,clinic,Karnataka,osm_cache:Bangalore
12.9658901,77.589928,,hospital,Karnataka,osm_cache:Bangalore
12.9479647,77.5696395,,hospital,Karnataka,osm_cache:Bangalore
12.9458294,77.5799015,,hospital,Karnataka,osm_cache:Bangalore
12.939257,77.555911,,clinic,Karnataka,osm_cache:Bangalore
12.9650303,77.5954946,,hospital,Karnataka,osm_cache:Bangalore
13.0096223,77.6556985,,clinic,Karnataka,osm_cache:Bangalore
13.012005,77.647777,,clinic,Karnataka,osm_cache:Bangalore
13.037942,77.62326,,clinic,Karnataka,osm_cache:Bangalore
13.0569345,77.6109416,,clinic,Karnataka,osm_cache:Bangalore
13.0193799,77.6535352,,hospital,Karnataka,osm_cache:Bangalore
13.0210072,77.6434284,,clinic,Karnataka,osm_cache:Bangalore
13.0187276,77.6531389,,clinic,Karnataka,osm_cache:Bangalore
13.0091103,77.6579493,,hospital,Karnataka,osm_cache:Bangalore
13.0148814,77.6555197,,clinic,Karnataka,osm_cache:Bangalore
13.0089068,77.656123,,clinic,Karnataka,osm_cache:Bangalore
13.0195123,77.6475205,,clinic,Karnataka,osm_cache:Bangalore
13.0116786,77.6470294,,clinic,Karnataka,osm_cache:Bangalore
13.0544322,77.6038273,,clinic,Karnataka,osm_cache:Bangalore
13.0555334,77.6044008,,clinic,Karnataka,osm_cache:Bangalore
13.0691724,77.5594992,,clinic,Karnataka,osm_cache:Bangalore
13.017856,77.646249,,clinic,Karnataka,osm_cache:Bangalore
13.040826,77.6189605,,clinic,Karnataka,osm_cache:Bangalore
13.0090467,77.653918,,doctors,Karnataka,osm_cache:Bangalore
13.0555615,77.6044933,,clinic,Karnataka,osm_cache:Bangalore
13.0524836,77.6120857,,hospital,Karnataka,osm_cache:Bangalore
13.013776,77.646793,,clinic,Karnataka,osm_cache:Bangalore
13.0201491,77.6516628,,hospital,Karnataka,osm_cache:Bangalore
13.0161535,77.6428067,,clinic,Karnataka,osm_cache:Bangalore
13.0528211,77.6041042,,hospital,Karnataka,osm_cache:Bangalore
13.01213,77.647984,,clinic,Karnataka,osm_cache:Bangalore
13.0283463,77.6298629,,hospital,Karnataka,osm_cache:Bangalore
13.0689228,77.5572213,,clinic,Karnataka,osm_cache:Bangalore
13.0151401,77.6559684,,clinic,Karnataka,osm_cache:Bangalore
13.0543269,77.6038207,,clinic,Karnataka,osm_cache:Bangalore
13.0242614,77.6331389,,clinic,Karnataka,osm_cache:Bangalore
13.0225994,77.6398654,,clinic,Karnataka,osm_cache:Bangalore
13.0102697,77.6525909,,hospital,Karnataka,osm_cache:Bangalore
13.0136545,77.6599916,,clinic,Karnataka,osm_cache:Bangalore
13.0674,77.556943,,clinic,Karnataka,osm_cache:Bangalore
13.0705041,77.555381,,clinic,Karnataka,osm_cache:Bangalore
13.0556587,77.6026264,,clinic,Karnataka,osm_cache:Bangalore
13.0552275,77.6024335,,clinic,Karnataka,osm_cache:Bangalore
13.0263661,77.6302142,,hospital,Karnataka,osm_cache:Bangalore
13.013821,77.660555,,clinic,Karnataka,osm_cache:Bangalore
13.023088,77.637015,,clinic,Karnataka,osm_cache:Bangalore
13.0166883,77.6604049,,hospital,Karnataka,osm_cache:Bangalore
13.0102168,77.6580368,,clinic,Karnataka,osm_cache:Bangalore
13.0244866,77.6396472,,clinic,Karnataka,osm_cache:Bangalore
13.0227961,77.6425472,,clinic,Karnataka,osm_cache:Bangalore
13.0682242,77.6044313,,clinic,Karnataka,osm_cache:Bangalore
13.013761,77.648529,,hospital,Karnataka,osm_cache:Bangalore
13.020847,77.643086,,clinic,Karnataka,osm_cache:Bangalore
13.0530655,77.6050627,,clinic,Karnataka,osm_cache:Bangalore
13.00975,77.6568,,clinic,Karnataka,osm_cache:Bangalore
13.065863,77.604213,,hospital,Karnataka,osm_cache:Bangalore
13.0188119,77.647187,,hospital,Karnataka,osm_cache:Bangalore
13.0239222,77.6333307,,clinic,Karnataka,osm_cache:Bangalore
13.0658472,77.5992844,,hospital,Karnataka,osm_cache:Bangalore
13.029482,77.630649,,clinic,Karnataka,osm_cache:Bangalore
13.0316687,77.6230459,,clinic,Karnataka,osm_cache:Bangalore
13.026989,77.6281742,,hospital,Karnataka,osm_cache:Bangalore
13.029101,77.620568,,hospital,Karnataka,osm_cache:Bangalore
13.0109537,77.6476418,,hospital,Karnataka,osm_cache:Bangalore
13.020084,77.654053,,hospital,Karnataka,osm_cache:Bangalore
13.0112923,77.6573558,,clinic,Karnataka,osm_cache:Bangalore
13.0242926,77.634427,,clinic,Karnataka,osm_cache:Bangalore
13.0241668,77.6369165,,clinic,Karnataka,osm_cache:Bangalore
13.0227998,77.6374429,,clinic,Karnataka,osm_cache:Bangalore
12.9178682,77.5610481,,clinic,Karnataka,osm_cache:Bangalore
12.9175335,77.559993,,clinic,Karnataka,osm_cache:Bangalore
12.9209147,77.5432594,,clinic,Karnataka,osm_cache:Bangalore
12.9060631,77.5433318,,clinic,Karnataka,osm_cache:Bangalore
12.9295017,77.5635313,,clinic,Karnataka,osm_cache:Bangalore
12.9238004,77.6024467,,clinic,Karnataka,osm_cache:Bangalore
12.9147481,77.6063204,,clinic,Karnataka,osm_cache:Bangalore
12.9264311,77.6016717,,clinic,Karnataka,osm_cache:Bangalore
12.9222659,77.550702,,clinic,Karnataka,osm_cache:Bangalore
12.9089522,77.5341499,,clinic,Karnataka,osm_cache:Bangalore
12.925461,77.609021,,hospital,Karnataka,osm_cache:Bangalore
12.9280659,77.5446602,,clinic,Karnataka,osm_cache:Bangalore
12.9165942,77.5965621,,clinic,Karnataka,osm_cache:Bangalore
12.9215119,77.5724702,,hospital,Karnataka,osm_cache:Bangalore
12.9172038,77.6149488,,clinic,Karnataka,osm_cache:Bangalore
12.9194081,77.5845857,,clinic,Karnataka,osm_cache:Bangalore
12.9233888,77.5512272,,doctors,Karnataka,osm_cache:Bangalore
12.913031,77.6034614,,clinic,Karnataka,osm_cache:Bangalore
12.906888,77.54518,,clinic,Karnataka,osm_cache:Bangalore
12.924971,77.549831,,clinic,Karnataka,osm_cache:Bangalore
12.9055752,77.5425258,,hospital,Karnataka,osm_cache:Bangalore
12.9271897,77.5447555,,clinic,Karnataka,osm_cache:Bangalore
12.9053197,77.6030568,,doctors,Karnataka,osm_cache:Bangalore
12.9121632,77.6098276,,hospital,Karnataka,osm_cache:Bangalore
12.918078,77.580926,,clinic,Karnataka,osm_cache:Bangalore
12.9136262,77.6045369,,hospital,Karnataka,osm_cache:Bangalore
12.9334096,77.5622345,,hospital,Karnataka,osm_cache:Bangalore
12.914444,77.546796,,clinic,Karnataka,osm_cache:Bangalore
12.9174804,77.5608236,,clinic,Karnataka,osm_cache:Bangalore
12.9239445,77.6198634,,hospital,Karnataka,osm_cache:Bangalore
12.9212952,77.5416399,,clinic,Karnataka,osm_cache:Bangalore
12.925261,77.549434,,clinic,Karnataka,osm_cache:Bangalore
12.9138294,77.6070373,,clinic,Karnataka,osm_cache:Bangalore
12.9191848,77.6104644,,clinic,Karnataka,osm_cache:Bangalore
12.9232355,77.6021539,,clinic,Karnataka,osm_cache:Bangalore
12.924153,77.565797,,hospital,Karnataka,osm_cache:Bangalore
12.905774,77.536862,,clinic,Karnataka,osm_cache:Bangalore
12.9250629,77.5453371,,clinic,Karnataka,osm_cache:Bangalore
12.9278507,77.5506292,,clinic,Karnataka,osm_cache:Bangalore
12.9226964,77.5630076,,clinic,Karnataka,osm_cache:Bangalore
12.907377,77.6040762,,clinic,Karnataka,osm_cache:Bangalore
12.919227,77.575866,,clinic,Karnataka,osm_cache:Bangalore
12.9245451,77.5492886,,doctors,Karnataka,osm_cache:Bangalore
12.917402,77.6010132,,clinic,Karnataka,osm_cache:Bangalore
12.9159348,77.6034098,,hospital,Karnataka,osm_cache:Bangalore
12.916234,77.593019,,hospital,Karnataka,osm_cache:Bangalore
12.915263,77.584736,,clinic,Karnataka,osm_cache:Bangalore
12.918787,77.605897,,clinic,Karnataka,osm_cache:Bangalore
12.9190762,77.6092154,,clinic,Karnataka,osm_cache:Bangalore
12.9254569,77.5467101,,hospital,Karnataka,osm_cache:Bangalore
12.9249909,77.5440968,,clinic,Karnataka,osm_cache:Bangalore
12.925235,77.540841,,clinic,Karnataka,osm_cache:Bangalore
12.9221202,77.610766,,clinic,Karnataka,osm_cache:Bangalore
12.9265183,77.6090995,,hospital,Karnataka,osm_cache:Bangalore
12.9202202,77.5772991,,hospital,Karnataka,osm_cache:Bangalore
12.912832,77.605728,,clinic,Karnataka,osm_cache:Bangalore
12.9052928,77.5423946,,clinic,Karnataka,osm_cache:Bangalore
12.9254955,77.5402548,,clinic,Karnataka,osm_cache:Bangalore
12.909983,77.544557,,clinic,Karnataka,osm_cache:Bangalore
12.924474,77.55082,,clinic,Karnataka,osm_cache:Bangalore
12.9075819,77.5470543,,clinic,Karnataka,osm_cache:Bangalore
12.923358,77.5467868,,clinic,Karnataka,osm_cache:Bangalore
12.923857,77.611355,,hospital,Karnataka,osm_cache:Bangalore
12.916885,77.585258,,hospital,Karnataka,osm_cache:Bangalore
12.918036,77.603516,,clinic,Karnataka,osm_cache:Bangalore
12.9082942,77.6050646,,clinic,Karnataka,osm_cache:Bangalore
12.906113,77.542548,,hospital,Karnataka,osm_cache:Bangalore
12.9152752,77.5394034,,clinic,Karnataka,osm_cache:Bangalore
12.9204339,77.5624477,,clinic,Karnataka,osm_cache:Bangalore
12.9759367,77.6469418,,clinic,Karnataka,osm_cache:Bangalore
12.9778121,77.6459447,,hospital,Karnataka,osm_cache:Bangalore
12.967786,77.5303786,,clinic,Karnataka,osm_cache:Bangalore
13.0096996,77.5760799,,clinic,Karnataka,osm_cache:Bangalore
13.0055162,77.5739831,,clinic,Karnataka,osm_cache:Bangalore
13.0056853,77.5805903,,clinic,Karnataka,osm_cache:Bangalore
13.002402,77.5540647,,clinic,Karnataka,osm_cache:Bangalore
13.0022436,77.621601,,clinic,Karnataka,osm_cache:Bangalore
13.0016601,77.5584934,,clinic,Karnataka,osm_cache:Bangalore
13.0000365,77.5349821,,clinic,Karnataka,osm_cache:Bangalore
12.9986082,77.5425992,,clinic,Karnataka,osm_cache:Bangalore
12.9982397,77.5710706,,clinic,Karnataka,osm_cache:Bangalore
12.9918121,77.5626808,,clinic,Karnataka,osm_cache:Bangalore
12.9912126,77.5662996,,clinic,Karnataka,osm_cache:Bangalore
12.9717729,77.5519645,,clinic,Karnataka,osm_cache:Bangalore
13.070554,77.5388968,,hospital,Karnataka,osm_cache:Bangalore
13.0621628,77.5177637,,hospital,Karnataka,osm_cache:Bangalore
13.0559513,77.5329456,,hospital,Karnataka,osm_cache:Bangalore
13.0439933,77.5065494,,hospital,Karnataka,osm_cache:Bangalore
13.0313399,77.5055985,,hospital,Karnataka,osm_cache:Bangalore
13.0280728,77.5231858,,hospital,Karnataka,osm_cache:Bangalore
13.006795,77.571159,,hospital,Karnataka,osm_cache:Bangalore
13.005821,77.5725746,,hospital,Karnataka,osm_cache:Bangalore
13.0054934,77.5719519,,hospital,Karnataka,osm_cache:Bangalore
13.004596,77.5540033,,hospital,Karnataka,osm_cache:Bangalore
13.0044307,77.5785238,,hospital,Karnataka,osm_cache:Bangalore
13.004314,77.547749,,hospital,Karnataka,osm_cache:Bangalore
13.0015461,77.5721683,,hospital,Karnataka,osm_cache:Bangalore
12.998238,77.551173,,hospital,Karnataka,osm_cache:Bangalore
12.9981064,77.6008126,,hospital,Karnataka,osm_cache:Bangalore
12.9969996,77.5730038,,hospital,Karnataka,osm_cache:Bangalore
12.9960244,77.5693714,,hospital,Karnataka,osm_cache:Bangalore
12.9916924,77.5539007,,hospital,Karnataka,osm_cache:Bangalore
12.9905045,77.5566355,,hospital,Karnataka,osm_cache:Bangalore
12.9904985,77.5530924,,hospital,Karnataka,osm_cache:Bangalore
12.9844963,77.5551801,,hospital,Karnataka,osm_cache:Bangalore
12.9336108,77.5415266,,clinic,Karnataka,osm_cache:Bangalore
12.9579281,77.6485471,,clinic,Karnataka,osm_cache:Bangalore
13.0287266,77.5393827,,doctors,Karnataka,osm_cache:Bangalore
12.9357161,77.594267,,clinic,Karnataka,osm_cache:Bangalore
13.0332219,77.5549236,,hospital,Karnataka,osm_cache:Bangalore
12.9305937,77.6186159,,hospital,Karnataka,osm_cache:Bangalore
12.8984689,77.6572967,,clinic,Karnataka,osm_cache:Bangalore
12.9977569,77.5407442,,clinic,Karnataka,osm_cache:Bangalore
12.959775,77.5674788,,clinic,Karnataka,osm_cache:Bangalore
12.9261315,77.5847369,,clinic,Karnataka,osm_cache:Bangalore
13.0022702,77.6216147,,clinic,Karnataka,osm_cache:Bangalore
13.0002611,77.6208809,,clinic,Karnataka,osm_cache:Bangalore
12.9128623,77.5714903,,hospital,Karnataka,osm_cache:Bangalore
12.9288444,77.5828703,,hospital,Karnataka,osm_cache:Bangalore
12.9592631,77.5931659,,clinic,Karnataka,osm_cache:Bangalore
12.9689946,77.6936227,,clinic,Karnataka,osm_cache:Bangalore
13.0370182,77.6278442,,clinic,Karnataka,osm_cache:Bangalore
13.0544507,77.6316369,,hospital,Karnataka,osm_cache:Bangalore
12.8536938,77.6660164,,clinic,Karnataka,osm_cache:Bangalore
12.9557239,77.5177181,,clinic,Karnataka,osm_cache:Bangalore
12.9355966,77.5971575,,hospital,Karnataka,osm_cache:Bangalore
13.0344639,77.6291947,,hospital,Karnataka,osm_cache:Bangalore
12.8474,77.6439378,,hospital,Karnataka,osm_cache:Bangalore
12.9343959,77.6970325,,clinic,Karnataka,osm_cache:Bangalore
12.9365809,77.7033198,,clinic,Karnataka,osm_cache:Bangalore
12.9365283,77.7046741,,hospital,Karnataka,osm_cache:Bangalore
12.9556074,77.7216631,,hospital,Karnataka,osm_cache:Bangalore
12.9385536,77.6970795,,clinic,Karnataka,osm_cache:Bangalore
12.9358709,77.7211024,,clinic,Karnataka,osm_cache:Bangalore
12.9396871,77.722405,,clinic,Karnataka,osm_cache:Bangalore
12.9337751,77.7433234,,hospital,Karnataka,osm_cache:Bangalore
12.9555826,77.7215706,,clinic,Karnataka,osm_cache:Bangalore
12.9555812,77.7214813,,clinic,Karnataka,osm_cache:Bangalore
12.960334,77.7187368,,clinic,Karnataka,osm_cache:Bangalore
12.8832909,77.5500857,,hospital,Karnataka,osm_cache:Bangalore
12.9555785,77.7197673,,clinic,Karnataka,osm_cache:Bangalore
12.9429852,77.5460604,,hospital,Karnataka,osm_cache:Bangalore
12.9594686,77.7184595,,clinic,Karnataka,osm_cache:Bangalore
12.965142,77.7017071,,clinic,Karnataka,osm_cache:Bangalore
12.9691264,77.6405793,,clinic,Karnataka,osm_cache:Bangalore
12.9814463,77.6061401,,clinic,Karnataka,osm_cache:Bangalore
12.9449334,77.6196372,,clinic,Karnataka,osm_cache:Bangalore
12.9174635,77.6515123,,clinic,Karnataka,osm_cache:Bangalore
12.9563317,77.7305782,,hospital,Karnataka,osm_cache:Bangalore
12.9333552,77.6224709,,clinic,Karnataka,osm_cache:Bangalore
12.9511615,77.6225552,,clinic,Karnataka,osm_cache:Bangalore
12.9263862,77.6766068,,hospital,Karnataka,osm_cache:Bangalore
12.9174363,77.64467,,clinic,Karnataka,osm_cache:Bangalore
13.0261502,77.5776319,,clinic,Karnataka,osm_cache:Bangalore
12.8567838,77.541725,,clinic,Karnataka,osm_cache:Bangalore
12.920554,77.5915324,,clinic,Karnataka,osm_cache:Bangalore
12.9587793,77.7200019,,doctors,Karnataka,osm_cache:Bangalore
12.894727,77.6616046,,clinic,Karnataka,osm_cache:Bangalore
12.9127582,77.6519241,,clinic,Karnataka,osm_cache:Bangalore
13.048083,77.628791,,hospital,Karnataka,osm_cache:Bangalore
13.0664266,77.641042,,clinic,Karnataka,osm_cache:Bangalore
12.9078712,77.651886,,doctors,Karnataka,osm_cache:Bangalore
12.9946616,77.6961287,,clinic,Karnataka,osm_cache:Bangalore
12.9172857,77.5845399,,clinic,Karnataka,osm_cache:Bangalore
12.9173916,77.5785137,,clinic,Karnataka,osm_cache:Bangalore
12.9874393,77.6893768,,clinic,Karnataka,osm_cache:Bangalore
12.9177197,77.5799118,,clinic,Karnataka,osm_cache:Bangalore
12.9985298,77.5575603,,clinic,Karnataka,osm_cache:Bangalore
12.9094156,77.663997,,hospital,Karnataka,osm_cache:Bangalore
12.9966455,77.6211025,,clinic,Karnataka,osm_cache:Bangalore
13.0014615,77.6239398,,doctors,Karnataka,osm_cache:Bangalore
13.0053041,77.6232049,,clinic,Karnataka,osm_cache:Bangalore
12.9918503,77.5437825,,hospital,Karnataka,osm_cache:Bangalore
12.9144825,77.6491563,,hospital,Karnataka,osm_cache:Bangalore
12.9873583,77.5507381,,clinic,Karnataka,osm_cache:Bangalore
12.9568006,77.5697604,,clinic,Karnataka,osm_cache:Bangalore
12.9525434,77.569727,,clinic,Karnataka,osm_cache:Bangalore
12.9512118,77.5696962,,doctors,Karnataka,osm_cache:Bangalore
12.9570859,77.5701608,,clinic,Karnataka,osm_cache:Bangalore
12.8880434,77.5816502,,doctors,Karnataka,osm_cache:Bangalore
13.0586257,77.5924592,,doctors,Karnataka,osm_cache:Bangalore
13.0065349,77.6237528,,doctors,Karnataka,osm_cache:Bangalore
13.0062086,77.6249783,,doctors,Karnataka,osm_cache:Bangalore
13.0008846,77.6235326,,clinic,Karnataka,osm_cache:Bangalore
13.0139282,77.6423538,,clinic,Karnataka,osm_cache:Bangalore
13.0633458,77.5908133,,doctors,Karnataka,osm_cache:Bangalore
13.0636324,77.5899294,,clinic,Karnataka,osm_cache:Bangalore
13.0635932,77.588335,,doctors,Karnataka,osm_cache:Bangalore
13.0636273,77.5881871,,clinic,Karnataka,osm_cache:Bangalore
13.0639031,77.5883845,,doctors,Karnataka,osm_cache:Bangalore
13.0639293,77.5892806,,clinic,Karnataka,osm_cache:Bangalore
12.9046774,77.5856497,,clinic,Karnataka,osm_cache:Bangalore
12.912655,77.6325493,,doctors,Karnataka,osm_cache:Bangalore
12.9150191,77.6325124,,clinic,Karnataka,osm_cache:Bangalore
12.9782618,77.6435889,,hospital,Karnataka,osm_cache:Bangalore
12.917472,77.5757825,,clinic,Karnataka,osm_cache:Bangalore
12.9132656,77.6057264,,clinic,Karnataka,osm_cache:Bangalore
12.9136053,77.6070457,,clinic,Karnataka,osm_cache:Bangalore
12.9400516,77.5954768,,hospital,Karnataka,osm_cache:Bangalore
12.9396498,77.5967825,,hospital,Karnataka,osm_cache:Bangalore
12.9402037,77.5954721,,hospital,Karnataka,osm_cache:Bangalore
12.9134261,77.6050916,,clinic,Karnataka,osm_cache:Bangalore
12.8784742,77.5450234,,hospital,Karnataka,osm_cache:Bangalore
12.9062356,77.5762138,,clinic,Karnataka,osm_cache:Bangalore
12.9062412,77.5769133,,clinic,Karnataka,osm_cache:Bangalore
12.9107901,77.5822781,,clinic,Karnataka,osm_cache:Bangalore
12.906071,77.5869281,,hospital,Karnataka,osm_cache:Bangalore
12.9070993,77.5825707,,clinic,Karnataka,osm_cache:Bangalore
12.9107148,77.583503,,doctors,Karnataka,osm_cache:Bangalore
12.9106464,77.5841885,,clinic,Karnataka,osm_cache:Bangalore
12.9103298,77.587092,,doctors,Karnataka,osm_cache:Bangalore
12.9061026,77.5914037,,clinic,Karnataka,osm_cache:Bangalore
12.9089273,77.6494595,,clinic,Karnataka,osm_cache:Bangalore
12.9166445,77.5936147,,clinic,Karnataka,osm_cache:Bangalore
12.8350455,77.693987,,hospital,Karnataka,osm_cache:Bangalore
12.8362179,77.6869086,,clinic,Karnataka,osm_cache:Bangalore
12.8362408,77.6868352,,clinic,Karnataka,osm_cache:Bangalore
12.9596032,77.5112481,,hospital,Karnataka,osm_cache:Bangalore
12.9644348,77.7158331,,clinic,Karnataka,osm_cache:Bangalore
13.058128,77.5860405,,hospital,Karnataka,osm_cache:Bangalore
12.9106462,77.65207,,doctors,Karnataka,osm_cache:Bangalore
13.0086529,77.5718825,,clinic,Karnataka,osm_cache:Bangalore
13.0355885,77.5573862,,clinic,Karnataka,osm_cache:Bangalore
13.0093245,77.5798606,,clinic,Karnataka,osm_cache:Bangalore
12.9206693,77.6495699,,clinic,Karnataka,osm_cache:Bangalore
12.9163949,77.6509828,,clinic,Karnataka,osm_cache:Bangalore
12.977022,77.6412175,,clinic,Karnataka,osm_cache:Bangalore
13.0094685,77.5531501,,clinic,Karnataka,osm_cache:Bangalore
12.9774449,77.6271297,,hospital,Karnataka,osm_cache:Bangalore
12.9784197,77.6306998,,clinic,Karnataka,osm_cache:Bangalore
12.9761193,77.6242848,,doctors,Karnataka,osm_cache:Bangalore
12.8804891,77.6552588,,hospital,Karnataka,osm_cache:Bangalore
12.9778346,77.6282837,,hospital,Karnataka,osm_cache:Bangalore
12.9549096,77.721061,,clinic,Karnataka,osm_cache:Bangalore
12.9553436,77.7209014,,clinic,Karnataka,osm_cache:Bangalore
12.9469762,77.722384,,clinic,Karnataka,osm_cache:Bangalore
12.8933895,77.6368614,,hospital,Karnataka,osm_cache:Bangalore
12.9051059,77.5600192,,clinic,Karnataka,osm_cache:Bangalore
12.9061994,77.5630843,,clinic,Karnataka,osm_cache:Bangalore
12.9075935,77.5707809,,hospital,Karnataka,osm_cache:Bangalore
12.9477417,77.5793843,,doctors,Karnataka,osm_cache:Bangalore
12.9971683,77.6145878,,hospital,Karnataka,osm_cache:Bangalore
13.0006814,77.6166833,,clinic,Karnataka,osm_cache:Bangalore
12.9993917,77.6182696,,clinic,Karnataka,osm_cache:Bangalore
12.8835095,77.550214,,hospital,Karnataka,osm_cache:Bangalore
13.0063748,77.5693297,,doctors,Karnataka,osm_cache:Bangalore
13.0040251,77.569424,,clinic,Karnataka,osm_cache:Bangalore
13.0075248,77.5692974,,clinic,Karnataka,osm_cache:Bangalore
13.0070878,77.5691125,,doctors,Karnataka,osm_cache:Bangalore
13.0058272,77.5691213,,clinic,Karnataka,osm_cache:Bangalore
13.0081116,77.569112,,clinic,Karnataka,osm_cache:Bangalore
13.0026347,77.5712549,,clinic,Karnataka,osm_cache:Bangalore
12.9671277,77.5363679,,clinic,Karnataka,osm_cache:Bangalore
13.0023121,77.5694635,,clinic,Karnataka,osm_cache:Bangalore
12.9240012,77.6481809,,hospital,Karnataka,osm_cache:Bangalore
12.9598176,77.5335655,,clinic,Karnataka,osm_cache:Bangalore
12.9593134,77.5360153,,clinic,Karnataka,osm_cache:Bangalore
12.9567879,77.5332602,,clinic,Karnataka,osm_cache:Bangalore
12.9570968,77.5327946,,clinic,Karnataka,osm_cache:Bangalore
12.9650601,77.5389467,,clinic,Karnataka,osm_cache:Bangalore
12.9649164,77.5392244,,clinic,Karnataka,osm_cache:Bangalore
12.9058817,77.6037517,,hospital,Karnataka,osm_cache:Bangalore
13.060184,77.5888665,,doctors,Karnataka,osm_cache:Bangalore
13.0604878,77.5885002,,clinic,Karnataka,osm_cache:Bangalore
13.0588992,77.5905918,,clinic,Karnataka,osm_cache:Bangalore
13.0578826,77.5888392,,clinic,Karnataka,osm_cache:Bangalore
13.0605948,77.5873304,,clinic,Karnataka,osm_cache:Bangalore
13.0632365,77.5900752,,clinic,Karnataka,osm_cache:Bangalore
13.057458,77.5910073,,clinic,Karnataka,osm_cache:Bangalore
13.0589649,77.590642,,clinic,Karnataka,osm_cache:Bangalore
13.0624568,77.592227,,hospital,Karnataka,osm_cache:Bangalore
13.0586588,77.591111,,doctors,Karnataka,osm_cache:Bangalore
13.0593748,77.5926249,,clinic,Karnataka,osm_cache:Bangalore
13.0574294,77.5904617,,clinic,Karnataka,osm_cache:Bangalore
13.0574767,77.5902837,,clinic,Karnataka,osm_cache:Bangalore
13.0610523,77.5871633,,clinic,Karnataka,osm_cache:Bangalore
13.0604183,77.5873596,,clinic,Karnataka,osm_cache:Bangalore
13.0578745,77.5889485,,clinic,Karnataka,osm_cache:Bangalore
12.8908863,77.606061,,clinic,Karnataka,osm_cache:Bangalore
12.8911892,77.6065268,,clinic,Karnataka,osm_cache:Bangalore
12.892281,77.6112304,,clinic,Karnataka,osm_cache:Bangalore
13.0065047,77.5545009,,hospital,Karnataka,osm_cache:Bangalore
13.0075047,77.5546283,,clinic,Karnataka,osm_cache:Bangalore
12.9988382,77.5550964,,hospital,Karnataka,osm_cache:Bangalore
13.0045882,77.7167045,,clinic,Karnataka,osm_cache:Bangalore
12.9218007,77.5933109,,clinic,Karnataka,osm_cache:Bangalore
13.0313936,77.6355645,,doctors,Karnataka,osm_cache:Bangalore
12.9608513,77.7135638,,doctors,Karnataka,osm_cache:Bangalore
12.9658922,77.7138464,,clinic,Karnataka,osm_cache:Bangalore
12.9641605,77.7142226,,clinic,Karnataka,osm_cache:Bangalore
12.9164448,77.6046546,,clinic,Karnataka,osm_cache:Bangalore
12.9654724,77.6027445,,clinic,Karnataka,osm_cache:Bangalore
13.002768,77.5536287,,hospital,Karnataka,osm_cache:Bangalore
12.9952654,77.6081268,,clinic,Karnataka,osm_cache:Bangalore
12.9944409,77.607752,,clinic,Karnataka,osm_cache:Bangalore
12.9966044,77.5723384,,clinic,Karnataka,osm_cache:Bangalore
12.9296138,77.6316244,,clinic,Karnataka,osm_cache:Bangalore
13.0620051,77.5930638,,hospital,Karnataka,osm_cache:Bangalore
12.8728525,77.6515698,,hospital,Karnataka,osm_cache:Bangalore
12.9754341,77.696718,,clinic,Karnataka,osm_cache:Bangalore
12.9703082,77.636649,,doctors,Karnataka,osm_cache:Bangalore
12.8663372,77.54525,,clinic,Karnataka,osm_cache:Bangalore
12.9123978,77.6419176,,clinic,Karnataka,osm_cache:Bangalore
12.99743,77.5510293,,hospital,Karnataka,osm_cache:Bangalore
12.9568467,77.7402255,,clinic,Karnataka,osm_cache:Bangalore
12.9987184,77.552661,,clinic,Karnataka,osm_cache:Bangalore
12.871395,77.6542581,,hospital,Karnataka,osm_cache:Bangalore
12.8719033,77.654013,,clinic,Karnataka,osm_cache:Bangalore
12.8800977,77.6530592,,clinic,Karnataka,osm_cache:Bangalore
12.8841477,77.6492549,,hospital,Karnataka,osm_cache:Bangalore
12.8892622,77.6505317,,hospital,Karnataka,osm_cache:Bangalore
12.9166014,77.6349717,,clinic,Karnataka,osm_cache:Bangalore
12.973074,77.6511037,,clinic,Karnataka,osm_cache:Bangalore
12.9658506,77.6109015,,hospital,Karnataka,osm_cache:Bangalore
12.9756434,77.5361674,,clinic,Karnataka,osm_cache:Bangalore
12.9717272,77.5366398,,clinic,Karnataka,osm_cache:Bangalore
12.9756929,77.5358082,,clinic,Karnataka,osm_cache:Bangalore
12.9754354,77.5358965,,hospital,Karnataka,osm_cache:Bangalore
13.0570278,77.6444364,,clinic,Karnataka,osm_cache:Bangalore
12.9962739,77.6075693,,hospital,Karnataka,osm_cache:Bangalore
12.9261144,77.5818696,,doctors,Karnataka,osm_cache:Bangalore
12.9236086,77.5854336,,clinic,Karnataka,osm_cache:Bangalore
12.9560244,77.717073,,clinic,Karnataka,osm_cache:Bangalore
12.9563494,77.7284867,,clinic,Karnataka,osm_cache:Bangalore
12.9342277,77.6296323,,hospital,Karnataka,osm_cache:Bangalore
13.0271055,77.5778326,,clinic,Karnataka,osm_cache:Bangalore
12.9797531,77.6354352,,clinic,Karnataka,osm_cache:Bangalore
13.0633964,77.5057075,,clinic,Karnataka,osm_cache:Bangalore
12.8418319,77.6451267,,clinic,Karnataka,osm_cache:Bangalore
12.9569057,77.5824398,,hospital,Karnataka,osm_cache:Bangalore
12.956499,77.7168607,,clinic,Karnataka,osm_cache:Bangalore
12.9566829,77.7414284,,hospital,Karnataka,osm_cache:Bangalore
12.9937247,77.5539724,,hospital,Karnataka,osm_cache:Bangalore
12.9812089,77.6020482,,clinic,Karnataka,osm_cache:Bangalore
12.9868761,77.5984573,,clinic,Karnataka,osm_cache:Bangalore
12.9257492,77.7377807,,clinic,Karnataka,osm_cache:Bangalore
12.9568252,77.7408435,,clinic,Karnataka,osm_cache:Bangalore
13.022113,77.6388793,,clinic,Karnataka,osm_cache:Bangalore
12.9644726,77.6143018,,hospital,Karnataka,osm_cache:Bangalore
13.0680994,77.5542103,,doctors,Karnataka,osm_cache:Bangalore
13.0692173,77.5561774,,clinic,Karnataka,osm_cache:Bangalore
12.9160037,77.6523087,,hospital,Karnataka,osm_cache:Bangalore
12.980602,77.7092104,,hospital,Karnataka,osm_cache:Bangalore
12.9762006,77.7258334,,hospital,Karnataka,osm_cache:Bangalore
12.8745652,77.5394104,,clinic,Karnataka,osm_cache:Bangalore
13.0676724,77.5598943,,doctors,Karnataka,osm_cache:Bangalore
12.9966783,77.5728746,,clinic,Karnataka,osm_cache:Bangalore
12.928995,77.5769386,,clinic,Karnataka,osm_cache:Bangalore
12.9296701,77.5764082,,hospital,Karnataka,osm_cache:Bangalore
13.0054941,77.659597,,clinic,Karnataka,osm_cache:Bangalore
12.9101317,77.5908631,,clinic,Karnataka,osm_cache:Bangalore
12.9346221,77.6284665,,hospital,Karnataka,osm_cache:Bangalore
13.0170153,77.6429262,,hospital,Karnataka,osm_cache:Bangalore
12.9405054,77.5848675,,hospital,Karnataka,osm_cache:Bangalore
12.9313014,77.7418274,,clinic,Karnataka,osm_cache:Bangalore
12.9561115,77.7168981,,doctors,Karnataka,osm_cache:Bangalore
13.0202419,77.6516186,,hospital,Karnataka,osm_cache:Bangalore
13.0058328,77.6597392,,hospital,Karnataka,osm_cache:Bangalore
12.8873538,77.7400395,,doctors,Karnataka,osm_cache:Bangalore
13.0059814,77.5651154,,clinic,Karnataka,osm_cache:Bangalore
13.0219385,77.6385853,,hospital,Karnataka,osm_cache:Bangalore
12.9179144,77.5967581,,clinic,Karnataka,osm_cache:Bangalore
12.95607,77.7164684,,doctors,Karnataka,osm_cache:Bangalore
12.9070989,77.5460762,,hospital,Karnataka,osm_cache:Bangalore
12.9364209,77.7025524,,clinic,Karnataka,osm_cache:Bangalore
12.9714129,77.6474946,,clinic,Karnataka,osm_cache:Bangalore
13.0040144,77.568516,,clinic,Karnataka,osm_cache:Bangalore
12.9531575,77.5712977,,clinic,Karnataka,osm_cache:Bangalore
12.9528447,77.571206,,doctors,Karnataka,osm_cache:Bangalore
12.9966075,77.5425278,,clinic,Karnataka,osm_cache:Bangalore
12.9126004,77.6329359,,clinic,Karnataka,osm_cache:Bangalore
12.8603132,77.5423146,,clinic,Karnataka,osm_cache:Bangalore
12.9610086,77.7162207,,clinic,Karnataka,osm_cache:Bangalore
12.9670092,77.7026221,,clinic,Karnataka,osm_cache:Bangalore
13.0087658,77.6228679,,clinic,Karnataka,osm_cache:Bangalore
12.932315,77.6852483,,hospital,Karnataka,osm_cache:Bangalore
12.9534135,77.528608,,doctors,Karnataka,osm_cache:Bangalore
12.9783093,77.6426202,,hospital,Karnataka,osm_cache:Bangalore
13.0635992,77.5895961,,hospital,Karnataka,osm_cache:Bangalore
12.9120415,77.6479898,,hospital,Karnataka,osm_cache:Bangalore
12.9981698,77.5429724,,hospital,Karnataka,osm_cache:Bangalore
12.9880628,77.7298427,,hospital,Karnataka,osm_cache:Bangalore
12.9836261,77.5368865,,clinic,Karnataka,osm_cache:Bangalore
12.9609602,77.6357945,,clinic,Karnataka,osm_cache:Bangalore
12.8695143,77.6542531,,hospital,Karnataka,osm_cache:Bangalore
12.855088,77.6631602,,hospital,Karnataka,osm_cache:Bangalore
12.9703089,77.6401984,,clinic,Karnataka,osm_cache:Bangalore
13.0408289,77.5626277,,hospital,Karnataka,osm_cache:Bangalore
13.0319227,77.5702604,,clinic,Karnataka,osm_cache:Bangalore
12.907304,77.6962627,,clinic,Karnataka,osm_cache:Bangalore
12.970552,77.6999034,,clinic,Karnataka,osm_cache:Bangalore
13.059585,77.648516,,hospital,Karnataka,osm_cache:Bangalore
12.8708812,77.5427521,,clinic,Karnataka,osm_cache:Bangalore
12.9102407,77.5506789,,clinic,Karnataka,osm_cache:Bangalore
13.0570579,77.50915,,clinic,Karnataka,osm_cache:Bangalore
13.0569019,77.5096801,,clinic,Karnataka,osm_cache:Bangalore
12.9072685,77.64555,,hospital,Karnataka,osm_cache:Bangalore
12.9324666,77.6853621,,hospital,Karnataka,osm_cache:Bangalore
12.9223321,77.577866,,clinic,Karnataka,osm_cache:Bangalore
12.8498576,77.7351739,,clinic,Karnataka,osm_cache:Bangalore
12.9505221,77.5957261,,clinic,Karnataka,osm_cache:Bangalore
12.9094559,77.5952696,,clinic,Karnataka,osm_cache:Bangalore
12.9015628,77.6605259,,clinic,Karnataka,osm_cache:Bangalore
12.9114199,77.5850249,,hospital,Karnataka,osm_cache:Bangalore
12.9779337,77.6461885,,hospital,Karnataka,osm_cache:Bangalore
13.0305079,77.535667,,hospital,Karnataka,osm_cache:Bangalore
13.0270228,77.6394042,,doctors,Karnataka,osm_cache:Bangalore
13.0157723,77.5638038,,hospital,Karnataka,osm_cache:Bangalore
12.9950532,77.5697431,,hospital,Karnataka,osm_cache:Bangalore
12.9708175,77.5857431,,hospital,Karnataka,osm_cache:Bangalore
12.9681553,77.5950421,,hospital,Karnataka,osm_cache:Bangalore
12.9261175,77.592549,,hospital,Karnataka,osm_cache:Bangalore
12.9383683,77.5899069,,hospital,Karnataka,osm_cache:Bangalore
12.918526,77.599265,,hospital,Karnataka,osm_cache:Bangalore
13.0503387,77.5567647,,hospital,Karnataka,osm_cache:Bangalore
12.8947511,77.5985816,,hospital,Karnataka,osm_cache:Bangalore
12.896305,77.5983495,,hospital,Karnataka,osm_cache:Bangalore
12.9914884,77.5952993,,hospital,Karnataka,osm_cache:Bangalore
12.9830115,77.6047116,,hospital,Karnataka,osm_cache:Bangalore
12.9837175,77.599792,,hospital,Karnataka,osm_cache:Bangalore
12.9641529,77.5676947,,hospital,Karnataka,osm_cache:Bangalore
12.9798353,77.5651105,,hospital,Karnataka,osm_cache:Bangalore
13.0347249,77.5901708,,hospital,Karnataka,osm_cache:Bangalore
12.9713479,77.6367243,,hospital,Karnataka,osm_cache:Bangalore
12.992488,77.7062224,,hospital,Karnataka,osm_cache:Bangalore
12.9110143,77.5797725,,hospital,Karnataka,osm_cache:Bangalore
12.9574104,77.7134875,,hospital,Karnataka,osm_cache:Bangalore
12.9571436,77.7128215,,hospital,Karnataka,osm_cache:Bangalore
12.9833345,77.5945358,,hospital,Karnataka,osm_cache:Bangalore
12.9808814,77.7303048,,hospital,Karnataka,osm_cache:Bangalore
12.9468482,77.5956798,,clinic,Karnataka,osm_cache:Bangalore
12.908884,77.5136186,,hospital,Karnataka,osm_cache:Bangalore
12.9587074,77.6490296,,hospital,Karnataka,osm_cache:Bangalore
13.0115204,77.5521069,,clinic,Karnataka,osm_cache:Bangalore
12.9409612,77.5455617,,hospital,Karnataka,osm_cache:Bangalore
12.9164637,77.5796155,,hospital,Karnataka,osm_cache:Bangalore
12.9585777,77.6481409,,hospital,Karnataka,osm_cache:Bangalore
12.9829238,77.6446972,,hospital,Karnataka,osm_cache:Bangalore
12.9839262,77.6436191,,hospital,Karnataka,osm_cache:Bangalore
12.9864155,77.6437586,,hospital,Karnataka,osm_cache:Bangalore
12.9909672,77.5535011,,hospital,Karnataka,osm_cache:Bangalore
12.9308127,77.5412224,,hospital,Karnataka,osm_cache:Bangalore
12.966082,77.656317,,hospital,Karnataka,osm_cache:Bangalore
13.0282176,77.569775,,hospital,Karnataka,osm_cache:Bangalore
12.9691029,77.6133228,,hospital,Karnataka,osm_cache:Bangalore
12.9634957,77.5736948,,hospital,Karnataka,osm_cache:Bangalore
13.050953,77.5938654,,hospital,Karnataka,osm_cache:Bangalore
12.9643477,77.5845256,,hospital,Karnataka,osm_cache:Bangalore
12.9858278,77.6429649,,hospital,Karnataka,osm_cache:Bangalore
12.9803669,77.5390159,,hospital,Karnataka,osm_cache:Bangalore
12.9773598,77.5428202,,hospital,Karnataka,osm_cache:Bangalore
13.0271503,77.5768623,,hospital,Karnataka,osm_cache:Bangalore
12.936526,77.5981388,,hospital,Karnataka,osm_cache:Bangalore
12.9644407,77.5926745,,hospital,Karnataka,osm_cache:Bangalore
13.0224158,77.6580401,,hospital,Karnataka,osm_cache:Bangalore
12.9173301,77.5851028,,hospital,Karnataka,osm_cache:Bangalore
12.9555043,77.7053083,,hospital,Karnataka,osm_cache:Bangalore
12.8433084,77.6754789,,hospital,Karnataka,osm_cache:Bangalore
12.9907432,77.5649082,,hospital,Karnataka,osm_cache:Bangalore
12.9623685,77.6664034,,hospital,Karnataka,osm_cache:Bangalore
12.9294355,77.564005,,hospital,Karnataka,osm_cache:Bangalore
12.9363683,77.5843165,,hospital,Karnataka,osm_cache:Bangalore
12.9216723,77.5721649,,hospital,Karnataka,osm_cache:Bangalore
12.9253024,77.5774064,,hospital,Karnataka,osm_cache:Bangalore
13.0302068,77.560704,,hospital,Karnataka,osm_cache:Bangalore
12.9884932,77.5945504,,hospital,Karnataka,osm_cache:Bangalore
12.9952564,77.6527138,,hospital,Karnataka,osm_cache:Bangalore
12.9788013,77.6380849,,hospital,Karnataka,osm_cache:Bangalore
13.0116917,77.5438731,,hospital,Karnataka,osm_cache:Bangalore
12.9103373,77.6004789,,hospital,Karnataka,osm_cache:Bangalore
12.9356389,77.5935945,,hospital,Karnataka,osm_cache:Bangalore
12.9357711,77.5939433,,hospital,Karnataka,osm_cache:Bangalore
12.9409785,77.5943587,,doctors,Karnataka,osm_cache:Bangalore
12.9744546,77.5640222,,hospital,Karnataka,osm_cache:Bangalore
13.0384676,77.527802,,hospital,Karnataka,osm_cache:Bangalore
12.9999803,77.6144986,,hospital,Karnataka,osm_cache:Bangalore
12.9685282,77.6457748,,hospital,Karnataka,osm_cache:Bangalore
13.065084,77.5936343,,hospital,Karnataka,osm_cache:Bangalore
12.9702189,77.6382451,,clinic,Karnataka,osm_cache:Bangalore
13.0236925,77.6370146,,clinic,Karnataka,osm_cache:Bangalore
12.9759331,77.6470463,,clinic,Karnataka,osm_cache:Bangalore
13.0146094,77.6464563,,hospital,Karnataka,osm_cache:Bangalore
12.9714272,77.627494,,hospital,Karnataka,osm_cache:Bangalore
12.9599619,77.7126304,,hospital,Karnataka,osm_cache:Bangalore
12.9718119,77.693776,,hospital,Karnataka,osm_cache:Bangalore
12.9920515,77.7064747,,hospital,Karnataka,osm_cache:Bangalore
13.0285228,77.5587301,,hospital,Karnataka,osm_cache:Bangalore
12.9462857,77.5947772,,hospital,Karnataka,osm_cache:Bangalore
12.9194536,77.5838939,,hospital,Karnataka,osm_cache:Bangalore
12.982185,77.6414945,,clinic,Karnataka,osm_cache:Bangalore
12.9807106,77.646011,,hospital,Karnataka,osm_cache:Bangalore
12.9265095,77.5808392,,hospital,Karnataka,osm_cache:Bangalore
12.9491888,77.5968148,,hospital,Karnataka,osm_cache:Bangalore
12.978694,77.5744614,,hospital,Karnataka,osm_cache:Bangalore
12.9279948,77.5894064,,hospital,Karnataka,osm_cache:Bangalore
12.9683093,77.6398241,,clinic,Karnataka,osm_cache:Bangalore
12.9346732,77.6287815,,hospital,Karnataka,osm_cache:Bangalore
12.9343637,77.589961,,clinic,Karnataka,osm_cache:Bangalore
12.9883419,77.5726976,,hospital,Karnataka,osm_cache:Bangalore
12.9928137,77.5386455,,hospital,Karnataka,osm_cache:Bangalore
12.9929463,77.5386927,,hospital,Karnataka,osm_cache:Bangalore
12.9479261,77.5709428,,clinic,Karnataka,osm_cache:Bangalore
12.9052747,77.6031945,,hospital,Karnataka,osm_cache:Bangalore
13.0084773,77.5684217,,hospital,Karnataka,osm_cache:Bangalore
12.9175748,77.6515078,,clinic,Karnataka,osm_cache:Bangalore
13.0171298,77.6432944,,hospital,Karnataka,osm_cache:Bangalore
13.0546111,77.5915016,,hospital,Karnataka,osm_cache:Bangalore
12.9262236,77.5775108,,hospital,Karnataka,osm_cache:Bangalore
12.9883622,77.5343261,,hospital,Karnataka,osm_cache:Bangalore
12.9659074,77.7025531,,hospital,Karnataka,osm_cache:Bangalore
13.0152635,77.6467105,,hospital,Karnataka,osm_cache:Bangalore
12.973692,77.6266773,,hospital,Karnataka,osm_cache:Bangalore
12.9882084,77.5921572,,hospital,Karnataka,osm_cache:Bangalore
12.9591543,77.6464476,,hospital,Karnataka,osm_cache:Bangalore
13.0081737,77.5634644,,hospital,Karnataka,osm_cache:Bangalore
12.991305,77.6011314,,hospital,Karnataka,osm_cache:Bangalore
12.9490229,77.6199247,,hospital,Karnataka,osm_cache:Bangalore
12.9278986,77.599855,,hospital,Karnataka,osm_cache:Bangalore
12.9078674,77.5651623,,hospital,Karnataka,osm_cache:Bangalore
12.9638769,77.627935,,hospital,Karnataka,osm_cache:Bangalore
12.9649568,77.6111852,,hospital,Karnataka,osm_cache:Bangalore
12.9377267,77.5697859,,hospital,Karnataka,osm_cache:Bangalore
12.9371517,77.5919106,,clinic,Karnataka,osm_cache:Bangalore
12.9637737,77.5896796,,hospital,Karnataka,osm_cache:Bangalore
12.9898869,77.5942601,,hospital,Karnataka,osm_cache:Bangalore
13.0067504,77.5529389,,hospital,Karnataka,osm_cache:Bangalore
13.0668492,77.6394164,,hospital,Karnataka,osm_cache:Bangalore
12.9756177,77.6470614,,hospital,Karnataka,osm_cache:Bangalore
12.9496516,77.5803074,,hospital,Karnataka,osm_cache:Bangalore
12.9880712,77.7286414,,hospital,Karnataka,osm_cache:Bangalore
12.9195467,77.6685465,,clinic,Karnataka,osm_cache:Bangalore
12.9179135,77.6722553,,hospital,Karnataka,osm_cache:Bangalore
12.9199685,77.6652549,,hospital,Karnataka,osm_cache:Bangalore
12.9059995,77.6511229,,hospital,Karnataka,osm_cache:Bangalore
12.9135595,77.6795552,,hospital,Karnataka,osm_cache:Bangalore
12.9322182,77.6853258,,hospital,Karnataka,osm_cache:Bangalore
12.9753078,77.697834,,hospital,Karnataka,osm_cache:Bangalore
12.8964133,77.6950639,,hospital,Karnataka,osm_cache:Bangalore
12.9058886,77.5800176,,clinic,Karnataka,osm_cache:Bangalore
13.0277509,77.5429924,,hospital,Karnataka,osm_cache:Bangalore
12.9104148,77.6860415,,clinic,Karnataka,osm_cache:Bangalore
12.8980981,77.6338265,,hospital,Karnataka,osm_cache:Bangalore
12.9413364,77.5674679,,hospital,Karnataka,osm_cache:Bangalore
12.9790012,77.6267043,,clinic,Karnataka,osm_cache:Bangalore
12.9980069,77.5459005,,hospital,Karnataka,osm_cache:Bangalore
13.0177672,77.5417058,,hospital,Karnataka,osm_cache:Bangalore
13.057066,77.508511,,hospital,Karnataka,osm_cache:Bangalore
13.048319,77.5080361,,hospital,Karnataka,osm_cache:Bangalore
12.9414292,77.5226387,,hospital,Karnataka,osm_cache:Bangalore
13.028489,77.6325562,,hospital,Karnataka,osm_cache:Bangalore
12.9427199,77.525514,,hospital,Karnataka,osm_cache:Bangalore
13.0046358,77.6823567,,hospital,Karnataka,osm_cache:Bangalore
13.0099309,77.5941222,,hospital,Karnataka,osm_cache:Bangalore
12.9830546,77.536518,,hospital,Karnataka,osm_cache:Bangalore
12.9863583,77.5792111,,hospital,Karnataka,osm_cache:Bangalore
13.0142942,77.5560784,,hospital,Karnataka,osm_cache:Bangalore
12.9900045,77.5989675,,hospital,Karnataka,osm_cache:Bangalore
13.0037443,77.5498305,,hospital,Karnataka,osm_cache:Bangalore
13.0545318,77.5918707,,hospital,Karnataka,osm_cache:Bangalore
13.0655647,77.5937383,,hospital,Karnataka,osm_cache:Bangalore
12.9736287,77.5091537,,clinic,Karnataka,osm_cache:Bangalore
12.9606664,77.6152191,,clinic,Karnataka,osm_cache:Bangalore
12.9656576,77.6097218,,hospital,Karnataka,osm_cache:Bangalore
12.9244197,77.6724971,,hospital,Karnataka,osm_cache:Bangalore
12.9124863,77.6765573,,hospital,Karnataka,osm_cache:Bangalore
12.9883438,77.7339468,,hospital,Karnataka,osm_cache:Bangalore
13.0463371,77.5065296,,hospital,Karnataka,osm_cache:Bangalore
13.0282887,77.5391464,,hospital,Karnataka,osm_cache:Bangalore
12.9667468,77.7172779,,hospital,Karnataka,osm_cache:Bangalore
12.9896386,77.60226,,hospital,Karnataka,osm_cache:Bangalore
13.0058093,77.5694388,,hospital,Karnataka,osm_cache:Bangalore
13.0367747,77.5052467,,clinic,Karnataka,osm_cache:Bangalore
12.9112661,77.7075837,,hospital,Karnataka,osm_cache:Bangalore
12.9166101,77.6450517,,hospital,Karnataka,osm_cache:Bangalore
13.0151199,77.5600013,,hospital,Karnataka,osm_cache:Bangalore
12.9116986,77.6495441,,hospital,Karnataka,osm_cache:Bangalore
12.9081745,77.643511,,hospital,Karnataka,osm_cache:Bangalore
13.0004917,77.6139711,,clinic,Karnataka,osm_cache:Bangalore
12.9033828,77.6007409,,hospital,Karnataka,osm_cache:Bangalore
12.9882302,77.5600393,,hospital,Karnataka,osm_cache:Bangalore
13.040171,77.6406846,,hospital,Karnataka,osm_cache:Bangalore
12.9569001,77.6047605,,hospital,Karnataka,osm_cache:Bangalore
12.9501568,77.6182109,,clinic,Karnataka,osm_cache:Bangalore
12.9515077,77.6252401,,clinic,Karnataka,osm_cache:Bangalore
12.9883828,77.6041336,,clinic,Karnataka,osm_cache:Bangalore
12.9901591,77.6097106,,clinic,Karnataka,osm_cache:Bangalore
12.956232,77.6207994,,clinic,Karnataka,osm_cache:Bangalore
12.9023933,77.7166361,,clinic,Karnataka,osm_cache:Bangalore
12.9017283,77.7155216,,hospital,Karnataka,osm_cache:Bangalore
12.9264187,77.5216783,,hospital,Karnataka,osm_cache:Bangalore
12.9156928,77.6752029,,hospital,Karnataka,osm_cache:Bangalore
12.9949885,77.5937862,,hospital,Karnataka,osm_cache:Bangalore
13.0210609,77.618726,,clinic,Karnataka,osm_cache:Bangalore
13.0103299,77.6114975,,clinic,Karnataka,osm_cache:Bangalore
12.9609247,77.5611731,,hospital,Karnataka,osm_cache:Bangalore
12.9414429,77.594589,,clinic,Karnataka,osm_cache:Bangalore
12.9162232,77.5890247,,hospital,Karnataka,osm_cache:Bangalore
13.0658864,77.5939666,,hospital,Karnataka,osm_cache:Bangalore
12.8578548,77.5204459,,clinic,Karnataka,osm_cache:Bangalore
12.9478274,77.5924806,,hospital,Karnataka,osm_cache:Bangalore
12.8627925,77.6662881,,hospital,Karnataka,osm_cache:Bangalore
12.9031532,77.5603082,,hospital,Karnataka,osm_cache:Bangalore
12.9056735,77.5633871,,clinic,Karnataka,osm_cache:Bangalore
13.0249864,77.530936,,hospital,Karnataka,osm_cache:Bangalore
12.9202359,77.6674739,,hospital,Karnataka,osm_cache:Bangalore
12.9447394,77.5964164,,hospital,Karnataka,osm_cache:Bangalore
12.9538911,77.5711462,,hospital,Karnataka,osm_cache:Bangalore
12.9606538,77.5840403,,hospital,Karnataka,osm_cache:Bangalore
12.971172,77.6651791,,hospital,Karnataka,osm_cache:Bangalore
12.9566836,77.712382,,hospital,Karnataka,osm_cache:Bangalore
13.0214793,77.55361,,hospital,Karnataka,osm_cache:Bangalore
13.0012997,77.5624711,,clinic,Karnataka,osm_cache:Bangalore
12.9090409,77.66389,,hospital,Karnataka,osm_cache:Bangalore
12.9960151,77.6108308,,clinic,Karnataka,osm_cache:Bangalore
12.9271061,77.576658,,hospital,Karnataka,osm_cache:Bangalore
12.9267938,77.5772972,,hospital,Karnataka,osm_cache:Bangalore
13.0529326,77.7172701,,hospital,Karnataka,osm_cache:Bangalore
12.8348606,77.6807681,,hospital,Karnataka,osm_cache:Bangalore
13.0207585,77.7016687,,hospital,Karnataka,osm_cache:Bangalore
12.9438635,77.5969221,,hospital,Karnataka,osm_cache:Bangalore
12.967036,77.717977,,hospital,Karnataka,osm_cache:Bangalore
12.9005656,77.6757868,,hospital,Karnataka,osm_cache:Bangalore
12.9239736,77.6133232,,hospital,Karnataka,osm_cache:Bangalore
13.0564574,77.7156811,,hospital,Karnataka,osm_cache:Bangalore
12.9890029,77.7338372,,hospital,Karnataka,osm_cache:Bangalore
12.9541576,77.6608368,,hospital,Karnataka,osm_cache:Bangalore
12.9359651,77.5767066,,clinic,Karnataka,osm_cache:Bangalore
13.0495632,77.5509192,,hospital,Karnataka,osm_cache:Bangalore
30.7611013,76.7762212,,hospital,Punjab,osm_cache:Chandigarh
30.7245237,76.7689883,,hospital,Chandigarh,osm_cache:Chandigarh
30.7614305,76.7749653,,hospital,Punjab,osm_cache:Chandigarh
30.6775899,76.798432,,hospital,Punjab,osm_cache:Chandigarh
30.7478631,76.7489881,,hospital,Chandigarh,osm_cache:Chandigarh
30.7511987,76.7805741,,doctors,Chandigarh,osm_cache:Chandigarh
30.6860659,76.6650269,,hospital,Punjab,osm_cache:Chandigarh
30.7491743,76.7740258,,hospital,Chandigarh,osm_cache:Chandigarh
30.7598257,76.782636,,clinic,Punjab,osm_cache:Chandigarh
30.7603517,76.7822587,,clinic,Punjab,osm_cache:Chandigarh
30.7600548,76.7824491,,clinic,Punjab,osm_cache:Chandigarh
30.7387705,76.7145575,,hospital,Punjab,osm_cache:Chandigarh
30.747535,76.765978,,hospital,Chandigarh,osm_cache:Chandigarh
30.7179574,76.7666653,,clinic,Chandigarh,osm_cache:Chandigarh
30.7122719,76.7702748,,hospital,Chandigarh,osm_cache:Chandigarh
30.7639495,76.7800519,,hospital,Punjab,osm_cache:Chandigarh
30.7034681,76.7100817,,hospital,Punjab,osm_cache:Chandigarh
30.7532755,76.7877132,,clinic,Chandigarh,osm_cache:Chandigarh
30.7329698,76.7714736,,hospital,Chandigarh,osm_cache:Chandigarh
30.7067472,76.7083199,,hospital,Punjab,osm_cache:Chandigarh
30.7583074,76.7843183,,hospital,Punjab,osm_cache:Chandigarh
30.7491237,76.7779152,,clinic,Chandigarh,osm_cache:Chandigarh
30.7480552,76.774608,,clinic,Chandigarh,osm_cache:Chandigarh
30.7287476,76.7898551,,hospital,Chandigarh,osm_cache:Chandigarh
30.7228358,76.7703393,,hospital,Chandigarh,osm_cache:Chandigarh
30.7218259,76.7669463,,hospital,Chandigarh,osm_cache:Chandigarh
30.719376,76.7578912,,hospital,Chandigarh,osm_cache:Chandigarh
30.723938,76.7656857,,hospital,Chandigarh,osm_cache:Chandigarh
30.7635999,76.7483211,,hospital,Punjab,osm_cache:Chandigarh
30.7324319,76.7716616,,hospital,Chandigarh,osm_cache:Chandigarh
30.7387846,76.7743868,,clinic,Chandigarh,osm_cache:Chandigarh
30.7107483,76.7541911,,hospital,Chandigarh,osm_cache:Chandigarh
30.7420224,76.7909159,,hospital,Chandigarh,osm_cache:Chandigarh
30.7299973,76.7917621,,clinic,Chandigarh,osm_cache:Chandigarh
30.7128525,76.8424183,,hospital,Haryana,osm_cache:Chandigarh
30.7084814,76.7671367,,clinic,Chandigarh,osm_cache:Chandigarh
30.7279522,76.7594992,,hospital,Chandigarh,osm_cache:Chandigarh
30.7174644,76.832989,,hospital,Haryana,osm_cache:Chandigarh
30.6999404,76.7671408,,hospital,Chandigarh,osm_cache:Chandigarh
30.7382394,76.7384492,,clinic,Chandigarh,osm_cache:Chandigarh
30.692086,76.733003,,hospital,Punjab,osm_cache:Chandigarh
30.716308,76.7777958,,hospital,Chandigarh,osm_cache:Chandigarh
30.7198176,76.7686281,,hospital,Chandigarh,osm_cache:Chandigarh
30.7237708,76.7604969,,hospital,Chandigarh,osm_cache:Chandigarh
30.7301782,76.7603199,,hospital,Chandigarh,osm_cache:Chandigarh
30.7191477,76.7759666,,clinic,Chandigarh,osm_cache:Chandigarh
30.7176996,76.7693818,,hospital,Chandigarh,osm_cache:Chandigarh
30.6727602,76.8536299,,hospital,Haryana,osm_cache:Chandigarh
30.7266622,76.7801093,,clinic,Chandigarh,osm_cache:Chandigarh
30.7643681,76.7762778,,hospital,Punjab,osm_cache:Chandigarh
30.734221,76.7525804,,hospital,Chandigarh,osm_cache:Chandigarh
30.7029628,76.7620003,,hospital,Chandigarh,osm_cache:Chandigarh
30.7375431,76.7754811,,clinic,Chandigarh,osm_cache:Chandigarh
30.7216968,76.7669718,,hospital,Chandigarh,osm_cache:Chandigarh
30.7104462,76.8429682,,hospital,Haryana,osm_cache:Chandigarh
30.689099,76.853355,,hospital,Haryana,osm_cache:Chandigarh
30.6725146,76.8533282,,clinic,Haryana,osm_cache:Chandigarh
30.6987397,76.8357741,,hospital,Haryana,osm_cache:Chandigarh
30.7247853,76.8549094,,clinic,Haryana,osm_cache:Chandigarh
30.703228,76.8408908,,clinic,Haryana,osm_cache:Chandigarh
30.6942275,76.8360575,,clinic,Haryana,osm_cache:Chandigarh
30.6881141,76.8499593,,clinic,Haryana,osm_cache:Chandigarh
30.6990536,76.8357208,,clinic,Haryana,osm_cache:Chandigarh
30.7036639,76.8475547,,clinic,Haryana,osm_cache:Chandigarh
30.7019895,76.839433,,hospital,Haryana,osm_cache:Chandigarh
30.7052275,76.8498078,,clinic,Haryana,osm_cache:Chandigarh
30.6943059,76.8440907,,clinic,Haryana,osm_cache:Chandigarh
30.7085875,76.8534663,,clinic,Haryana,osm_cache:Chandigarh
30.7069894,76.8601772,,clinic,Haryana,osm_cache:Chandigarh
30.6815459,76.8485981,,hospital,Haryana,osm_cache:Chandigarh
30.690446,76.8556698,,clinic,Haryana,osm_cache:Chandigarh
30.6821064,76.837479,,hospital,Haryana,osm_cache:Chandigarh
30.6855562,76.840692,,hospital,Haryana,osm_cache:Chandigarh
30.6867823,76.8403664,,clinic,Haryana,osm_cache:Chandigarh
30.7156508,76.8492982,,clinic,Haryana,osm_cache:Chandigarh
30.688542,76.8503791,,hospital,Haryana,osm_cache:Chandigarh
30.6908774,76.86112,,clinic,Haryana,osm_cache:Chandigarh
30.6882191,76.8500331,,hospital,Haryana,osm_cache:Chandigarh
30.6747627,76.8513863,,hospital,Haryana,osm_cache:Chandigarh
30.6764098,76.8478471,,clinic,Haryana,osm_cache:Chandigarh
30.6980158,76.8466723,,clinic,Haryana,osm_cache:Chandigarh
30.6943509,76.8354647,,clinic,Haryana,osm_cache:Chandigarh
30.6958386,76.8381751,,hospital,Haryana,osm_cache:Chandigarh
30.7158261,76.8389341,,hospital,Haryana,osm_cache:Chandigarh
30.6828007,76.8550059,,clinic,Haryana,osm_cache:Chandigarh
30.6699309,76.8565012,,clinic,Haryana,osm_cache:Chandigarh
30.6913534,76.7234401,,hospital,Punjab,osm_cache:Chandigarh
30.6949448,76.7214158,,hospital,Punjab,osm_cache:Chandigarh
30.722908,76.7447786,,hospital,Chandigarh,osm_cache:Chandigarh
30.6613553,76.8184454,,hospital,Punjab,osm_cache:Chandigarh
30.6963019,76.7166442,,hospital,Punjab,osm_cache:Chandigarh
30.6928937,76.6990759,,hospital,Punjab,osm_cache:Chandigarh
30.7089593,76.7224681,,hospital,Punjab,osm_cache:Chandigarh
30.6933403,76.7162566,,clinic,Punjab,osm_cache:Chandigarh
30.7083398,76.7240842,,hospital,Punjab,osm_cache:Chandigarh
30.7068665,76.7262127,,hospital,Punjab,osm_cache:Chandigarh
30.7399592,76.7141873,,hospital,Punjab,osm_cache:Chandigarh
30.6602892,76.8189102,,hospital,Punjab,osm_cache:Chandigarh
30.7281801,76.7222806,,hospital,Punjab,osm_cache:Chandigarh
30.7268339,76.7209649,,hospital,Punjab,osm_cache:Chandigarh
30.6609356,76.8290502,,hospital,Punjab,osm_cache:Chandigarh
30.7018339,76.682568,,hospital,Punjab,osm_cache:Chandigarh
30.7113143,76.719109,,hospital,Punjab,osm_cache:Chandigarh
30.7292572,76.7221481,,hospital,Punjab,osm_cache:Chandigarh
30.7129964,76.718298,,hospital,Punjab,osm_cache:Chandigarh
30.722573,76.78,,clinic,Chandigarh,osm_cache:Chandigarh
30.7248945,76.7445994,,clinic,Chandigarh,osm_cache:Chandigarh
30.7504145,76.7542861,,clinic,Chandigarh,osm_cache:Chandigarh
30.738454,76.746596,,clinic,Chandigarh,osm_cache:Chandigarh
30.752914,76.717731,,clinic,Chandigarh,osm_cache:Chandigarh
30.697027,76.829006,,clinic,Chandigarh,osm_cache:Chandigarh
30.7232383,76.8122966,,hospital,Chandigarh,osm_cache:Chandigarh
30.7163125,76.7366454,,clinic,Chandigarh,osm_cache:Chandigarh
30.7127455,76.832944,,clinic,Haryana,osm_cache:Chandigarh
30.758796,76.782366,,clinic,Punjab,osm_cache:Chandigarh
30.7427561,76.7462762,,clinic,Chandigarh,osm_cache:Chandigarh
30.747227,76.764498,,clinic,Chandigarh,osm_cache:Chandigarh
30.7396945,76.7667982,,clinic,Chandigarh,osm_cache:Chandigarh
30.696743,76.787964,,hospital,Chandigarh,osm_cache:Chandigarh
30.7645599,76.7501795,,clinic,Punjab,osm_cache:Chandigarh
30.695905,76.767463,,clinic,Chandigarh,osm_cache:Chandigarh
30.772537,76.749249,,clinic,Punjab,osm_cache:Chandigarh
30.677988,76.807281,,hospital,Punjab,osm_cache:Chandigarh
30.6922961,76.7999692,,clinic,Chandigarh,osm_cache:Chandigarh
30.716941,76.8050253,,clinic,Chandigarh,osm_cache:Chandigarh
30.723535,76.7615,,clinic,Chandigarh,osm_cache:Chandigarh
30.721436,76.810789,,clinic,Chandigarh,osm_cache:Chandigarh
30.715857,76.76793,,clinic,Chandigarh,osm_cache:Chandigarh
30.755288,76.73892,,clinic,Chandigarh,osm_cache:Chandigarh
30.6926787,76.7895532,,clinic,Chandigarh,osm_cache:Chandigarh
30.7243341,76.7984378,,clinic,Chandigarh,osm_cache:Chandigarh
30.708218,76.804312,,clinic,Chandigarh,osm_cache:Chandigarh
30.7347834,76.7179074,,clinic,Punjab,osm_cache:Chandigarh
30.730886,76.794467,,clinic,Chandigarh,osm_cache:Chandigarh
30.711005,76.7909,,clinic,Chandigarh,osm_cache:Chandigarh
30.736192,76.762843,,clinic,Chandigarh,osm_cache:Chandigarh
30.7494126,76.7915802,,clinic,Chandigarh,osm_cache:Chandigarh
30.7393128,76.7138728,,hospital,Punjab,osm_cache:Chandigarh
30.77575,76.665423,,hospital,Punjab,osm_cache:Chandigarh
30.746392,76.660321,,clinic,Punjab,osm_cache:Chandigarh
30.7270766,76.8543219,,clinic,Haryana,osm_cache:Chandigarh
30.6670629,76.8600387,,clinic,Haryana,osm_cache:Chandigarh
30.6995877,76.8431995,,clinic,Haryana,osm_cache:Chandigarh
30.6874108,76.8457364,,clinic,Haryana,osm_cache:Chandigarh
30.68465,76.851625,,clinic,Haryana,osm_cache:Chandigarh
30.6744372,76.8511137,,clinic,Haryana,osm_cache:Chandigarh
30.6729262,76.8631974,,clinic,Haryana,osm_cache:Chandigarh
30.669796,76.833396,,clinic,Punjab,osm_cache:Chandigarh
30.7236774,76.7981645,,clinic,Chandigarh,osm_cache:Chandigarh
30.732898,76.734647,,clinic,Chandigarh,osm_cache:Chandigarh
30.7540871,76.7709721,,clinic,Chandigarh,osm_cache:Chandigarh
30.7001359,76.7875764,,hospital,Chandigarh,osm_cache:Chandigarh
30.7266988,76.7474326,,clinic,Chandigarh,osm_cache:Chandigarh
30.7406345,76.7415729,,clinic,Chandigarh,osm_cache:Chandigarh
30.7402405,76.732654,,clinic,Chandigarh,osm_cache:Chandigarh
30.724507,76.732464,,hospital,Chandigarh,osm_cache:Chandigarh
30.7434201,76.75216,,clinic,Chandigarh,osm_cache:Chandigarh
30.7421389,76.7356685,,hospital,Chandigarh,osm_cache:Chandigarh
30.7192367,76.7752023,,clinic,Chandigarh,osm_cache:Chandigarh
30.7398394,76.7977685,,clinic,Chandigarh,osm_cache:Chandigarh
30.7276054,76.7694571,,hospital,Chandigarh,osm_cache:Chandigarh
30.7127888,76.7774089,,hospital,Chandigarh,osm_cache:Chandigarh
30.7314168,76.7725,,hospital,Chandigarh,osm_cache:Chandigarh
30.7266382,76.752325,,hospital,Chandigarh,osm_cache:Chandigarh
30.742332,76.7900805,,clinic,Chandigarh,osm_cache:Chandigarh
30.758161,76.732402,,clinic,Chandigarh,osm_cache:Chandigarh
30.735207,76.735748,,clinic,Chandigarh,osm_cache:Chandigarh
30.72771,76.77549,,clinic,Chandigarh,osm_cache:Chandigarh
30.7351714,76.7363329,,clinic,Chandigarh,osm_cache:Chandigarh
30.7407633,76.741865,,doctors,Chandigarh,osm_cache:Chandigarh
30.735249,76.800628,,hospital,Chandigarh,osm_cache:Chandigarh
30.735388,76.745664,,clinic,Chandigarh,osm_cache:Chandigarh
30.7561454,76.7210693,,clinic,Chandigarh,osm_cache:Chandigarh
30.7444235,76.7108685,,clinic,Punjab,osm_cache:Chandigarh
30.7417091,76.7942557,,hospital,Chandigarh,osm_cache:Chandigarh
30.7255395,76.7622902,,hospital,Chandigarh,osm_cache:Chandigarh
30.7613393,76.7467625,,clinic,Punjab,osm_cache:Chandigarh
30.7446323,76.788626,,clinic,Chandigarh,osm_cache:Chandigarh
30.7353319,76.8014004,,clinic,Chandigarh,osm_cache:Chandigarh
30.7700501,76.7557479,,clinic,Punjab,osm_cache:Chandigarh
30.7552373,76.7394923,,clinic,Chandigarh,osm_cache:Chandigarh
30.7441539,76.7395033,,clinic,Chandigarh,osm_cache:Chandigarh
30.7121646,76.7710058,,clinic,Chandigarh,osm_cache:Chandigarh
30.6994429,76.7671713,,clinic,Chandigarh,osm_cache:Chandigarh
30.7695544,76.752643,,clinic,Punjab,osm_cache:Chandigarh
30.7239527,76.7754476,,clinic,Chandigarh,osm_cache:Chandigarh
30.7525838,76.7173534,,hospital,Chandigarh,osm_cache:Chandigarh
30.7606212,76.7820366,,hospital,Punjab,osm_cache:Chandigarh
30.7414194,76.7807984,,clinic,Chandigarh,osm_cache:Chandigarh
30.6888417,76.7805393,,clinic,Chandigarh,osm_cache:Chandigarh
30.740194,76.782629,,hospital,Chandigarh,osm_cache:Chandigarh
30.7427384,76.7450247,,clinic,Chandigarh,osm_cache:Chandigarh
30.7244699,76.7753535,,clinic,Chandigarh,osm_cache:Chandigarh
30.735275,76.7351298,,doctors,Chandigarh,osm_cache:Chandigarh
30.7277858,76.7515714,,clinic,Chandigarh,osm_cache:Chandigarh
30.7264061,76.7732467,,hospital,Chandigarh,osm_cache:Chandigarh
30.7091481,76.8027108,,hospital,Chandigarh,osm_cache:Chandigarh
30.7119334,76.7706394,,doctors,Chandigarh,osm_cache:Chandigarh
30.7383909,76.7658055,,clinic,Chandigarh,osm_cache:Chandigarh
30.7368009,76.7899012,,doctors,Chandigarh,osm_cache:Chandigarh
30.724076,76.775375,,clinic,Chandigarh,osm_cache:Chandigarh
30.7463831,76.7430391,,clinic,Chandigarh,osm_cache:Chandigarh
30.7321377,76.7730979,,clinic,Chandigarh,osm_cache:Chandigarh
30.6913963,76.7916617,,clinic,Chandigarh,osm_cache:Chandigarh
30.7373978,76.7951242,,doctors,Chandigarh,osm_cache:Chandigarh
30.7575586,76.7210295,,clinic,Chandigarh,osm_cache:Chandigarh
30.74382,76.7403978,,clinic,Chandigarh,osm_cache:Chandigarh
30.7549013,76.770252,,clinic,Chandigarh,osm_cache:Chandigarh
30.739031,76.7313716,,clinic,Chandigarh,osm_cache:Chandigarh
30.729367,76.7584903,,clinic,Chandigarh,osm_cache:Chandigarh
30.7372218,76.7490898,,doctors,Chandigarh,osm_cache:Chandigarh
30.7313883,76.7849987,,hospital,Chandigarh,osm_cache:Chandigarh
30.7408892,76.7444492,,doctors,Chandigarh,osm_cache:Chandigarh
30.7134331,76.7687413,,hospital,Chandigarh,osm_cache:Chandigarh
30.7058329,76.8572514,,clinic,Haryana,osm_cache:Chandigarh
30.711242,76.844428,,clinic,Haryana,osm_cache:Chandigarh
30.7247778,76.8505065,,clinic,Haryana,osm_cache:Chandigarh
30.715478,76.849178,,clinic,Haryana,osm_cache:Chandigarh
30.7164841,76.851091,,clinic,Haryana,osm_cache:Chandigarh
30.665949,76.8819096,,clinic,Haryana,osm_cache:Chandigarh
30.7170829,76.8513837,,clinic,Haryana,osm_cache:Chandigarh
30.6634302,76.8780496,,hospital,Haryana,osm_cache:Chandigarh
30.719954,76.852733,,clinic,Haryana,osm_cache:Chandigarh
30.6500912,76.8884408,,clinic,Haryana,osm_cache:Chandigarh
30.71266,76.853318,,clinic,Haryana,osm_cache:Chandigarh
30.6891491,76.8425015,,doctors,Haryana,osm_cache:Chandigarh
30.6431021,76.8824665,,clinic,Haryana,osm_cache:Chandigarh
30.654597,76.881454,,clinic,Haryana,osm_cache:Chandigarh
30.7166327,76.8510569,,clinic,Haryana,osm_cache:Chandigarh
30.7135068,76.8496002,,clinic,Haryana,osm_cache:Chandigarh
30.7066749,76.8561604,,clinic,Haryana,osm_cache:Chandigarh
30.7058969,76.8570847,,clinic,Haryana,osm_cache:Chandigarh
30.659187,76.880912,,clinic,Haryana,osm_cache:Chandigarh
30.7571346,76.6692943,,hospital,Punjab,osm_cache:Chandigarh
30.7530843,76.6748023,,clinic,Punjab,osm_cache:Chandigarh
30.7415574,76.676007,,hospital,Punjab,osm_cache:Chandigarh
30.833036,76.6757632,,clinic,Punjab,osm_cache:Chandigarh
30.7574909,76.6775038,,clinic,Punjab,osm_cache:Chandigarh
30.756148,76.6695899,,clinic,Punjab,osm_cache:Chandigarh
30.7431579,76.675443,,hospital,Punjab,osm_cache:Chandigarh
30.8134214,76.7033657,,hospital,Punjab,osm_cache:Chandigarh
30.7847195,76.8043086,,clinic,Punjab,osm_cache:Chandigarh
30.7489542,76.6746749,,hospital,Punjab,osm_cache:Chandigarh
30.7666132,76.6570552,,clinic,Punjab,osm_cache:Chandigarh
30.8217119,76.7495564,,hospital,Punjab,osm_cache:Chandigarh
30.743115,76.6574691,,clinic,Punjab,osm_cache:Chandigarh
30.7419196,76.6663574,,hospital,Punjab,osm_cache:Chandigarh
30.742287,76.673309,,clinic,Punjab,osm_cache:Chandigarh
30.7596607,76.6647488,,hospital,Punjab,osm_cache:Chandigarh
30.7573999,76.6775188,,doctors,Punjab,osm_cache:Chandigarh
30.7514072,76.6749508,,clinic,Punjab,osm_cache:Chandigarh
30.7438899,76.6663259,,hospital,Punjab,osm_cache:Chandigarh
30.7454318,76.6744628,,hospital,Punjab,osm_cache:Chandigarh
30.8330805,76.6758808,,doctors,Punjab,osm_cache:Chandigarh
30.7421112,76.6694651,,hospital,Punjab,osm_cache:Chandigarh
30.818388,76.742453,,hospital,Punjab,osm_cache:Chandigarh
30.7047299,76.7118751,,doctors,Punjab,osm_cache:Chandigarh
30.681776,76.7395515,,clinic,Punjab,osm_cache:Chandigarh
30.7293185,76.6946351,,hospital,Punjab,osm_cache:Chandigarh
30.6835144,76.7239832,,hospital,Punjab,osm_cache:Chandigarh
30.6929705,76.6991318,,hospital,Punjab,osm_cache:Chandigarh
30.7084588,76.7228486,,clinic,Punjab,osm_cache:Chandigarh
30.6915817,76.716583,,clinic,Punjab,osm_cache:Chandigarh
30.6967472,76.7111533,,doctors,Punjab,osm_cache:Chandigarh
30.6974519,76.6787902,,hospital,Punjab,osm_cache:Chandigarh
30.6971774,76.7164712,,clinic,Punjab,osm_cache:Chandigarh
30.6958517,76.7216651,,clinic,Punjab,osm_cache:Chandigarh
30.641623,76.6847139,,hospital,Punjab,osm_cache:Chandigarh
30.7327758,76.6821046,,hospital,Punjab,osm_cache:Chandigarh
30.7065163,76.7083764,,doctors,Punjab,osm_cache:Chandigarh
30.681651,76.743628,,hospital,Punjab,osm_cache:Chandigarh
30.6922613,76.6988437,,doctors,Punjab,osm_cache:Chandigarh
30.6877387,76.7085078,,clinic,Punjab,osm_cache:Chandigarh
30.6995197,76.7184623,,clinic,Punjab,osm_cache:Chandigarh
30.693315,76.714084,,clinic,Punjab,osm_cache:Chandigarh
30.732474,76.6954045,,hospital,Punjab,osm_cache:Chandigarh
30.7299058,76.6597307,,clinic,Punjab,osm_cache:Chandigarh
30.7132075,76.7174706,,hospital,Punjab,osm_cache:Chandigarh
30.7007937,76.712734,,clinic,Punjab,osm_cache:Chandigarh
30.6910967,76.667503,,doctors,Punjab,osm_cache:Chandigarh
30.7076598,76.7236138,,hospital,Punjab,osm_cache:Chandigarh
30.684294,76.7426798,,hospital,Punjab,osm_cache:Chandigarh
30.7334425,76.6682592,,hospital,Punjab,osm_cache:Chandigarh
30.6916662,76.721233,,hospital,Punjab,osm_cache:Chandigarh
30.7220869,76.7182781,,doctors,Punjab,osm_cache:Chandigarh
30.7370282,76.6656086,,clinic,Punjab,osm_cache:Chandigarh
30.7319944,76.6938804,,hospital,Punjab,osm_cache:Chandigarh
30.6560367,76.7262194,,clinic,Punjab,osm_cache:Chandigarh
30.6954798,76.7212134,,clinic,Punjab,osm_cache:Chandigarh
30.679541,76.724947,,hospital,Punjab,osm_cache:Chandigarh
30.691547,76.716421,,hospital,Punjab,osm_cache:Chandigarh
30.7101983,76.7170558,,doctors,Punjab,osm_cache:Chandigarh
30.7122888,76.7188394,,clinic,Punjab,osm_cache:Chandigarh
30.6813262,76.744445,,hospital,Punjab,osm_cache:Chandigarh
30.7197223,76.7056832,,hospital,Punjab,osm_cache:Chandigarh
30.6764241,76.6728819,,clinic,Punjab,osm_cache:Chandigarh
30.688203,76.708858,,doctors,Punjab,osm_cache:Chandigarh
30.7197017,76.7135743,,hospital,Punjab,osm_cache:Chandigarh
30.6553749,76.6808204,,clinic,Punjab,osm_cache:Chandigarh
30.6934843,76.7228513,,doctors,Punjab,osm_cache:Chandigarh
30.679946,76.745555,,hospital,Punjab,osm_cache:Chandigarh
30.6899841,76.7104702,,hospital,Punjab,osm_cache:Chandigarh
30.636688,76.814532,,hospital,Punjab,osm_cache:Chandigarh
30.66385,76.828903,,hospital,Punjab,osm_cache:Chandigarh
30.651605,76.822804,,hospital,Punjab,osm_cache:Chandigarh
30.6508669,76.8132014,,hospital,Punjab,osm_cache:Chandigarh
30.6575377,76.8222204,,hospital,Punjab,osm_cache:Chandigarh
30.6161316,76.8618749,,hospital,Punjab,osm_cache:Chandigarh
30.6665798,76.8436251,,clinic,Punjab,osm_cache:Chandigarh
30.6435549,76.8142945,,hospital,Punjab,osm_cache:Chandigarh
30.6495168,76.8213938,,clinic,Punjab,osm_cache:Chandigarh
30.6618053,76.8599595,,doctors,Haryana,osm_cache:Chandigarh
30.648143,76.8131531,,hospital,Punjab,osm_cache:Chandigarh
30.647272,76.804755,,hospital,Punjab,osm_cache:Chandigarh
30.6628938,76.8326085,,clinic,Punjab,osm_cache:Chandigarh
30.6537078,76.8172615,,clinic,Punjab,osm_cache:Chandigarh
30.6382847,76.8158255,,hospital,Punjab,osm_cache:Chandigarh
30.639286,76.8222853,,clinic,Punjab,osm_cache:Chandigarh
30.667707,76.85319,,hospital,Haryana,osm_cache:Chandigarh
30.6635405,76.8263101,,clinic,Punjab,osm_cache:Chandigarh
30.6392258,76.815782,,hospital,Punjab,osm_cache:Chandigarh
30.6558477,76.8164261,,clinic,Punjab,osm_cache:Chandigarh
30.66219,76.817915,,clinic,Punjab,osm_cache:Chandigarh
30.655481,76.843701,,clinic,Punjab,osm_cache:Chandigarh
30.6545228,76.8215102,,hospital,Punjab,osm_cache:Chandigarh
30.6537365,76.8438316,,doctors,Punjab,osm_cache:Chandigarh
30.6628788,76.8353246,,clinic,Punjab,osm_cache:Chandigarh
30.663985,76.8345328,,clinic,Punjab,osm_cache:Chandigarh
30.654976,76.839324,,clinic,Punjab,osm_cache:Chandigarh
30.6543092,76.845213,,clinic,Punjab,osm_cache:Chandigarh
30.6428025,76.8260174,,hospital,Punjab,osm_cache:Chandigarh
30.6477784,76.8129324,,hospital,Punjab,osm_cache:Chandigarh
30.6552113,76.8449387,,hospital,Punjab,osm_cache:Chandigarh
30.6168631,76.8552082,,hospital,Punjab,osm_cache:Chandigarh
30.6434444,76.8227702,,clinic,Punjab,osm_cache:Chandigarh
30.647744,76.81294,,hospital,Punjab,osm_cache:Chandigarh
30.672544,76.855923,,hospital,Haryana,osm_cache:Chandigarh
30.6658174,76.8553252,,hospital,Haryana,osm_cache:Chandigarh
30.6543868,76.8444465,,doctors,Punjab,osm_cache:Chandigarh
30.6629365,76.8182021,,hospital,Punjab,osm_cache:Chandigarh
30.639136,76.8169428,,hospital,Punjab,osm_cache:Chandigarh
30.638142,76.8167698,,clinic,Punjab,osm_cache:Chandigarh
30.6579782,76.8166108,,hospital,Punjab,osm_cache:Chandigarh
30.644148,76.819088,,doctors,Punjab,osm_cache:Chandigarh
30.6437236,76.8198667,,clinic,Punjab,osm_cache:Chandigarh
30.6562153,76.8462479,,clinic,Punjab,osm_cache:Chandigarh
30.6535126,76.8450721,,hospital,Punjab,osm_cache:Chandigarh
30.6742679,76.8629975,,clinic,Haryana,osm_cache:Chandigarh
30.648273,76.8124699,,hospital,Punjab,osm_cache:Chandigarh
30.6391081,76.8160794,,hospital,Punjab,osm_cache:Chandigarh
30.6454414,76.8227729,,hospital,Punjab,osm_cache:Chandigarh
30.64792,76.8062659,,doctors,Punjab,osm_cache:Chandigarh
30.6660564,76.8253081,,hospital,Punjab,osm_cache:Chandigarh
30.65212,76.8223652,,hospital,Punjab,osm_cache:Chandigarh
30.6686656,76.8134805,,hospital,Punjab,osm_cache:Chandigarh
30.6521662,76.8185704,,hospital,Punjab,osm_cache:Chandigarh
30.6944377,76.730969,,clinic,Punjab,osm_cache:Chandigarh
30.6960462,76.7682631,,clinic,Chandigarh,osm_cache:Chandigarh
30.6952431,76.7314039,,clinic,Punjab,osm_cache:Chandigarh
30.6729094,76.850997,,hospital,Haryana,osm_cache:Chandigarh
30.6533309,76.7349821,,hospital,Punjab,osm_cache:Chandigarh
30.6672857,76.8873011,,clinic,Haryana,osm_cache:Chandigarh
30.7523415,76.7684072,,clinic,Chandigarh,osm_cache:Chandigarh
30.7033952,76.7775151,,hospital,Chandigarh,osm_cache:Chandigarh
30.7042318,76.7751977,,hospital,Chandigarh,osm_cache:Chandigarh
30.6912523,76.6989608,,hospital,Punjab,osm_cache:Chandigarh
30.7666592,76.6700083,,hospital,Punjab,osm_cache:Chandigarh
30.7652264,76.7755769,,hospital,Punjab,osm_cache:Chandigarh
30.7066283,76.7083186,,hospital,Punjab,osm_cache:Chandigarh
30.7091114,76.7806946,,hospital,Chandigarh,osm_cache:Chandigarh
30.7085336,76.777462,,hospital,Chandigarh,osm_cache:Chandigarh
30.7508141,76.7809469,,hospital,Chandigarh,osm_cache:Chandigarh
30.7048486,76.8556829,,hospital,Haryana,osm_cache:Chandigarh
30.7131303,76.8539277,,hospital,Haryana,osm_cache:Chandigarh
30.6745437,76.864769,,hospital,Haryana,osm_cache:Chandigarh
30.6704378,76.8847539,,clinic,Haryana,osm_cache:Chandigarh
30.7633931,76.7810046,,hospital,Punjab,osm_cache:Chandigarh
30.7628956,76.7808619,,hospital,Punjab,osm_cache:Chandigarh
30.7412486,76.7983359,,clinic,Chandigarh,osm_cache:Chandigarh
30.6946696,76.8471253,,clinic,Haryana,osm_cache:Chandigarh
30.6947983,76.7310804,,hospital,Punjab,osm_cache:Chandigarh
30.7107909,76.8459553,,clinic,Haryana,osm_cache:Chandigarh
30.6711057,76.8866364,,hospital,Haryana,osm_cache:Chandigarh
30.6699417,76.881104,,clinic,Haryana,osm_cache:Chandigarh
30.6609913,76.8822538,,hospital,Haryana,osm_cache:Chandigarh
30.6614893,76.8824307,,hospital,Haryana,osm_cache:Chandigarh
30.6568319,76.8837957,,hospital,Haryana,osm_cache:Chandigarh
30.6932939,76.8832473,,hospital,Haryana,osm_cache:Chandigarh
30.7347446,76.7178481,,hospital,Punjab,osm_cache:Chandigarh
30.6577464,76.8769937,,hospital,Haryana,osm_cache:Chandigarh
30.683561,76.8658817,,hospital,Haryana,osm_cache:Chandigarh
30.7235036,76.8595729,,clinic,Haryana,osm_cache:Chandigarh
30.7373311,76.7078798,,clinic,Punjab,osm_cache:Chandigarh
30.7042635,76.7751486,,hospital,Chandigarh,osm_cache:Chandigarh
30.7011929,76.8670654,,hospital,Haryana,osm_cache:Chandigarh
30.670381,76.8608839,,clinic,Haryana,osm_cache:Chandigarh
13.0386493,80.2052158,,hospital,Tamil Nadu,osm_cache:Chennai
13.0720236,80.1980375,,clinic,Tamil Nadu,osm_cache:Chennai
13.122775,80.2960584,,hospital,Tamil Nadu,osm_cache:Chennai
13.0922007,80.2792912,,hospital,Tamil Nadu,osm_cache:Chennai
13.0985007,80.2796178,,hospital,Tamil Nadu,osm_cache:Chennai
13.08438,80.2160862,,hospital,Tamil Nadu,osm_cache:Chennai
13.1289367,80.2905623,,hospital,Tamil Nadu,osm_cache:Chennai
13.0844992,80.2130591,,hospital,Tamil Nadu,osm_cache:Chennai
13.08217,80.2069819,,hospital,Tamil Nadu,osm_cache:Chennai
13.0887983,80.1994692,,hospital,Tamil Nadu,osm_cache:Chennai
13.0336624,80.2572467,,hospital,Tamil Nadu,osm_cache:Chennai
12.9787682,80.1846471,,hospital,Tamil Nadu,osm_cache:Chennai
13.0194622,80.1972947,,hospital,Tamil Nadu,osm_cache:Chennai
13.084889,80.2826483,,hospital,Tamil Nadu,osm_cache:Chennai
13.0785984,80.2433369,,hospital,Tamil Nadu,osm_cache:Chennai
12.9847145,80.1905906,,hospital,Tamil Nadu,osm_cache:Chennai
12.9887616,80.1904116,,hospital,Tamil Nadu,osm_cache:Chennai
12.973463,80.1841397,,hospital,Tamil Nadu,osm_cache:Chennai
13.0061338,80.239884,,hospital,Tamil Nadu,osm_cache:Chennai
13.0380979,80.1428047,,hospital,Tamil Nadu,osm_cache:Chennai
13.0720996,80.2589871,,hospital,Tamil Nadu,osm_cache:Chennai
13.0735496,80.257025,,hospital,Tamil Nadu,osm_cache:Chennai
13.0735431,80.2591463,,hospital,Tamil Nadu,osm_cache:Chennai
13.0211808,80.1858412,,hospital,Tamil Nadu,osm_cache:Chennai
13.0122733,80.196428,,hospital,Tamil Nadu,osm_cache:Chennai
13.009781,80.1949734,,hospital,Tamil Nadu,osm_cache:Chennai
13.0293624,80.2440921,,hospital,Tamil Nadu,osm_cache:Chennai
13.0399682,80.2503287,,doctors,Tamil Nadu,osm_cache:Chennai
13.0406602,80.2505675,,doctors,Tamil Nadu,osm_cache:Chennai
12.9653846,80.2067733,,hospital,Tamil Nadu,osm_cache:Chennai
13.05244,80.2041657,,hospital,Tamil Nadu,osm_cache:Chennai
13.0483819,80.2070144,,hospital,Tamil Nadu,osm_cache:Chennai
13.1181104,80.1499411,,hospital,Tamil Nadu,osm_cache:Chennai
12.94317,80.133977,,doctors,Tamil Nadu,osm_cache:Chennai
12.9447938,80.1405596,,hospital,Tamil Nadu,osm_cache:Chennai
13.0495316,80.211027,,hospital,Tamil Nadu,osm_cache:Chennai
13.0571293,80.1942138,,hospital,Tamil Nadu,osm_cache:Chennai
13.0750445,80.2151198,,hospital,Tamil Nadu,osm_cache:Chennai
13.073239,80.2148826,,hospital,Tamil Nadu,osm_cache:Chennai
13.0892073,80.2178866,,hospital,Tamil Nadu,osm_cache:Chennai
12.965059,80.128212,,hospital,Tamil Nadu,osm_cache:Chennai
13.0331325,80.1810857,,hospital,Tamil Nadu,osm_cache:Chennai
13.0321291,80.1801201,,hospital,Tamil Nadu,osm_cache:Chennai
13.0554597,80.2118365,,hospital,Tamil Nadu,osm_cache:Chennai
12.9445695,80.1210689,,hospital,Tamil Nadu,osm_cache:Chennai
13.0508335,80.2434416,,hospital,Tamil Nadu,osm_cache:Chennai
13.0583046,80.211745,,hospital,Tamil Nadu,osm_cache:Chennai
12.9663879,80.2474724,,hospital,Tamil Nadu,osm_cache:Chennai
13.0626045,80.2305209,,hospital,Tamil Nadu,osm_cache:Chennai
13.0787952,80.2405731,,hospital,Tamil Nadu,osm_cache:Chennai
13.0015307,80.2552541,,hospital,Tamil Nadu,osm_cache:Chennai
13.0584072,80.2011738,,hospital,Tamil Nadu,osm_cache:Chennai
13.1187083,80.1572422,,hospital,Tamil Nadu,osm_cache:Chennai
12.9799192,80.2044922,,hospital,Tamil Nadu,osm_cache:Chennai
13.0575206,80.127824,,hospital,Tamil Nadu,osm_cache:Chennai
13.1333249,80.1033668,,hospital,Tamil Nadu,osm_cache:Chennai
13.0677233,80.2050055,,hospital,Tamil Nadu,osm_cache:Chennai
13.0385656,80.2165845,,hospital,Tamil Nadu,osm_cache:Chennai
13.0849671,80.2004752,,hospital,Tamil Nadu,osm_cache:Chennai
13.0868667,80.1991661,,hospital,Tamil Nadu,osm_cache:Chennai
12.9730642,80.1339663,,hospital,Tamil Nadu,osm_cache:Chennai
12.9800456,80.2286587,,hospital,Tamil Nadu,osm_cache:Chennai
13.0358564,80.1644897,,hospital,Tamil Nadu,osm_cache:Chennai
12.9559409,80.1855637,,hospital,Tamil Nadu,osm_cache:Chennai
12.9933638,80.2009134,,hospital,Tamil Nadu,osm_cache:Chennai
12.9321684,80.2337388,,hospital,Tamil Nadu,osm_cache:Chennai
12.9837958,80.1932105,,hospital,Tamil Nadu,osm_cache:Chennai
12.9786524,80.1850278,,hospital,Tamil Nadu,osm_cache:Chennai
12.918328,80.187629,,clinic,Tamil Nadu,osm_cache:Chennai
12.9842586,80.1886083,,hospital,Tamil Nadu,osm_cache:Chennai
13.076782,80.268345,,hospital,Tamil Nadu,osm_cache:Chennai
13.0768734,80.2678381,,hospital,Tamil Nadu,osm_cache:Chennai
13.0764345,80.2672427,,hospital,Tamil Nadu,osm_cache:Chennai
13.0921812,80.2594411,,hospital,Tamil Nadu,osm_cache:Chennai
12.9658002,80.191882,,hospital,Tamil Nadu,osm_cache:Chennai
13.0929667,80.2236256,,hospital,Tamil Nadu,osm_cache:Chennai
13.0205681,80.2594702,,hospital,Tamil Nadu,osm_cache:Chennai
12.9710287,80.2082964,,hospital,Tamil Nadu,osm_cache:Chennai
13.024235,80.2231706,,clinic,Tamil Nadu,osm_cache:Chennai
13.0405941,80.1784622,,hospital,Tamil Nadu,osm_cache:Chennai
13.0158037,80.1748437,,doctors,Tamil Nadu,osm_cache:Chennai
13.0705042,80.150612,,hospital,Tamil Nadu,osm_cache:Chennai
13.0381705,80.2573008,,hospital,Tamil Nadu,osm_cache:Chennai
12.9255743,80.1281333,,hospital,Tamil Nadu,osm_cache:Chennai
12.9862735,80.2298924,,hospital,Tamil Nadu,osm_cache:Chennai
13.022387,80.2230108,,clinic,Tamil Nadu,osm_cache:Chennai
13.0248543,80.2208806,,clinic,Tamil Nadu,osm_cache:Chennai
13.0248243,80.2203784,,clinic,Tamil Nadu,osm_cache:Chennai
13.0246739,80.2203223,,doctors,Tamil Nadu,osm_cache:Chennai
13.0252349,80.2227857,,doctors,Tamil Nadu,osm_cache:Chennai
13.041711,80.2285827,,clinic,Tamil Nadu,osm_cache:Chennai
12.9767775,80.2223505,,hospital,Tamil Nadu,osm_cache:Chennai
13.0859961,80.1870589,,hospital,Tamil Nadu,osm_cache:Chennai
12.9519172,80.136095,,clinic,Tamil Nadu,osm_cache:Chennai
13.1260907,80.2488406,,hospital,Tamil Nadu,osm_cache:Chennai
13.0642564,80.2497746,,hospital,Tamil Nadu,osm_cache:Chennai
13.0861416,80.2529597,,doctors,Tamil Nadu,osm_cache:Chennai
12.9733792,80.187599,,hospital,Tamil Nadu,osm_cache:Chennai
13.0286757,80.183588,,clinic,Tamil Nadu,osm_cache:Chennai
13.0278142,80.1832579,,clinic,Tamil Nadu,osm_cache:Chennai
13.026489,80.1829882,,hospital,Tamil Nadu,osm_cache:Chennai
12.9745585,80.2201536,,clinic,Tamil Nadu,osm_cache:Chennai
13.0672454,80.2496008,,clinic,Tamil Nadu,osm_cache:Chennai
13.0594837,80.1694976,,clinic,Tamil Nadu,osm_cache:Chennai
13.0380047,80.1889685,,hospital,Tamil Nadu,osm_cache:Chennai
13.0515961,80.2114304,,hospital,Tamil Nadu,osm_cache:Chennai
13.0327786,80.2526813,,clinic,Tamil Nadu,osm_cache:Chennai
13.0313209,80.2247278,,clinic,Tamil Nadu,osm_cache:Chennai
13.0366881,80.2230407,,doctors,Tamil Nadu,osm_cache:Chennai
12.9241666,80.1274453,,hospital,Tamil Nadu,osm_cache:Chennai
12.9229715,80.1298204,,hospital,Tamil Nadu,osm_cache:Chennai
13.0135999,80.2395364,,hospital,Tamil Nadu,osm_cache:Chennai
13.1133021,80.2905249,,hospital,Tamil Nadu,osm_cache:Chennai
12.9256804,80.1268179,,clinic,Tamil Nadu,osm_cache:Chennai
12.9261223,80.1265186,,hospital,Tamil Nadu,osm_cache:Chennai
12.92663,80.1278607,,clinic,Tamil Nadu,osm_cache:Chennai
12.9270824,80.1273883,,clinic,Tamil Nadu,osm_cache:Chennai
12.9224213,80.1503389,,clinic,Tamil Nadu,osm_cache:Chennai
12.923675,80.1277373,,clinic,Tamil Nadu,osm_cache:Chennai
12.9230989,80.130824,,hospital,Tamil Nadu,osm_cache:Chennai
12.9220657,80.1381329,,hospital,Tamil Nadu,osm_cache:Chennai
12.9220102,80.1417788,,hospital,Tamil Nadu,osm_cache:Chennai
12.9227777,80.1484099,,clinic,Tamil Nadu,osm_cache:Chennai
12.9237851,80.1589529,,hospital,Tamil Nadu,osm_cache:Chennai
12.9225168,80.1522357,,hospital,Tamil Nadu,osm_cache:Chennai
12.9207467,80.1437903,,hospital,Tamil Nadu,osm_cache:Chennai
12.9201133,80.1443788,,hospital,Tamil Nadu,osm_cache:Chennai
13.1131363,80.2429369,,hospital,Tamil Nadu,osm_cache:Chennai
12.9203722,80.1443905,,hospital,Tamil Nadu,osm_cache:Chennai
13.0862108,80.2048268,,clinic,Tamil Nadu,osm_cache:Chennai
13.0860731,80.1983714,,clinic,Tamil Nadu,osm_cache:Chennai
13.0856328,80.1983243,,clinic,Tamil Nadu,osm_cache:Chennai
13.0527235,80.2727336,,hospital,Tamil Nadu,osm_cache:Chennai
13.1058085,80.2077881,,clinic,Tamil Nadu,osm_cache:Chennai
13.0590329,80.2375326,,hospital,Tamil Nadu,osm_cache:Chennai
13.0855051,80.192537,,clinic,Tamil Nadu,osm_cache:Chennai
13.0200088,80.1422946,,clinic,Tamil Nadu,osm_cache:Chennai
13.0799682,80.1805593,,hospital,Tamil Nadu,osm_cache:Chennai
13.0800478,80.1804976,,hospital,Tamil Nadu,osm_cache:Chennai
13.0497391,80.2083222,,hospital,Tamil Nadu,osm_cache:Chennai
13.0615207,80.275747,,hospital,Tamil Nadu,osm_cache:Chennai
12.9856999,80.2293536,,hospital,Tamil Nadu,osm_cache:Chennai
13.0119179,80.2307488,,doctors,Tamil Nadu,osm_cache:Chennai
13.0298741,80.2217057,,clinic,Tamil Nadu,osm_cache:Chennai
13.031147,80.2228983,,hospital,Tamil Nadu,osm_cache:Chennai
13.0319539,80.2207913,,hospital,Tamil Nadu,osm_cache:Chennai
12.9794,80.2043658,,hospital,Tamil Nadu,osm_cache:Chennai
13.1055632,80.2098688,,clinic,Tamil Nadu,osm_cache:Chennai
13.0291736,80.2474284,,clinic,Tamil Nadu,osm_cache:Chennai
13.0199102,80.2697182,,clinic,Tamil Nadu,osm_cache:Chennai
12.929761,80.1200478,,hospital,Tamil Nadu,osm_cache:Chennai
13.057865,80.2362823,,clinic,Tamil Nadu,osm_cache:Chennai
13.055823,80.2348714,,clinic,Tamil Nadu,osm_cache:Chennai
13.0289663,80.2085951,,hospital,Tamil Nadu,osm_cache:Chennai
13.0723143,80.2530089,,clinic,Tamil Nadu,osm_cache:Chennai
13.0464568,80.2457288,,clinic,Tamil Nadu,osm_cache:Chennai
13.0682794,80.2604397,,doctors,Tamil Nadu,osm_cache:Chennai
13.0708359,80.2657441,,clinic,Tamil Nadu,osm_cache:Chennai
13.0337515,80.2451004,,hospital,Tamil Nadu,osm_cache:Chennai
13.0329888,80.230346,,hospital,Tamil Nadu,osm_cache:Chennai
13.1193228,80.2254523,,clinic,Tamil Nadu,osm_cache:Chennai
13.042307,80.177473,,hospital,Tamil Nadu,osm_cache:Chennai
13.0844879,80.1876882,,clinic,Tamil Nadu,osm_cache:Chennai
12.9439622,80.1388438,,hospital,Tamil Nadu,osm_cache:Chennai
13.0063976,80.2507134,,hospital,Tamil Nadu,osm_cache:Chennai
12.9504411,80.1438314,,hospital,Tamil Nadu,osm_cache:Chennai
13.0793555,80.2560469,,clinic,Tamil Nadu,osm_cache:Chennai
13.1105649,80.2418775,,hospital,Tamil Nadu,osm_cache:Chennai
13.1116559,80.2847452,,clinic,Tamil Nadu,osm_cache:Chennai
13.0757435,80.2272588,,hospital,Tamil Nadu,osm_cache:Chennai
13.1026603,80.2112943,,hospital,Tamil Nadu,osm_cache:Chennai
13.0229098,80.1670808,,hospital,Tamil Nadu,osm_cache:Chennai
13.0829726,80.1796965,,hospital,Tamil Nadu,osm_cache:Chennai
13.0838202,80.2156412,,hospital,Tamil Nadu,osm_cache:Chennai
13.079494,80.2572808,,hospital,Tamil Nadu,osm_cache:Chennai
13.0477799,80.2065495,,clinic,Tamil Nadu,osm_cache:Chennai
13.0762935,80.234026,,hospital,Tamil Nadu,osm_cache:Chennai
12.9789449,80.2246302,,hospital,Tamil Nadu,osm_cache:Chennai
13.0917939,80.2410534,,hospital,Tamil Nadu,osm_cache:Chennai
13.0268492,80.2558082,,hospital,Tamil Nadu,osm_cache:Chennai
13.0833606,80.2341561,,hospital,Tamil Nadu,osm_cache:Chennai
13.0223545,80.2042052,,clinic,Tamil Nadu,osm_cache:Chennai
13.1025336,80.2090412,,clinic,Tamil Nadu,osm_cache:Chennai
13.0723588,80.2157642,,hospital,Tamil Nadu,osm_cache:Chennai
13.0074586,80.206874,,clinic,Tamil Nadu,osm_cache:Chennai
13.0440054,80.2355951,,clinic,Tamil Nadu,osm_cache:Chennai
13.0788127,80.2481786,,hospital,Tamil Nadu,osm_cache:Chennai
12.945698,80.1416239,,clinic,Tamil Nadu,osm_cache:Chennai
13.0240792,80.2278288,,hospital,Tamil Nadu,osm_cache:Chennai
13.0485912,80.2311788,,hospital,Tamil Nadu,osm_cache:Chennai
13.0714757,80.2317998,,hospital,Tamil Nadu,osm_cache:Chennai
13.1122071,80.2496512,,clinic,Tamil Nadu,osm_cache:Chennai
13.1192888,80.2889456,,clinic,Tamil Nadu,osm_cache:Chennai
13.0433091,80.2187696,,hospital,Tamil Nadu,osm_cache:Chennai
13.0516559,80.2133146,,hospital,Tamil Nadu,osm_cache:Chennai
13.0378713,80.1402023,,hospital,Tamil Nadu,osm_cache:Chennai
13.0425395,80.2430315,,clinic,Tamil Nadu,osm_cache:Chennai
13.1173689,80.2315973,,clinic,Tamil Nadu,osm_cache:Chennai
13.0422887,80.2665116,,clinic,Tamil Nadu,osm_cache:Chennai
13.0224512,80.2639461,,clinic,Tamil Nadu,osm_cache:Chennai
13.1232306,80.2876528,,hospital,Tamil Nadu,osm_cache:Chennai
13.0838812,80.2502386,,hospital,Tamil Nadu,osm_cache:Chennai
12.9855882,80.2189144,,hospital,Tamil Nadu,osm_cache:Chennai
12.9850289,80.1891057,,clinic,Tamil Nadu,osm_cache:Chennai
13.0995855,80.2605303,,hospital,Tamil Nadu,osm_cache:Chennai
12.9701347,80.1480083,,hospital,Tamil Nadu,osm_cache:Chennai
13.1217763,80.2858047,,clinic,Tamil Nadu,osm_cache:Chennai
12.971439,80.1378152,,hospital,Tamil Nadu,osm_cache:Chennai
13.0727703,80.2343653,,clinic,Tamil Nadu,osm_cache:Chennai
12.9289316,80.1170864,,hospital,Tamil Nadu,osm_cache:Chennai
13.1238765,80.2899749,,hospital,Tamil Nadu,osm_cache:Chennai
13.0459064,80.1136042,,hospital,Tamil Nadu,osm_cache:Chennai
12.9294095,80.1174378,,hospital,Tamil Nadu,osm_cache:Chennai
13.0213249,80.2596237,,clinic,Tamil Nadu,osm_cache:Chennai
13.0813437,80.2588713,,clinic,Tamil Nadu,osm_cache:Chennai
13.0282655,80.235353,,hospital,Tamil Nadu,osm_cache:Chennai
13.0057455,80.2044077,,clinic,Tamil Nadu,osm_cache:Chennai
13.0863886,80.2339844,,clinic,Tamil Nadu,osm_cache:Chennai
13.028161,80.2681853,,clinic,Tamil Nadu,osm_cache:Chennai
12.9644392,80.187601,,hospital,Tamil Nadu,osm_cache:Chennai
12.9959072,80.2586031,,clinic,Tamil Nadu,osm_cache:Chennai
13.1418442,80.2485046,,hospital,Tamil Nadu,osm_cache:Chennai
13.1177888,80.2287099,,hospital,Tamil Nadu,osm_cache:Chennai
13.0247168,80.1493795,,clinic,Tamil Nadu,osm_cache:Chennai
12.9815305,80.2207484,,clinic,Tamil Nadu,osm_cache:Chennai
13.0379757,80.2162984,,hospital,Tamil Nadu,osm_cache:Chennai
12.9779713,80.1883923,,hospital,Tamil Nadu,osm_cache:Chennai
13.0490968,80.2576214,,clinic,Tamil Nadu,osm_cache:Chennai
12.9214137,80.127482,,hospital,Tamil Nadu,osm_cache:Chennai
13.0813959,80.2469972,,hospital,Tamil Nadu,osm_cache:Chennai
13.0854776,80.2034474,,clinic,Tamil Nadu,osm_cache:Chennai
13.0741442,80.220515,,hospital,Tamil Nadu,osm_cache:Chennai
12.9264396,80.1117714,,hospital,Tamil Nadu,osm_cache:Chennai
13.0331935,80.2159045,,hospital,Tamil Nadu,osm_cache:Chennai
13.0379671,80.2013517,,hospital,Tamil Nadu,osm_cache:Chennai
13.1113868,80.2923493,,hospital,Tamil Nadu,osm_cache:Chennai
13.0177421,80.2712363,,clinic,Tamil Nadu,osm_cache:Chennai
12.943659,80.1437791,,hospital,Tamil Nadu,osm_cache:Chennai
13.0339283,80.2394965,,hospital,Tamil Nadu,osm_cache:Chennai
13.0400969,80.2044211,,hospital,Tamil Nadu,osm_cache:Chennai
13.0012687,80.2001283,,hospital,Tamil Nadu,osm_cache:Chennai
13.1118191,80.2419198,,clinic,Tamil Nadu,osm_cache:Chennai
13.0924039,80.2090184,,hospital,Tamil Nadu,osm_cache:Chennai
13.0473231,80.2127641,,clinic,Tamil Nadu,osm_cache:Chennai
13.0847009,80.2498054,,hospital,Tamil Nadu,osm_cache:Chennai
13.1272912,80.2461,,clinic,Tamil Nadu,osm_cache:Chennai
13.0323531,80.2517212,,hospital,Tamil Nadu,osm_cache:Chennai
13.0477722,80.2744473,,hospital,Tamil Nadu,osm_cache:Chennai
13.0764653,80.2274586,,hospital,Tamil Nadu,osm_cache:Chennai
13.0780413,80.2415872,,clinic,Tamil Nadu,osm_cache:Chennai
13.0374924,80.2381137,,hospital,Tamil Nadu,osm_cache:Chennai
13.010217,80.2217737,,clinic,Tamil Nadu,osm_cache:Chennai
12.9569773,80.1867561,,hospital,Tamil Nadu,osm_cache:Chennai
12.9952982,80.2068955,,hospital,Tamil Nadu,osm_cache:Chennai
13.0899919,80.2585199,,hospital,Tamil Nadu,osm_cache:Chennai
12.9864526,80.2601581,,hospital,Tamil Nadu,osm_cache:Chennai
13.0274616,80.2566481,,hospital,Tamil Nadu,osm_cache:Chennai
12.9911179,80.1986745,,hospital,Tamil Nadu,osm_cache:Chennai
13.0760812,80.2107431,,hospital,Tamil Nadu,osm_cache:Chennai
13.0343985,80.2339764,,hospital,Tamil Nadu,osm_cache:Chennai
13.0842894,80.2230605,,hospital,Tamil Nadu,osm_cache:Chennai
13.0290932,80.2775791,,clinic,Tamil Nadu,osm_cache:Chennai
13.0099884,80.1223294,,hospital,Tamil Nadu,osm_cache:Chennai
13.0476871,80.2646568,,hospital,Tamil Nadu,osm_cache:Chennai
13.054729,80.2110462,,hospital,Tamil Nadu,osm_cache:Chennai
12.995229,80.2691898,,hospital,Tamil Nadu,osm_cache:Chennai
13.0847414,80.2219681,,hospital,Tamil Nadu,osm_cache:Chennai
12.9762711,80.2222002,,hospital,Tamil Nadu,osm_cache:Chennai
13.0349787,80.2519137,,hospital,Tamil Nadu,osm_cache:Chennai
13.1152895,80.2923614,,hospital,Tamil Nadu,osm_cache:Chennai
12.9278474,80.1118621,,hospital,Tamil Nadu,osm_cache:Chennai
13.0840124,80.1691809,,hospital,Tamil Nadu,osm_cache:Chennai
13.0407013,80.2618016,,hospital,Tamil Nadu,osm_cache:Chennai
13.0896987,80.1877418,,hospital,Tamil Nadu,osm_cache:Chennai
12.9220372,80.1382443,,hospital,Tamil Nadu,osm_cache:Chennai
13.0268688,80.2541439,,hospital,Tamil Nadu,osm_cache:Chennai
13.0541946,80.257671,,hospital,Tamil Nadu,osm_cache:Chennai
13.086608,80.2468979,,clinic,Tamil Nadu,osm_cache:Chennai
13.0449508,80.2388835,,doctors,Tamil Nadu,osm_cache:Chennai
13.1185204,80.1523131,,hospital,Tamil Nadu,osm_cache:Chennai
13.0828407,80.1800171,,clinic,Tamil Nadu,osm_cache:Chennai
13.0780204,80.2336988,,hospital,Tamil Nadu,osm_cache:Chennai
13.0748591,80.2299839,,hospital,Tamil Nadu,osm_cache:Chennai
13.0022187,80.2520867,,hospital,Tamil Nadu,osm_cache:Chennai
13.034051,80.2279374,,hospital,Tamil Nadu,osm_cache:Chennai
13.0991061,80.2836885,,doctors,Tamil Nadu,osm_cache:Chennai
12.9832681,80.2176077,,hospital,Tamil Nadu,osm_cache:Chennai
12.9827844,80.1891661,,hospital,Tamil Nadu,osm_cache:Chennai
13.0465492,80.2422899,,hospital,Tamil Nadu,osm_cache:Chennai
12.9393262,80.1279768,,hospital,Tamil Nadu,osm_cache:Chennai
13.0027257,80.2469087,,clinic,Tamil Nadu,osm_cache:Chennai
13.0973284,80.1942193,,hospital,Tamil Nadu,osm_cache:Chennai
13.1183119,80.2318051,,hospital,Tamil Nadu,osm_cache:Chennai
13.0314888,80.2218689,,hospital,Tamil Nadu,osm_cache:Chennai
12.9743958,80.2200463,,clinic,Tamil Nadu,osm_cache:Chennai
12.9327959,80.2315475,,hospital,Tamil Nadu,osm_cache:Chennai
12.9646856,80.1522294,,hospital,Tamil Nadu,osm_cache:Chennai
13.0480981,80.245015,,hospital,Tamil Nadu,osm_cache:Chennai
13.0699812,80.2444142,,hospital,Tamil Nadu,osm_cache:Chennai
12.9217796,80.1450997,,hospital,Tamil Nadu,osm_cache:Chennai
13.1105084,80.2917197,,hospital,Tamil Nadu,osm_cache:Chennai
13.1102609,80.2376792,,clinic,Tamil Nadu,osm_cache:Chennai
12.9823277,80.1937835,,hospital,Tamil Nadu,osm_cache:Chennai
13.0382607,80.2582785,,hospital,Tamil Nadu,osm_cache:Chennai
13.0274436,80.2269866,,hospital,Tamil Nadu,osm_cache:Chennai
12.9378832,80.2082151,,clinic,Tamil Nadu,osm_cache:Chennai
13.0533846,80.2374941,,clinic,Tamil Nadu,osm_cache:Chennai
13.1190773,80.1504859,,hospital,Tamil Nadu,osm_cache:Chennai
12.9294917,80.1194769,,hospital,Tamil Nadu,osm_cache:Chennai
13.026013,80.2655232,,hospital,Tamil Nadu,osm_cache:Chennai
12.9343227,80.1384374,,hospital,Tamil Nadu,osm_cache:Chennai
13.0519442,80.2454831,,hospital,Tamil Nadu,osm_cache:Chennai
13.037303,80.2558136,,hospital,Tamil Nadu,osm_cache:Chennai
13.0518247,80.2476483,,hospital,Tamil Nadu,osm_cache:Chennai
12.9893694,80.1422824,,clinic,Tamil Nadu,osm_cache:Chennai
13.0395483,80.2313016,,hospital,Tamil Nadu,osm_cache:Chennai
13.0863304,80.2583543,,clinic,Tamil Nadu,osm_cache:Chennai
13.1512288,80.2998984,,hospital,Tamil Nadu,osm_cache:Chennai
13.0405732,80.2146873,,hospital,Tamil Nadu,osm_cache:Chennai
13.0376198,80.2619625,,hospital,Tamil Nadu,osm_cache:Chennai
13.0210394,80.2592924,,hospital,Tamil Nadu,osm_cache:Chennai
13.0459338,80.1131429,,hospital,Tamil Nadu,osm_cache:Chennai
13.0743327,80.228278,,hospital,Tamil Nadu,osm_cache:Chennai
13.0844527,80.1798642,,hospital,Tamil Nadu,osm_cache:Chennai
13.1456863,80.2927141,,hospital,Tamil Nadu,osm_cache:Chennai
12.9512606,80.1384495,,clinic,Tamil Nadu,osm_cache:Chennai
13.0641326,80.2705644,,hospital,Tamil Nadu,osm_cache:Chennai
13.0462892,80.1979979,,hospital,Tamil Nadu,osm_cache:Chennai
13.0815684,80.2587748,,clinic,Tamil Nadu,osm_cache:Chennai
13.0807741,80.1989025,,hospital,Tamil Nadu,osm_cache:Chennai
13.0850496,80.215956,,hospital,Tamil Nadu,osm_cache:Chennai
13.1098612,80.2909854,,clinic,Tamil Nadu,osm_cache:Chennai
13.0390564,80.2568208,,hospital,Tamil Nadu,osm_cache:Chennai
13.0916495,80.2179844,,hospital,Tamil Nadu,osm_cache:Chennai
13.1113476,80.284929,,clinic,Tamil Nadu,osm_cache:Chennai
12.9507835,80.255186,,hospital,Tamil Nadu,osm_cache:Chennai
13.0331886,80.258056,,clinic,Tamil Nadu,osm_cache:Chennai
13.0435469,80.2636349,,hospital,Tamil Nadu,osm_cache:Chennai
13.1368213,80.2087516,,hospital,Tamil Nadu,osm_cache:Chennai
13.0893773,80.2547595,,hospital,Tamil Nadu,osm_cache:Chennai
12.9574752,80.1859635,,clinic,Tamil Nadu,osm_cache:Chennai
12.9300969,80.1188466,,hospital,Tamil Nadu,osm_cache:Chennai
13.0269457,80.2623196,,hospital,Tamil Nadu,osm_cache:Chennai
13.0970567,80.2821958,,clinic,Tamil Nadu,osm_cache:Chennai
13.0821536,80.253244,,hospital,Tamil Nadu,osm_cache:Chennai
13.1354513,80.2934799,,hospital,Tamil Nadu,osm_cache:Chennai
13.1129411,80.2822602,,clinic,Tamil Nadu,osm_cache:Chennai
13.0222055,80.2622388,,hospital,Tamil Nadu,osm_cache:Chennai
13.0766658,80.2057502,,hospital,Tamil Nadu,osm_cache:Chennai
13.1168517,80.2279428,,clinic,Tamil Nadu,osm_cache:Chennai
13.1119458,80.2952072,,hospital,,osm_cache:Chennai
12.9504267,80.2551001,,hospital,Tamil Nadu,osm_cache:Chennai
12.9926586,80.20008,,clinic,Tamil Nadu,osm_cache:Chennai
13.0776912,80.2459216,,hospital,Tamil Nadu,osm_cache:Chennai
12.9461162,80.1399234,,clinic,Tamil Nadu,osm_cache:Chennai
13.1063124,80.2506946,,clinic,Tamil Nadu,osm_cache:Chennai
13.0739408,80.2357346,,hospital,Tamil Nadu,osm_cache:Chennai
12.9548325,80.141636,,hospital,Tamil Nadu,osm_cache:Chennai
12.9958562,80.2603345,,hospital,Tamil Nadu,osm_cache:Chennai
13.122272,80.2894968,,clinic,Tamil Nadu,osm_cache:Chennai
13.0778545,80.2415295,,hospital,Tamil Nadu,osm_cache:Chennai
13.0265892,80.2699743,,clinic,Tamil Nadu,osm_cache:Chennai
12.9335502,80.123004,,hospital,Tamil Nadu,osm_cache:Chennai
12.9194987,80.1388706,,clinic,Tamil Nadu,osm_cache:Chennai
13.0600349,80.2302911,,hospital,Tamil Nadu,osm_cache:Chennai
13.1282303,80.2421558,,hospital,Tamil Nadu,osm_cache:Chennai
13.0313072,80.2097064,,clinic,Tamil Nadu,osm_cache:Chennai
13.1302259,80.2916855,,hospital,Tamil Nadu,osm_cache:Chennai
13.1165682,80.2263898,,clinic,Tamil Nadu,osm_cache:Chennai
13.0842489,80.220851,,hospital,Tamil Nadu,osm_cache:Chennai
13.0731975,80.2527237,,hospital,Tamil Nadu,osm_cache:Chennai
13.1109009,80.2812195,,hospital,Tamil Nadu,osm_cache:Chennai
13.0461063,80.2220044,,hospital,Tamil Nadu,osm_cache:Chennai
13.0411063,80.1747546,,hospital,Tamil Nadu,osm_cache:Chennai
13.0644964,80.2730508,,clinic,Tamil Nadu,osm_cache:Chennai
13.0007709,80.2575208,,clinic,Tamil Nadu,osm_cache:Chennai
13.0535505,80.2576911,,hospital,Tamil Nadu,osm_cache:Chennai
13.0884107,80.2421169,,hospital,Tamil Nadu,osm_cache:Chennai
13.0741955,80.2357775,,hospital,Tamil Nadu,osm_cache:Chennai
13.1089757,80.2481371,,clinic,Tamil Nadu,osm_cache:Chennai
13.0584745,80.2740124,,hospital,Tamil Nadu,osm_cache:Chennai
13.0350165,80.2392798,,doctors,Tamil Nadu,osm_cache:Chennai
13.0743836,80.2367672,,hospital,Tamil Nadu,osm_cache:Chennai
13.0395058,80.1712127,,clinic,Tamil Nadu,osm_cache:Chennai
13.0455758,80.1854472,,clinic,Tamil Nadu,osm_cache:Chennai
13.0388943,80.2137016,,clinic,Tamil Nadu,osm_cache:Chennai
13.0473239,80.2241461,,hospital,Tamil Nadu,osm_cache:Chennai
12.969346,80.2573344,,clinic,Tamil Nadu,osm_cache:Chennai
12.9652266,80.1927643,,hospital,Tamil Nadu,osm_cache:Chennai
13.0981213,80.2362643,,hospital,Tamil Nadu,osm_cache:Chennai
12.97853,80.1851381,,hospital,Tamil Nadu,osm_cache:Chennai
13.0696298,80.2159499,,clinic,Tamil Nadu,osm_cache:Chennai
13.1160177,80.2328438,,hospital,Tamil Nadu,osm_cache:Chennai
12.9731392,80.1371252,,hospital,Tamil Nadu,osm_cache:Chennai
13.0350623,80.2778479,,hospital,Tamil Nadu,osm_cache:Chennai
12.9206582,80.1434009,,hospital,Tamil Nadu,osm_cache:Chennai
12.9697917,80.1904562,,hospital,Tamil Nadu,osm_cache:Chennai
13.1101185,80.2819745,,clinic,Tamil Nadu,osm_cache:Chennai
12.9857914,80.185987,,hospital,Tamil Nadu,osm_cache:Chennai
13.1100467,80.2466847,,hospital,Tamil Nadu,osm_cache:Chennai
12.9637407,80.1880047,,hospital,Tamil Nadu,osm_cache:Chennai
12.9521441,80.1438126,,hospital,Tamil Nadu,osm_cache:Chennai
13.0725279,80.2195783,,hospital,Tamil Nadu,osm_cache:Chennai
13.0810328,80.2336653,,hospital,Tamil Nadu,osm_cache:Chennai
13.0452205,80.1861023,,clinic,Tamil Nadu,osm_cache:Chennai
13.1121574,80.2956927,,hospital,,osm_cache:Chennai
12.996767,80.2603599,,hospital,Tamil Nadu,osm_cache:Chennai
13.1170802,80.2864189,,hospital,Tamil Nadu,osm_cache:Chennai
12.998194,80.2079885,,clinic,Tamil Nadu,osm_cache:Chennai
13.1122162,80.2309737,,hospital,Tamil Nadu,osm_cache:Chennai
13.0965878,80.2597135,,hospital,Tamil Nadu,osm_cache:Chennai
13.117412,80.289427,,hospital,Tamil Nadu,osm_cache:Chennai
13.1184216,80.2610184,,hospital,Tamil Nadu,osm_cache:Chennai
13.0576423,80.2723642,,clinic,Tamil Nadu,osm_cache:Chennai
13.0328516,80.2615173,,hospital,Tamil Nadu,osm_cache:Chennai
13.1308907,80.2138799,,hospital,Tamil Nadu,osm_cache:Chennai
13.0154215,80.1932403,,clinic,Tamil Nadu,osm_cache:Chennai
12.9784706,80.2247932,,hospital,Tamil Nadu,osm_cache:Chennai
13.0265108,80.2607878,,hospital,Tamil Nadu,osm_cache:Chennai
13.083452,80.2030747,,hospital,Tamil Nadu,osm_cache:Chennai
13.0316469,80.2311185,,hospital,Tamil Nadu,osm_cache:Chennai
13.0777579,80.2414826,,hospital,Tamil Nadu,osm_cache:Chennai
13.0776821,80.2415201,,hospital,Tamil Nadu,osm_cache:Chennai
13.111251,80.2940284,,hospital,Tamil Nadu,osm_cache:Chennai
13.0666173,80.2481747,,clinic,Tamil Nadu,osm_cache:Chennai
13.1184222,80.1507749,,hospital,Tamil Nadu,osm_cache:Chennai
13.0390564,80.2086724,,hospital,Tamil Nadu,osm_cache:Chennai
13.0768865,80.2351539,,clinic,Tamil Nadu,osm_cache:Chennai
12.9996223,80.2537027,,hospital,Tamil Nadu,osm_cache:Chennai
13.0122123,80.2235084,,hospital,Tamil Nadu,osm_cache:Chennai
13.0420391,80.2126005,,hospital,Tamil Nadu,osm_cache:Chennai
13.0479576,80.2124181,,clinic,Tamil Nadu,osm_cache:Chennai
12.9801472,80.1835965,,hospital,Tamil Nadu,osm_cache:Chennai
13.060131,80.2523656,,hospital,Tamil Nadu,osm_cache:Chennai
13.0356881,80.2337551,,hospital,Tamil Nadu,osm_cache:Chennai
13.0919709,80.2511633,,hospital,Tamil Nadu,osm_cache:Chennai
13.0939374,80.2008538,,clinic,Tamil Nadu,osm_cache:Chennai
13.1255776,80.2260934,,clinic,Tamil Nadu,osm_cache:Chennai
13.0976393,80.2594614,,clinic,Tamil Nadu,osm_cache:Chennai
12.9512004,80.1475489,,clinic,Tamil Nadu,osm_cache:Chennai
13.0710341,80.222632,,hospital,Tamil Nadu,osm_cache:Chennai
13.1577727,80.3018933,,hospital,Tamil Nadu,osm_cache:Chennai
13.0029165,80.2463347,,clinic,Tamil Nadu,osm_cache:Chennai
12.9892035,80.2554783,,clinic,Tamil Nadu,osm_cache:Chennai
12.9673347,80.1867983,,hospital,Tamil Nadu,osm_cache:Chennai
13.0517176,80.2300054,,hospital,Tamil Nadu,osm_cache:Chennai
13.0633102,80.2743041,,clinic,Tamil Nadu,osm_cache:Chennai
13.074266,80.2382156,,hospital,Tamil Nadu,osm_cache:Chennai
13.0850183,80.2244673,,hospital,Tamil Nadu,osm_cache:Chennai
12.9498348,80.1690781,,hospital,Tamil Nadu,osm_cache:Chennai
13.0670837,80.2505444,,hospital,Tamil Nadu,osm_cache:Chennai
13.0836428,80.2462569,,clinic,Tamil Nadu,osm_cache:Chennai
13.0365779,80.2728282,,clinic,Tamil Nadu,osm_cache:Chennai
12.953421,80.1411398,,clinic,Tamil Nadu,osm_cache:Chennai
13.0449677,80.1846506,,hospital,Tamil Nadu,osm_cache:Chennai
13.0309126,80.1715896,,hospital,Tamil Nadu,osm_cache:Chennai
12.9640779,80.2461429,,hospital,Tamil Nadu,osm_cache:Chennai
13.1135903,80.2270764,,hospital,Tamil Nadu,osm_cache:Chennai
13.0834455,80.1749497,,hospital,Tamil Nadu,osm_cache:Chennai
13.0827016,80.2424652,,hospital,Tamil Nadu,osm_cache:Chennai
13.0341895,80.2325615,,clinic,Tamil Nadu,osm_cache:Chennai
13.1164154,80.146014,,clinic,Tamil Nadu,osm_cache:Chennai
12.9284225,80.1184121,,clinic,Tamil Nadu,osm_cache:Chennai
13.07604,80.2366224,,hospital,Tamil Nadu,osm_cache:Chennai
13.0483992,80.2040416,,hospital,Tamil Nadu,osm_cache:Chennai
13.084629,80.2247456,,clinic,Tamil Nadu,osm_cache:Chennai
13.0441485,80.2637114,,hospital,Tamil Nadu,osm_cache:Chennai
13.0806801,80.2486159,,hospital,Tamil Nadu,osm_cache:Chennai
13.0430125,80.2371521,,hospital,Tamil Nadu,osm_cache:Chennai
13.0477067,80.185183,,clinic,Tamil Nadu,osm_cache:Chennai
12.9938673,80.2528444,,hospital,Tamil Nadu,osm_cache:Chennai
13.0790289,80.2490893,,hospital,Tamil Nadu,osm_cache:Chennai
13.1225671,80.224244,,clinic,Tamil Nadu,osm_cache:Chennai
13.1217887,80.1996361,,hospital,Tamil Nadu,osm_cache:Chennai
13.0381353,80.1619336,,hospital,Tamil Nadu,osm_cache:Chennai
13.0177957,80.2711008,,hospital,Tamil Nadu,osm_cache:Chennai
13.0883153,80.2162363,,clinic,Tamil Nadu,osm_cache:Chennai
13.0877615,80.2423476,,hospital,Tamil Nadu,osm_cache:Chennai
13.0685338,80.2579902,,hospital,Tamil Nadu,osm_cache:Chennai
13.0353484,80.1822808,,hospital,Tamil Nadu,osm_cache:Chennai
13.0843952,80.2182426,,hospital,Tamil Nadu,osm_cache:Chennai
13.1169712,80.2883984,,clinic,Tamil Nadu,osm_cache:Chennai
12.9763914,80.2114016,,hospital,Tamil Nadu,osm_cache:Chennai
13.1168268,80.2876957,,clinic,Tamil Nadu,osm_cache:Chennai
13.0790015,80.25267,,hospital,Tamil Nadu,osm_cache:Chennai
13.0440365,80.2336198,,hospital,Tamil Nadu,osm_cache:Chennai
13.0257935,80.2227634,,clinic,Tamil Nadu,osm_cache:Chennai
13.0788382,80.2469368,,hospital,Tamil Nadu,osm_cache:Chennai
12.9925116,80.2061465,,hospital,Tamil Nadu,osm_cache:Chennai
13.0389519,80.2290894,,hospital,Tamil Nadu,osm_cache:Chennai
13.1252733,80.141872,,clinic,Tamil Nadu,osm_cache:Chennai
13.0427786,80.2706811,,hospital,Tamil Nadu,osm_cache:Chennai
13.0266147,80.2283525,,clinic,Tamil Nadu,osm_cache:Chennai
13.0269877,80.2631588,,hospital,Tamil Nadu,osm_cache:Chennai
12.9833895,80.2181782,,hospital,Tamil Nadu,osm_cache:Chennai
13.0478465,80.2329075,,hospital,Tamil Nadu,osm_cache:Chennai
13.0473037,80.1121954,,clinic,Tamil Nadu,osm_cache:Chennai
12.9740991,80.1387607,,hospital,Tamil Nadu,osm_cache:Chennai
13.0390577,80.1931438,,clinic,Tamil Nadu,osm_cache:Chennai
13.0791504,80.2541493,,hospital,Tamil Nadu,osm_cache:Chennai
13.0816938,80.2522811,,hospital,Tamil Nadu,osm_cache:Chennai
13.0838857,80.2252632,,hospital,Tamil Nadu,osm_cache:Chennai
13.0892193,80.2415402,,hospital,Tamil Nadu,osm_cache:Chennai
13.082343,80.2076291,,hospital,Tamil Nadu,osm_cache:Chennai
13.0332775,80.2371645,,hospital,Tamil Nadu,osm_cache:Chennai
13.0373801,80.1130088,,clinic,Tamil Nadu,osm_cache:Chennai
13.0481888,80.2035199,,hospital,Tamil Nadu,osm_cache:Chennai
13.097668,80.2415751,,clinic,Tamil Nadu,osm_cache:Chennai
13.0607823,80.2217676,,clinic,Tamil Nadu,osm_cache:Chennai
13.0496502,80.2410582,,hospital,Tamil Nadu,osm_cache:Chennai
13.037934,80.2170509,,clinic,Tamil Nadu,osm_cache:Chennai
13.1166714,80.2803303,,hospital,Tamil Nadu,osm_cache:Chennai
13.0838165,80.236031,,clinic,Tamil Nadu,osm_cache:Chennai
13.0475826,80.2069719,,hospital,Tamil Nadu,osm_cache:Chennai
13.0346684,80.2576784,,clinic,Tamil Nadu,osm_cache:Chennai
13.0558855,80.2481343,,hospital,Tamil Nadu,osm_cache:Chennai
13.047269,80.2187347,,hospital,Tamil Nadu,osm_cache:Chennai
13.1184203,80.204346,,hospital,Tamil Nadu,osm_cache:Chennai
13.0312145,80.2321847,,clinic,Tamil Nadu,osm_cache:Chennai
12.9758647,80.2205016,,hospital,Tamil Nadu,osm_cache:Chennai
13.0606718,80.2432201,,hospital,Tamil Nadu,osm_cache:Chennai
13.1450072,80.2398249,,hospital,Tamil Nadu,osm_cache:Chennai
13.1228878,80.293498,,hospital,Tamil Nadu,osm_cache:Chennai
13.0781955,80.2452886,,hospital,Tamil Nadu,osm_cache:Chennai
13.0352086,80.2164307,,clinic,Tamil Nadu,osm_cache:Chennai
13.0345893,80.1836944,,hospital,Tamil Nadu,osm_cache:Chennai
13.0503377,80.2299377,,hospital,Tamil Nadu,osm_cache:Chennai
13.0394065,80.2507684,,hospital,Tamil Nadu,osm_cache:Chennai
13.0768382,80.2354315,,clinic,Tamil Nadu,osm_cache:Chennai
13.0463676,80.1865241,,hospital,Tamil Nadu,osm_cache:Chennai
12.9513926,80.1463768,,clinic,Tamil Nadu,osm_cache:Chennai
13.0872141,80.2596062,,clinic,Tamil Nadu,osm_cache:Chennai
13.0489087,80.2645898,,clinic,Tamil Nadu,osm_cache:Chennai
12.9269402,80.1146503,,hospital,Tamil Nadu,osm_cache:Chennai
12.9460718,80.146928,,clinic,Tamil Nadu,osm_cache:Chennai
12.9531897,80.2541614,,hospital,Tamil Nadu,osm_cache:Chennai
13.1162117,80.1065513,,hospital,Tamil Nadu,osm_cache:Chennai
12.991685,80.2533312,,clinic,Tamil Nadu,osm_cache:Chennai
13.0619796,80.2741693,,hospital,Tamil Nadu,osm_cache:Chennai
13.0476113,80.2650954,,hospital,Tamil Nadu,osm_cache:Chennai
13.0524884,80.2736449,,hospital,Tamil Nadu,osm_cache:Chennai
13.0432085,80.259169,,hospital,Tamil Nadu,osm_cache:Chennai
13.1216418,80.2436035,,clinic,Tamil Nadu,osm_cache:Chennai
13.0782438,80.2456386,,clinic,Tamil Nadu,osm_cache:Chennai
13.0380111,80.2013205,,hospital,Tamil Nadu,osm_cache:Chennai
13.0368,80.2079107,,clinic,Tamil Nadu,osm_cache:Chennai
12.9813316,80.1248614,,clinic,Tamil Nadu,osm_cache:Chennai
13.0748708,80.2147555,,hospital,Tamil Nadu,osm_cache:Chennai
13.0290525,80.2636265,,hospital,Tamil Nadu,osm_cache:Chennai
13.0297278,80.2446245,,hospital,Tamil Nadu,osm_cache:Chennai
12.9609724,80.2421492,,hospital,Tamil Nadu,osm_cache:Chennai
13.0032895,80.25373,,doctors,Tamil Nadu,osm_cache:Chennai
13.003026,80.2540981,,hospital,Tamil Nadu,osm_cache:Chennai
13.0017764,80.2518544,,clinic,Tamil Nadu,osm_cache:Chennai
13.0012776,80.2498239,,clinic,Tamil Nadu,osm_cache:Chennai
13.0015495,80.2497784,,clinic,Tamil Nadu,osm_cache:Chennai
13.0465056,80.2423799,,hospital,Tamil Nadu,osm_cache:Chennai
13.1308512,80.2517777,,clinic,Tamil Nadu,osm_cache:Chennai
13.1297134,80.2506039,,hospital,Tamil Nadu,osm_cache:Chennai
13.13468,80.243196,,hospital,Tamil Nadu,osm_cache:Chennai
13.07832,80.243753,,hospital,Tamil Nadu,osm_cache:Chennai
13.0583373,80.2012267,,clinic,Tamil Nadu,osm_cache:Chennai
13.12038,80.285818,,hospital,Tamil Nadu,osm_cache:Chennai
13.0991743,80.2301988,,hospital,Tamil Nadu,osm_cache:Chennai
13.0433937,80.2461174,,hospital,Tamil Nadu,osm_cache:Chennai
13.061988,80.2745135,,hospital,Tamil Nadu,osm_cache:Chennai
13.0605437,80.2217663,,clinic,Tamil Nadu,osm_cache:Chennai
13.10618,80.286804,,hospital,Tamil Nadu,osm_cache:Chennai
13.0469783,80.1895003,,hospital,Tamil Nadu,osm_cache:Chennai
13.12222,80.223972,,clinic,Tamil Nadu,osm_cache:Chennai
13.0692631,80.1799109,,hospital,Tamil Nadu,osm_cache:Chennai
13.1153048,80.2233851,,hospital,Tamil Nadu,osm_cache:Chennai
13.0431134,80.2453103,,hospital,Tamil Nadu,osm_cache:Chennai
13.0508643,80.1922458,,hospital,Tamil Nadu,osm_cache:Chennai
13.05943,80.194729,,clinic,Tamil Nadu,osm_cache:Chennai
13.1129012,80.2957982,,hospital,,osm_cache:Chennai
13.0586646,80.2428501,,hospital,Tamil Nadu,osm_cache:Chennai
13.05774,80.273916,,clinic,Tamil Nadu,osm_cache:Chennai
13.09041,80.175293,,hospital,Tamil Nadu,osm_cache:Chennai
13.0616195,80.275793,,hospital,Tamil Nadu,osm_cache:Chennai
13.0508818,80.2735131,,hospital,Tamil Nadu,osm_cache:Chennai
13.0594024,80.1954415,,hospital,Tamil Nadu,osm_cache:Chennai
13.044837,80.2475507,,hospital,Tamil Nadu,osm_cache:Chennai
13.0535971,80.2275376,,hospital,Tamil Nadu,osm_cache:Chennai
13.0993782,80.2825418,,hospital,Tamil Nadu,osm_cache:Chennai
13.068807,80.2672078,,hospital,Tamil Nadu,osm_cache:Chennai
13.1192346,80.2857643,,clinic,Tamil Nadu,osm_cache:Chennai
13.0524675,80.1898468,,hospital,Tamil Nadu,osm_cache:Chennai
13.1142928,80.2844517,,hospital,Tamil Nadu,osm_cache:Chennai
13.0410091,80.1964532,,hospital,Tamil Nadu,osm_cache:Chennai
13.0621485,80.2745047,,clinic,Tamil Nadu,osm_cache:Chennai
13.0487028,80.2645448,,hospital,Tamil Nadu,osm_cache:Chennai
13.1267531,80.2489796,,hospital,Tamil Nadu,osm_cache:Chennai
13.0572714,80.2757357,,hospital,Tamil Nadu,osm_cache:Chennai
13.0480821,80.2329957,,hospital,Tamil Nadu,osm_cache:Chennai
13.05562,80.124419,,hospital,Tamil Nadu,osm_cache:Chennai
13.0538856,80.1927125,,hospital,Tamil Nadu,osm_cache:Chennai
13.0916464,80.2139939,,hospital,Tamil Nadu,osm_cache:Chennai
13.0535089,80.2195494,,hospital,Tamil Nadu,osm_cache:Chennai
13.0887,80.256712,,hospital,Tamil Nadu,osm_cache:Chennai
13.060986,80.2747981,,hospital,Tamil Nadu,osm_cache:Chennai
13.1069544,80.2796126,,clinic,Tamil Nadu,osm_cache:Chennai
13.0590564,80.1928218,,hospital,Tamil Nadu,osm_cache:Chennai
13.0566709,80.2350491,,clinic,Tamil Nadu,osm_cache:Chennai
13.0561828,80.2478331,,hospital,Tamil Nadu,osm_cache:Chennai
12.9222915,80.1501746,,clinic,Tamil Nadu,osm_cache:Chennai
12.9275229,80.1125421,,hospital,Tamil Nadu,osm_cache:Chennai
12.92622,80.102998,,hospital,Tamil Nadu,osm_cache:Chennai
13.0348047,80.2246285,,clinic,Tamil Nadu,osm_cache:Chennai
13.01822,80.108873,,hospital,Tamil Nadu,osm_cache:Chennai
13.0340836,80.2419057,,clinic,Tamil Nadu,osm_cache:Chennai
13.0319129,80.2099892,,hospital,Tamil Nadu,osm_cache:Chennai
13.0298958,80.1911357,,clinic,Tamil Nadu,osm_cache:Chennai
12.9854281,80.192207,,clinic,Tamil Nadu,osm_cache:Chennai
13.0374439,80.1444537,,hospital,Tamil Nadu,osm_cache:Chennai
13.0369528,80.169935,,hospital,Tamil Nadu,osm_cache:Chennai
12.9408644,80.1828683,,hospital,Tamil Nadu,osm_cache:Chennai
13.0312006,80.2511993,,hospital,Tamil Nadu,osm_cache:Chennai
12.9979497,80.2562121,,hospital,Tamil Nadu,osm_cache:Chennai
12.9521921,80.1442251,,hospital,Tamil Nadu,osm_cache:Chennai
13.0374624,80.2389389,,hospital,Tamil Nadu,osm_cache:Chennai
12.94505,80.13456,,hospital,Tamil Nadu,osm_cache:Chennai
12.95866,80.187198,,hospital,Tamil Nadu,osm_cache:Chennai
13.03968,80.21204,,hospital,Tamil Nadu,osm_cache:Chennai
13.0374234,80.190944,,hospital,Tamil Nadu,osm_cache:Chennai
13.036525,80.1567342,,hospital,Tamil Nadu,osm_cache:Chennai
13.034922,80.2465468,,hospital,Tamil Nadu,osm_cache:Chennai
13.0342203,80.2398192,,hospital,Tamil Nadu,osm_cache:Chennai
13.038362,80.2572398,,hospital,Tamil Nadu,osm_cache:Chennai
13.0298989,80.2261208,,hospital,Tamil Nadu,osm_cache:Chennai
12.9488228,80.1376942,,clinic,Tamil Nadu,osm_cache:Chennai
13.0048164,80.2025432,,hospital,Tamil Nadu,osm_cache:Chennai
13.0313233,80.1909256,,hospital,Tamil Nadu,osm_cache:Chennai
12.9342227,80.1807557,,hospital,Tamil Nadu,osm_cache:Chennai
12.9771173,80.2040772,,clinic,Tamil Nadu,osm_cache:Chennai
13.0585997,80.2422913,,doctors,Tamil Nadu,osm_cache:Chennai
13.0753606,80.21879,,hospital,Tamil Nadu,osm_cache:Chennai
13.0239396,80.116819,,hospital,Tamil Nadu,osm_cache:Chennai
12.9645886,80.1958518,,hospital,Tamil Nadu,osm_cache:Chennai
13.1534531,80.2533929,,clinic,Tamil Nadu,osm_cache:Chennai
13.156154,80.301391,,hospital,Tamil Nadu,osm_cache:Chennai
13.1345397,80.2058879,,hospital,Tamil Nadu,osm_cache:Chennai
13.131644,80.2121709,,clinic,Tamil Nadu,osm_cache:Chennai
13.1523024,80.3007588,,clinic,Tamil Nadu,osm_cache:Chennai
13.1521212,80.3009641,,clinic,Tamil Nadu,osm_cache:Chennai
13.1503301,80.2984201,,hospital,Tamil Nadu,osm_cache:Chennai
13.1517568,80.3012914,,clinic,Tamil Nadu,osm_cache:Chennai
13.1327627,80.2073327,,clinic,Tamil Nadu,osm_cache:Chennai
13.1520648,80.3012826,,clinic,Tamil Nadu,osm_cache:Chennai
13.1463416,80.2978175,,clinic,Tamil Nadu,osm_cache:Chennai
13.1537616,80.3006482,,hospital,Tamil Nadu,osm_cache:Chennai
13.1521728,80.3002146,,hospital,Tamil Nadu,osm_cache:Chennai
13.1486276,80.2982812,,hospital,Tamil Nadu,osm_cache:Chennai
13.156041,80.3009519,,clinic,Tamil Nadu,osm_cache:Chennai
13.1358049,80.2092573,,clinic,Tamil Nadu,osm_cache:Chennai
13.1523333,80.2998808,,hospital,Tamil Nadu,osm_cache:Chennai
13.0497791,80.1146142,,clinic,Tamil Nadu,osm_cache:Chennai
13.0341953,80.1238143,,clinic,Tamil Nadu,osm_cache:Chennai
13.0471845,80.184358,,hospital,Tamil Nadu,osm_cache:Chennai
13.0471927,80.1814527,,clinic,Tamil Nadu,osm_cache:Chennai
13.0401817,80.1803453,,hospital,Tamil Nadu,osm_cache:Chennai
13.0456848,80.1858062,,clinic,Tamil Nadu,osm_cache:Chennai
13.0447838,80.1844199,,clinic,Tamil Nadu,osm_cache:Chennai
13.0387383,80.1804207,,doctors,Tamil Nadu,osm_cache:Chennai
13.0456183,80.1820026,,clinic,Tamil Nadu,osm_cache:Chennai
13.0532913,80.1249542,,hospital,Tamil Nadu,osm_cache:Chennai
13.047776,80.185283,,doctors,Tamil Nadu,osm_cache:Chennai
13.0442533,80.184247,,clinic,Tamil Nadu,osm_cache:Chennai
13.0417948,80.1813335,,doctors,Tamil Nadu,osm_cache:Chennai
13.0494837,80.1028024,,clinic,Tamil Nadu,osm_cache:Chennai
13.0382058,80.1807184,,clinic,Tamil Nadu,osm_cache:Chennai
13.0472622,80.1815603,,hospital,Tamil Nadu,osm_cache:Chennai
13.0470409,80.1841129,,hospital,Tamil Nadu,osm_cache:Chennai
12.9285127,80.1139064,,hospital,Tamil Nadu,osm_cache:Chennai
12.9252184,80.1125391,,hospital,Tamil Nadu,osm_cache:Chennai
12.937008,80.139316,,clinic,Tamil Nadu,osm_cache:Chennai
12.9274606,80.1143405,,hospital,Tamil Nadu,osm_cache:Chennai
12.9229899,80.1105058,,doctors,Tamil Nadu,osm_cache:Chennai
12.93059,80.13524,,clinic,Tamil Nadu,osm_cache:Chennai
12.937277,80.1390208,,hospital,Tamil Nadu,osm_cache:Chennai
12.928811,80.1304281,,doctors,Tamil Nadu,osm_cache:Chennai
12.9262006,80.1107588,,doctors,Tamil Nadu,osm_cache:Chennai
12.928811,80.1305993,,clinic,Tamil Nadu,osm_cache:Chennai
12.9238952,80.1290919,,clinic,Tamil Nadu,osm_cache:Chennai
12.9349952,80.1257351,,hospital,Tamil Nadu,osm_cache:Chennai
12.9334577,80.1324104,,clinic,Tamil Nadu,osm_cache:Chennai
12.935986,80.1247473,,clinic,Tamil Nadu,osm_cache:Chennai
12.9258811,80.1065962,,clinic,Tamil Nadu,osm_cache:Chennai
12.932112,80.1300926,,clinic,Tamil Nadu,osm_cache:Chennai
12.9361226,80.1238348,,hospital,Tamil Nadu,osm_cache:Chennai
12.9268544,80.1128394,,clinic,Tamil Nadu,osm_cache:Chennai
12.929311,80.118892,,hospital,Tamil Nadu,osm_cache:Chennai
12.934103,80.1323567,,clinic,Tamil Nadu,osm_cache:Chennai
12.9305296,80.1185855,,hospital,Tamil Nadu,osm_cache:Chennai
12.923808,80.128158,,clinic,Tamil Nadu,osm_cache:Chennai
12.9291489,80.1289842,,clinic,Tamil Nadu,osm_cache:Chennai
12.9257612,80.1271659,,clinic,Tamil Nadu,osm_cache:Chennai
12.9264853,80.1026633,,hospital,Tamil Nadu,osm_cache:Chennai
12.9317802,80.1171508,,clinic,Tamil Nadu,osm_cache:Chennai
12.9226874,80.1281744,,clinic,Tamil Nadu,osm_cache:Chennai
12.9278018,80.1037467,,clinic,Tamil Nadu,osm_cache:Chennai
12.9373893,80.1421519,,doctors,Tamil Nadu,osm_cache:Chennai
12.9267062,80.1043215,,clinic,Tamil Nadu,osm_cache:Chennai
12.9283314,80.1291024,,clinic,Tamil Nadu,osm_cache:Chennai
12.9293353,80.1131889,,hospital,Tamil Nadu,osm_cache:Chennai
12.9260089,80.111206,,clinic,Tamil Nadu,osm_cache:Chennai
12.9227892,80.1281937,,hospital,Tamil Nadu,osm_cache:Chennai
12.9313644,80.118011,,clinic,Tamil Nadu,osm_cache:Chennai
12.9340178,80.1236737,,hospital,Tamil Nadu,osm_cache:Chennai
12.9239283,80.1280388,,hospital,Tamil Nadu,osm_cache:Chennai
12.9323992,80.1195168,,hospital,Tamil Nadu,osm_cache:Chennai
12.9301271,80.1195747,,hospital,Tamil Nadu,osm_cache:Chennai
12.9292541,80.117767,,hospital,Tamil Nadu,osm_cache:Chennai
12.9261301,80.1059731,,hospital,Tamil Nadu,osm_cache:Chennai
12.9253206,80.1270372,,hospital,Tamil Nadu,osm_cache:Chennai
12.9234022,80.1292693,,hospital,Tamil Nadu,osm_cache:Chennai
12.929717,80.1178291,,clinic,Tamil Nadu,osm_cache:Chennai
12.925426,80.10622,,hospital,Tamil Nadu,osm_cache:Chennai
12.9315748,80.14016,,clinic,Tamil Nadu,osm_cache:Chennai
12.9264826,80.1117834,,hospital,Tamil Nadu,osm_cache:Chennai
12.9243823,80.1061223,,hospital,Tamil Nadu,osm_cache:Chennai
12.9264209,80.1078215,,hospital,Tamil Nadu,osm_cache:Chennai
12.9299029,80.117029,,clinic,Tamil Nadu,osm_cache:Chennai
12.9269893,80.1137446,,clinic,Tamil Nadu,osm_cache:Chennai
12.9257314,80.1074048,,doctors,Tamil Nadu,osm_cache:Chennai
12.9297534,80.1390785,,clinic,Tamil Nadu,osm_cache:Chennai
12.9255619,80.1141393,,hospital,Tamil Nadu,osm_cache:Chennai
12.9347115,80.1400661,,clinic,Tamil Nadu,osm_cache:Chennai
12.927288,80.112985,,hospital,Tamil Nadu,osm_cache:Chennai
12.936992,80.142459,,clinic,Tamil Nadu,osm_cache:Chennai
12.9296894,80.1297593,,clinic,Tamil Nadu,osm_cache:Chennai
12.9302553,80.1393013,,clinic,Tamil Nadu,osm_cache:Chennai
12.934364,80.138685,,doctors,Tamil Nadu,osm_cache:Chennai
12.9254621,80.1047036,,clinic,Tamil Nadu,osm_cache:Chennai
12.9279511,80.1152234,,hospital,Tamil Nadu,osm_cache:Chennai
12.9249694,80.1121876,,hospital,Tamil Nadu,osm_cache:Chennai
12.9356447,80.142515,,clinic,Tamil Nadu,osm_cache:Chennai
12.9238573,80.128523,,clinic,Tamil Nadu,osm_cache:Chennai
12.9225987,80.1280627,,hospital,Tamil Nadu,osm_cache:Chennai
12.9302816,80.1175824,,hospital,Tamil Nadu,osm_cache:Chennai
12.9233238,80.1270401,,hospital,Tamil Nadu,osm_cache:Chennai
12.9286483,80.1316029,,clinic,Tamil Nadu,osm_cache:Chennai
12.9230894,80.130314,,clinic,Tamil Nadu,osm_cache:Chennai
12.9274021,80.1122022,,clinic,Tamil Nadu,osm_cache:Chennai
12.9336075,80.1323938,,clinic,Tamil Nadu,osm_cache:Chennai
12.9226905,80.1299031,,clinic,Tamil Nadu,osm_cache:Chennai
12.9370716,80.1394473,,hospital,Tamil Nadu,osm_cache:Chennai
12.9305925,80.118488,,clinic,Tamil Nadu,osm_cache:Chennai
12.9261078,80.1060872,,hospital,Tamil Nadu,osm_cache:Chennai
12.9309721,80.1071121,,hospital,Tamil Nadu,osm_cache:Chennai
12.926297,80.11211,,hospital,Tamil Nadu,osm_cache:Chennai
12.9428602,80.2370143,,clinic,Tamil Nadu,osm_cache:Chennai
12.9347551,80.2327258,,clinic,Tamil Nadu,osm_cache:Chennai
12.9458692,80.2361968,,clinic,Tamil Nadu,osm_cache:Chennai
12.933657,80.233537,,clinic,Tamil Nadu,osm_cache:Chennai
12.9338927,80.2355344,,clinic,Tamil Nadu,osm_cache:Chennai
12.9186472,80.1712083,,hospital,Tamil Nadu,osm_cache:Chennai
12.9319677,80.2326252,,hospital,Tamil Nadu,osm_cache:Chennai
12.9337566,80.2331464,,clinic,Tamil Nadu,osm_cache:Chennai
12.9233066,80.153003,,hospital,Tamil Nadu,osm_cache:Chennai
12.9255834,80.1495551,,clinic,Tamil Nadu,osm_cache:Chennai
12.924333,80.151639,,clinic,Tamil Nadu,osm_cache:Chennai
12.9424446,80.2397616,,clinic,Tamil Nadu,osm_cache:Chennai
12.9498749,80.2381651,,hospital,Tamil Nadu,osm_cache:Chennai
12.9334179,80.2344666,,clinic,Tamil Nadu,osm_cache:Chennai
12.9402236,80.2412342,,hospital,Tamil Nadu,osm_cache:Chennai
12.9184999,80.1892056,,hospital,Tamil Nadu,osm_cache:Chennai
12.9188404,80.1874984,,clinic,Tamil Nadu,osm_cache:Chennai
12.9330206,80.2345155,,clinic,Tamil Nadu,osm_cache:Chennai
12.9561969,80.1338146,,clinic,Tamil Nadu,osm_cache:Chennai
12.9383762,80.1725401,,hospital,Tamil Nadu,osm_cache:Chennai
12.9497553,80.1426332,,clinic,Tamil Nadu,osm_cache:Chennai
12.9473369,80.1467822,,clinic,Tamil Nadu,osm_cache:Chennai
12.9388007,80.1792831,,clinic,Tamil Nadu,osm_cache:Chennai
12.9502691,80.1513316,,hospital,Tamil Nadu,osm_cache:Chennai
12.955108,80.131944,,hospital,Tamil Nadu,osm_cache:Chennai
12.9208368,80.2015489,,clinic,Tamil Nadu,osm_cache:Chennai
12.9575583,80.1394665,,clinic,Tamil Nadu,osm_cache:Chennai
12.9549234,80.1340441,,hospital,Tamil Nadu,osm_cache:Chennai
12.9392317,80.1823305,,doctors,Tamil Nadu,osm_cache:Chennai
12.9586767,80.1439954,,clinic,Tamil Nadu,osm_cache:Chennai
12.9370245,80.1820574,,clinic,Tamil Nadu,osm_cache:Chennai
12.9548395,80.1334652,,doctors,Tamil Nadu,osm_cache:Chennai
12.9308777,80.2078664,,clinic,Tamil Nadu,osm_cache:Chennai
12.951173,80.146919,,clinic,Tamil Nadu,osm_cache:Chennai
12.928255,80.202681,,clinic,Tamil Nadu,osm_cache:Chennai
12.934049,80.203583,,clinic,Tamil Nadu,osm_cache:Chennai
12.9462077,80.1399766,,hospital,Tamil Nadu,osm_cache:Chennai
12.957374,80.1453708,,clinic,Tamil Nadu,osm_cache:Chennai
12.948073,80.135929,,doctors,Tamil Nadu,osm_cache:Chennai
12.928455,80.2026963,,clinic,Tamil Nadu,osm_cache:Chennai
12.935226,80.183132,,clinic,Tamil Nadu,osm_cache:Chennai
12.9287243,80.2008099,,clinic,Tamil Nadu,osm_cache:Chennai
12.9540623,80.1339845,,hospital,Tamil Nadu,osm_cache:Chennai
12.9296419,80.2029589,,hospital,Tamil Nadu,osm_cache:Chennai
12.926507,80.2017237,,clinic,Tamil Nadu,osm_cache:Chennai
12.9499064,80.1349811,,hospital,Tamil Nadu,osm_cache:Chennai
12.9583302,80.1360407,,clinic,Tamil Nadu,osm_cache:Chennai
12.952496,80.137893,,hospital,Tamil Nadu,osm_cache:Chennai
12.9344546,80.1819961,,hospital,Tamil Nadu,osm_cache:Chennai
12.9280018,80.2051951,,clinic,Tamil Nadu,osm_cache:Chennai
12.9448167,80.1303935,,hospital,Tamil Nadu,osm_cache:Chennai
12.9575434,80.143138,,hospital,Tamil Nadu,osm_cache:Chennai
12.9521949,80.1432074,,hospital,Tamil Nadu,osm_cache:Chennai
12.9485087,80.1469443,,clinic,Tamil Nadu,osm_cache:Chennai
12.9339688,80.2041509,,hospital,Tamil Nadu,osm_cache:Chennai
12.928347,80.202855,,clinic,Tamil Nadu,osm_cache:Chennai
12.9393514,80.1806898,,hospital,Tamil Nadu,osm_cache:Chennai
12.935996,80.204033,,clinic,Tamil Nadu,osm_cache:Chennai
12.9349376,80.1825784,,clinic,Tamil Nadu,osm_cache:Chennai
12.9505932,80.1446637,,clinic,Tamil Nadu,osm_cache:Chennai
12.9478556,80.1370503,,hospital,Tamil Nadu,osm_cache:Chennai
12.9547249,80.1447551,,clinic,Tamil Nadu,osm_cache:Chennai
12.9379829,80.1799993,,hospital,Tamil Nadu,osm_cache:Chennai
12.9438692,80.1550612,,clinic,Tamil Nadu,osm_cache:Chennai
12.928263,80.200805,,hospital,Tamil Nadu,osm_cache:Chennai
12.9267386,80.2017852,,doctors,Tamil Nadu,osm_cache:Chennai
12.9347158,80.1825728,,clinic,Tamil Nadu,osm_cache:Chennai
12.960669,80.139703,,hospital,Tamil Nadu,osm_cache:Chennai
12.9521469,80.1443271,,clinic,Tamil Nadu,osm_cache:Chennai
12.9522733,80.1432799,,clinic,Tamil Nadu,osm_cache:Chennai
12.9519542,80.1450975,,clinic,Tamil Nadu,osm_cache:Chennai
12.947995,80.136977,,clinic,Tamil Nadu,osm_cache:Chennai
12.951829,80.1380888,,clinic,Tamil Nadu,osm_cache:Chennai
12.9503116,80.1382643,,clinic,Tamil Nadu,osm_cache:Chennai
12.9491605,80.1348885,,doctors,Tamil Nadu,osm_cache:Chennai
12.9544931,80.1439701,,hospital,Tamil Nadu,osm_cache:Chennai
12.935221,80.181802,,hospital,Tamil Nadu,osm_cache:Chennai
12.9357745,80.1444777,,clinic,Tamil Nadu,osm_cache:Chennai
12.9456384,80.1474374,,clinic,Tamil Nadu,osm_cache:Chennai
12.9504412,80.1458087,,clinic,Tamil Nadu,osm_cache:Chennai
12.9537198,80.143246,,hospital,Tamil Nadu,osm_cache:Chennai
12.9384139,80.1753876,,clinic,Tamil Nadu,osm_cache:Chennai
12.9427919,80.1380957,,doctors,Tamil Nadu,osm_cache:Chennai
12.95183,80.1454692,,clinic,Tamil Nadu,osm_cache:Chennai
12.9520555,80.1372784,,hospital,Tamil Nadu,osm_cache:Chennai
12.945721,80.136424,,doctors,Tamil Nadu,osm_cache:Chennai
12.947177,80.1467621,,clinic,Tamil Nadu,osm_cache:Chennai
12.9467287,80.1342709,,doctors,Tamil Nadu,osm_cache:Chennai
12.9531004,80.1440661,,hospital,Tamil Nadu,osm_cache:Chennai
12.9452437,80.140022,,hospital,Tamil Nadu,osm_cache:Chennai
12.954659,80.134998,,hospital,Tamil Nadu,osm_cache:Chennai
12.944771,80.148227,,clinic,Tamil Nadu,osm_cache:Chennai
12.9520678,80.1447664,,clinic,Tamil Nadu,osm_cache:Chennai
12.9384098,80.2053961,,clinic,Tamil Nadu,osm_cache:Chennai
12.9545155,80.1346704,,doctors,Tamil Nadu,osm_cache:Chennai
12.9393529,80.1831056,,clinic,Tamil Nadu,osm_cache:Chennai
12.9513527,80.1381858,,clinic,Tamil Nadu,osm_cache:Chennai
12.9422406,80.1381022,,hospital,Tamil Nadu,osm_cache:Chennai
12.9425452,80.1405737,,hospital,Tamil Nadu,osm_cache:Chennai
12.9280452,80.199546,,hospital,Tamil Nadu,osm_cache:Chennai
12.9569609,80.1424509,,hospital,Tamil Nadu,osm_cache:Chennai
12.9453804,80.1360825,,clinic,Tamil Nadu,osm_cache:Chennai
12.933726,80.1811973,,hospital,Tamil Nadu,osm_cache:Chennai
12.9358348,80.1636984,,clinic,Tamil Nadu,osm_cache:Chennai
12.934834,80.213342,,clinic,Tamil Nadu,osm_cache:Chennai
12.9576893,80.1429026,,hospital,Tamil Nadu,osm_cache:Chennai
12.9555946,80.133598,,clinic,Tamil Nadu,osm_cache:Chennai
12.942584,80.140286,,clinic,Tamil Nadu,osm_cache:Chennai
12.9733615,80.1387424,,clinic,Tamil Nadu,osm_cache:Chennai
12.9686121,80.1454769,,clinic,Tamil Nadu,osm_cache:Chennai
12.9753651,80.2543198,,hospital,Tamil Nadu,osm_cache:Chennai
12.9712805,80.132333,,hospital,Tamil Nadu,osm_cache:Chennai
12.9719872,80.1407516,,hospital,Tamil Nadu,osm_cache:Chennai
12.9728845,80.2604704,,clinic,Tamil Nadu,osm_cache:Chennai
12.9668133,80.144778,,hospital,Tamil Nadu,osm_cache:Chennai
12.9757686,80.2590077,,hospital,Tamil Nadu,osm_cache:Chennai
12.9752589,80.2594925,,clinic,Tamil Nadu,osm_cache:Chennai
12.9753853,80.2555078,,clinic,Tamil Nadu,osm_cache:Chennai
13.0087475,80.1937172,,hospital,Tamil Nadu,osm_cache:Chennai
13.034339,80.1104925,,hospital,Tamil Nadu,osm_cache:Chennai
13.0036449,80.2030844,,hospital,Tamil Nadu,osm_cache:Chennai
13.0017797,80.2033269,,hospital,Tamil Nadu,osm_cache:Chennai
13.0164671,80.1772853,,hospital,Tamil Nadu,osm_cache:Chennai
12.9699839,80.1464124,,clinic,Tamil Nadu,osm_cache:Chennai
12.9731115,80.131336,,clinic,Tamil Nadu,osm_cache:Chennai
12.973474,80.1307991,,hospital,Tamil Nadu,osm_cache:Chennai
13.0154658,80.1838246,,clinic,Tamil Nadu,osm_cache:Chennai
12.9717549,80.1420392,,clinic,Tamil Nadu,osm_cache:Chennai
13.0358366,80.1346656,,clinic,Tamil Nadu,osm_cache:Chennai
12.9785202,80.1364766,,clinic,Tamil Nadu,osm_cache:Chennai
13.0371387,80.1121067,,clinic,Tamil Nadu,osm_cache:Chennai
12.9653707,80.2591196,,clinic,Tamil Nadu,osm_cache:Chennai
12.9724364,80.1403695,,doctors,Tamil Nadu,osm_cache:Chennai
13.0028361,80.1033642,,clinic,Tamil Nadu,osm_cache:Chennai
12.9738819,80.1315486,,hospital,Tamil Nadu,osm_cache:Chennai
12.9757761,80.1327778,,clinic,Tamil Nadu,osm_cache:Chennai
12.9751423,80.2582571,,hospital,Tamil Nadu,osm_cache:Chennai
12.9693629,80.2566138,,hospital,Tamil Nadu,osm_cache:Chennai
12.9730521,80.1373013,,clinic,Tamil Nadu,osm_cache:Chennai
12.9726702,80.2595079,,clinic,Tamil Nadu,osm_cache:Chennai
12.992368,80.1024046,,clinic,Tamil Nadu,osm_cache:Chennai
12.9718921,80.1445381,,hospital,Tamil Nadu,osm_cache:Chennai
13.036466,80.186442,,clinic,Tamil Nadu,osm_cache:Chennai
12.975069,80.133741,,clinic,Tamil Nadu,osm_cache:Chennai
12.9709386,80.1464761,,clinic,Tamil Nadu,osm_cache:Chennai
13.0027883,80.207025,,hospital,Tamil Nadu,osm_cache:Chennai
13.0441663,80.1364773,,hospital,Tamil Nadu,osm_cache:Chennai
12.9785736,80.1363228,,clinic,Tamil Nadu,osm_cache:Chennai
13.0372175,80.1136836,,hospital,Tamil Nadu,osm_cache:Chennai
13.003406,80.2063632,,hospital,Tamil Nadu,osm_cache:Chennai
12.9718026,80.1388375,,clinic,Tamil Nadu,osm_cache:Chennai
12.9700475,80.1499015,,hospital,Tamil Nadu,osm_cache:Chennai
12.9731545,80.1386876,,clinic,Tamil Nadu,osm_cache:Chennai
12.9710055,80.1338894,,clinic,Tamil Nadu,osm_cache:Chennai
12.97059,80.148318,,hospital,Tamil Nadu,osm_cache:Chennai
12.9829583,80.2539494,,clinic,Tamil Nadu,osm_cache:Chennai
12.9962691,80.2638132,,clinic,Tamil Nadu,osm_cache:Chennai
13.0221852,80.259708,,clinic,Tamil Nadu,osm_cache:Chennai
12.9956385,80.2660055,,clinic,Tamil Nadu,osm_cache:Chennai
13.0380247,80.2637952,,doctors,Tamil Nadu,osm_cache:Chennai
12.9915347,80.2615046,,hospital,Tamil Nadu,osm_cache:Chennai
12.978253,80.258947,,hospital,Tamil Nadu,osm_cache:Chennai
12.9960029,80.2630762,,clinic,Tamil Nadu,osm_cache:Chennai
12.9954269,80.2682429,,clinic,Tamil Nadu,osm_cache:Chennai
12.9866722,80.2622141,,clinic,Tamil Nadu,osm_cache:Chennai
13.0297211,80.2606156,,clinic,Tamil Nadu,osm_cache:Chennai
12.9978756,80.2578474,,doctors,Tamil Nadu,osm_cache:Chennai
13.0292453,80.2602795,,clinic,Tamil Nadu,osm_cache:Chennai
12.9863661,80.2601508,,clinic,Tamil Nadu,osm_cache:Chennai
12.9796957,80.2595179,,clinic,Tamil Nadu,osm_cache:Chennai
13.0544077,80.2779849,,clinic,Tamil Nadu,osm_cache:Chennai
13.041251,80.267354,,hospital,Tamil Nadu,osm_cache:Chennai
12.985598,80.2585613,,clinic,Tamil Nadu,osm_cache:Chennai
12.9963121,80.2637162,,clinic,Tamil Nadu,osm_cache:Chennai
13.0512111,80.273209,,hospital,Tamil Nadu,osm_cache:Chennai
13.0375294,80.2658475,,clinic,Tamil Nadu,osm_cache:Chennai
13.0397241,80.2685888,,clinic,Tamil Nadu,osm_cache:Chennai
12.9947909,80.2617929,,doctors,Tamil Nadu,osm_cache:Chennai
12.9962821,80.2641614,,clinic,Tamil Nadu,osm_cache:Chennai
12.9940564,80.2694554,,clinic,Tamil Nadu,osm_cache:Chennai
12.9949549,80.2629482,,clinic,Tamil Nadu,osm_cache:Chennai
12.9790513,80.2584981,,clinic,Tamil Nadu,osm_cache:Chennai
12.9964001,80.2626006,,clinic,Tamil Nadu,osm_cache:Chennai
13.0385371,80.2581929,,hospital,Tamil Nadu,osm_cache:Chennai
12.9969555,80.2582848,,clinic,Tamil Nadu,osm_cache:Chennai
12.9978588,80.2585578,,clinic,Tamil Nadu,osm_cache:Chennai
12.9832651,80.2559655,,clinic,Tamil Nadu,osm_cache:Chennai
13.0013115,80.2572335,,doctors,Tamil Nadu,osm_cache:Chennai
13.0532206,80.2726053,,clinic,Tamil Nadu,osm_cache:Chennai
12.9916719,80.2624479,,hospital,Tamil Nadu,osm_cache:Chennai
13.0318707,80.2595716,,clinic,Tamil Nadu,osm_cache:Chennai
12.9815891,80.2643211,,clinic,Tamil Nadu,osm_cache:Chennai
13.0490602,80.2747953,,hospital,Tamil Nadu,osm_cache:Chennai
13.034819,80.2580026,,clinic,Tamil Nadu,osm_cache:Chennai
13.0454703,80.2668731,,hospital,Tamil Nadu,osm_cache:Chennai
12.994316,80.2661832,,clinic,Tamil Nadu,osm_cache:Chennai
12.9767853,80.2587762,,clinic,Tamil Nadu,osm_cache:Chennai
13.0013494,80.258796,,hospital,Tamil Nadu,osm_cache:Chennai
12.982038,80.261741,,clinic,Tamil Nadu,osm_cache:Chennai
13.0373228,80.2612955,,clinic,Tamil Nadu,osm_cache:Chennai
12.9774564,80.2589969,,doctors,Tamil Nadu,osm_cache:Chennai
12.9964116,80.2642007,,clinic,Tamil Nadu,osm_cache:Chennai
12.9827116,80.2543207,,clinic,Tamil Nadu,osm_cache:Chennai
12.9812766,80.2638733,,clinic,Tamil Nadu,osm_cache:Chennai
12.993602,80.2619646,,clinic,Tamil Nadu,osm_cache:Chennai
13.0386219,80.261844,,doctors,Tamil Nadu,osm_cache:Chennai
12.9802929,80.2594242,,clinic,Tamil Nadu,osm_cache:Chennai
13.037733,80.261316,,doctors,Tamil Nadu,osm_cache:Chennai
12.996308,80.263583,,doctors,Tamil Nadu,osm_cache:Chennai
12.9854883,80.2590444,,clinic,Tamil Nadu,osm_cache:Chennai
13.039965,80.267691,,doctors,Tamil Nadu,osm_cache:Chennai
13.0436591,80.2639406,,hospital,Tamil Nadu,osm_cache:Chennai
13.0528771,80.2727865,,hospital,Tamil Nadu,osm_cache:Chennai
13.0428357,80.2620778,,clinic,Tamil Nadu,osm_cache:Chennai
13.0383898,80.2639336,,doctors,Tamil Nadu,osm_cache:Chennai
13.0546321,80.2774772,,hospital,Tamil Nadu,osm_cache:Chennai
13.0547617,80.2756509,,hospital,Tamil Nadu,osm_cache:Chennai
13.0374881,80.2678508,,clinic,Tamil Nadu,osm_cache:Chennai
12.9787624,80.2580809,,clinic,Tamil Nadu,osm_cache:Chennai
12.9890173,80.2599586,,hospital,Tamil Nadu,osm_cache:Chennai
13.042006,80.2665,,clinic,Tamil Nadu,osm_cache:Chennai
13.0554568,80.2771022,,clinic,Tamil Nadu,osm_cache:Chennai
12.9956803,80.2692643,,clinic,Tamil Nadu,osm_cache:Chennai
13.056806,80.199977,,clinic,Tamil Nadu,osm_cache:Chennai
13.0398827,80.1936068,,clinic,Tamil Nadu,osm_cache:Chennai
13.052893,80.20767,,clinic,Tamil Nadu,osm_cache:Chennai
13.0549375,80.2068588,,hospital,Tamil Nadu,osm_cache:Chennai
13.038873,80.192755,,hospital,Tamil Nadu,osm_cache:Chennai
13.055132,80.198496,,doctors,Tamil Nadu,osm_cache:Chennai
13.0624604,80.24239,,clinic,Tamil Nadu,osm_cache:Chennai
13.051432,80.199068,,clinic,Tamil Nadu,osm_cache:Chennai
13.0549333,80.1927695,,doctors,Tamil Nadu,osm_cache:Chennai
13.0522176,80.2056967,,clinic,Tamil Nadu,osm_cache:Chennai
13.0488672,80.1938731,,clinic,Tamil Nadu,osm_cache:Chennai
13.0463215,80.1862225,,clinic,Tamil Nadu,osm_cache:Chennai
13.0385615,80.1959333,,clinic,Tamil Nadu,osm_cache:Chennai
13.0509757,80.2034981,,clinic,Tamil Nadu,osm_cache:Chennai
13.0553167,80.2012868,,hospital,Tamil Nadu,osm_cache:Chennai
13.0580674,80.1990412,,clinic,Tamil Nadu,osm_cache:Chennai
13.0489648,80.193165,,clinic,Tamil Nadu,osm_cache:Chennai
13.0393234,80.1931668,,clinic,Tamil Nadu,osm_cache:Chennai
13.051996,80.204702,,hospital,Tamil Nadu,osm_cache:Chennai
13.0554821,80.1995444,,clinic,Tamil Nadu,osm_cache:Chennai
13.051051,80.243818,,hospital,Tamil Nadu,osm_cache:Chennai
13.0484913,80.1895556,,clinic,Tamil Nadu,osm_cache:Chennai
13.0520108,80.2076585,,hospital,Tamil Nadu,osm_cache:Chennai
13.0510747,80.2007559,,clinic,Tamil Nadu,osm_cache:Chennai
13.0567527,80.2462554,,clinic,Tamil Nadu,osm_cache:Chennai
13.0554543,80.2477343,,hospital,Tamil Nadu,osm_cache:Chennai
13.0524295,80.2073763,,clinic,Tamil Nadu,osm_cache:Chennai
13.0616711,80.2434943,,hospital,Tamil Nadu,osm_cache:Chennai
13.0619929,80.2412336,,clinic,Tamil Nadu,osm_cache:Chennai
13.0616367,80.243704,,hospital,Tamil Nadu,osm_cache:Chennai
13.0516365,80.1939117,,hospital,Tamil Nadu,osm_cache:Chennai
13.0381951,80.1924907,,clinic,Tamil Nadu,osm_cache:Chennai
13.0542711,80.2078101,,clinic,Tamil Nadu,osm_cache:Chennai
13.0594426,80.2459459,,hospital,Tamil Nadu,osm_cache:Chennai
13.0486566,80.1920141,,clinic,Tamil Nadu,osm_cache:Chennai
13.0539266,80.1991968,,hospital,Tamil Nadu,osm_cache:Chennai
13.0518895,80.1919214,,clinic,Tamil Nadu,osm_cache:Chennai
13.0422476,80.1943253,,clinic,Tamil Nadu,osm_cache:Chennai
13.0592237,80.243411,,clinic,Tamil Nadu,osm_cache:Chennai
13.0417465,80.1954994,,clinic,Tamil Nadu,osm_cache:Chennai
13.0535204,80.2036821,,clinic,Tamil Nadu,osm_cache:Chennai
13.0529876,80.2038876,,clinic,Tamil Nadu,osm_cache:Chennai
13.0585803,80.2012135,,clinic,Tamil Nadu,osm_cache:Chennai
13.0542347,80.1985381,,clinic,Tamil Nadu,osm_cache:Chennai
13.056549,80.196998,,doctors,Tamil Nadu,osm_cache:Chennai
13.0526943,80.1899425,,hospital,Tamil Nadu,osm_cache:Chennai
13.0554179,80.1972002,,clinic,Tamil Nadu,osm_cache:Chennai
13.0496363,80.1895753,,clinic,Tamil Nadu,osm_cache:Chennai
13.0593952,80.2437091,,doctors,Tamil Nadu,osm_cache:Chennai
13.0527721,80.191781,,hospital,Tamil Nadu,osm_cache:Chennai
13.0519687,80.2062705,,clinic,Tamil Nadu,osm_cache:Chennai
13.0519538,80.1922401,,clinic,Tamil Nadu,osm_cache:Chennai
13.0514652,80.2031882,,hospital,Tamil Nadu,osm_cache:Chennai
13.0538214,80.1989274,,hospital,Tamil Nadu,osm_cache:Chennai
13.053108,80.199343,,clinic,Tamil Nadu,osm_cache:Chennai
13.0579005,80.2455045,,clinic,Tamil Nadu,osm_cache:Chennai
13.0511518,80.1922599,,clinic,Tamil Nadu,osm_cache:Chennai
13.0479235,80.1895242,,doctors,Tamil Nadu,osm_cache:Chennai
13.046215,80.1868077,,clinic,Tamil Nadu,osm_cache:Chennai
13.0802093,80.2522439,,hospital,Tamil Nadu,osm_cache:Chennai
13.0809396,80.2671246,,doctors,Tamil Nadu,osm_cache:Chennai
13.0860428,80.2656345,,clinic,Tamil Nadu,osm_cache:Chennai
13.0886474,80.2416011,,hospital,Tamil Nadu,osm_cache:Chennai
13.0797155,80.2576802,,doctors,Tamil Nadu,osm_cache:Chennai
13.0828855,80.2709938,,hospital,Tamil Nadu,osm_cache:Chennai
13.0881756,80.2418747,,clinic,Tamil Nadu,osm_cache:Chennai
13.0888843,80.2418555,,hospital,Tamil Nadu,osm_cache:Chennai
13.0885541,80.2421118,,clinic,Tamil Nadu,osm_cache:Chennai
13.0762266,80.2692658,,doctors,Tamil Nadu,osm_cache:Chennai
13.0704319,80.2421491,,hospital,Tamil Nadu,osm_cache:Chennai
13.07127,80.262082,,clinic,Tamil Nadu,osm_cache:Chennai
13.0864725,80.2656477,,clinic,Tamil Nadu,osm_cache:Chennai
13.0719723,80.2409391,,clinic,Tamil Nadu,osm_cache:Chennai
13.0746638,80.2537976,,hospital,Tamil Nadu,osm_cache:Chennai
13.0715459,80.2622655,,hospital,Tamil Nadu,osm_cache:Chennai
13.0771575,80.2450769,,hospital,Tamil Nadu,osm_cache:Chennai
13.079584,80.257578,,clinic,Tamil Nadu,osm_cache:Chennai
13.0786423,80.2540859,,hospital,Tamil Nadu,osm_cache:Chennai
13.0807479,80.2340062,,hospital,Tamil Nadu,osm_cache:Chennai
13.076912,80.233925,,clinic,Tamil Nadu,osm_cache:Chennai
13.0812406,80.2506114,,hospital,Tamil Nadu,osm_cache:Chennai
13.0752787,80.2705092,,clinic,Tamil Nadu,osm_cache:Chennai
13.074758,80.2555444,,clinic,Tamil Nadu,osm_cache:Chennai
13.0849581,80.2669979,,hospital,Tamil Nadu,osm_cache:Chennai
13.0747088,80.2688425,,clinic,Tamil Nadu,osm_cache:Chennai
13.0755581,80.27068,,clinic,Tamil Nadu,osm_cache:Chennai
13.082126,80.263297,,clinic,Tamil Nadu,osm_cache:Chennai
13.0793874,80.2473996,,hospital,Tamil Nadu,osm_cache:Chennai
13.0826737,80.2705905,,hospital,Tamil Nadu,osm_cache:Chennai
13.090224,80.267898,,clinic,Tamil Nadu,osm_cache:Chennai
13.0737332,80.2268354,,hospital,Tamil Nadu,osm_cache:Chennai
13.0713435,80.2625981,,hospital,Tamil Nadu,osm_cache:Chennai
13.0904206,80.2677974,,doctors,Tamil Nadu,osm_cache:Chennai
13.0833684,80.234299,,hospital,Tamil Nadu,osm_cache:Chennai
13.0811868,80.2520834,,hospital,Tamil Nadu,osm_cache:Chennai
13.071832,80.260048,,hospital,Tamil Nadu,osm_cache:Chennai
13.0850158,80.2699983,,hospital,Tamil Nadu,osm_cache:Chennai
13.0750341,80.2684334,,clinic,Tamil Nadu,osm_cache:Chennai
13.079104,80.249079,,doctors,Tamil Nadu,osm_cache:Chennai
13.0761303,80.2694819,,hospital,Tamil Nadu,osm_cache:Chennai
13.079529,80.257646,,clinic,Tamil Nadu,osm_cache:Chennai
13.0825738,80.2710331,,hospital,Tamil Nadu,osm_cache:Chennai
13.0763548,80.267103,,clinic,Tamil Nadu,osm_cache:Chennai
13.0813334,80.2553965,,hospital,Tamil Nadu,osm_cache:Chennai
13.0821498,80.2331613,,clinic,Tamil Nadu,osm_cache:Chennai
13.070275,80.2407506,,clinic,Tamil Nadu,osm_cache:Chennai
13.0734625,80.2679228,,clinic,Tamil Nadu,osm_cache:Chennai
13.0844036,80.2454945,,hospital,Tamil Nadu,osm_cache:Chennai
13.0793157,80.2290477,,hospital,Tamil Nadu,osm_cache:Chennai
13.0814203,80.2333756,,hospital,Tamil Nadu,osm_cache:Chennai
13.0846937,80.2461467,,clinic,Tamil Nadu,osm_cache:Chennai
13.0811497,80.2620778,,hospital,Tamil Nadu,osm_cache:Chennai
13.074301,80.267569,,hospital,Tamil Nadu,osm_cache:Chennai
13.0756085,80.2693127,,clinic,Tamil Nadu,osm_cache:Chennai
13.1216771,80.2236766,,hospital,Tamil Nadu,osm_cache:Chennai
13.1244332,80.2212904,,clinic,Tamil Nadu,osm_cache:Chennai
13.1160443,80.2454243,,hospital,Tamil Nadu,osm_cache:Chennai
13.113594,80.2394367,,hospital,Tamil Nadu,osm_cache:Chennai
13.1161848,80.2254809,,clinic,Tamil Nadu,osm_cache:Chennai
13.1102844,80.230222,,clinic,Tamil Nadu,osm_cache:Chennai
13.1155627,80.2457851,,hospital,Tamil Nadu,osm_cache:Chennai
13.1297562,80.2172747,,hospital,Tamil Nadu,osm_cache:Chennai
13.1178155,80.2278922,,clinic,Tamil Nadu,osm_cache:Chennai
13.1262133,80.2197712,,clinic,Tamil Nadu,osm_cache:Chennai
13.1204837,80.2243993,,hospital,Tamil Nadu,osm_cache:Chennai
13.116713,80.2239462,,clinic,Tamil Nadu,osm_cache:Chennai
13.1102652,80.2418486,,hospital,Tamil Nadu,osm_cache:Chennai
13.1293965,80.2161334,,clinic,Tamil Nadu,osm_cache:Chennai
13.1224029,80.2123936,,clinic,Tamil Nadu,osm_cache:Chennai
13.1207062,80.2251062,,clinic,Tamil Nadu,osm_cache:Chennai
13.1175414,80.2286067,,clinic,Tamil Nadu,osm_cache:Chennai
13.1300779,80.216941,,hospital,Tamil Nadu,osm_cache:Chennai
13.1222839,80.2160951,,hospital,Tamil Nadu,osm_cache:Chennai
13.1185,80.2258076,,hospital,Tamil Nadu,osm_cache:Chennai
13.1272226,80.2174972,,clinic,Tamil Nadu,osm_cache:Chennai
13.116675,80.224138,,clinic,Tamil Nadu,osm_cache:Chennai
13.129071,80.2159086,,hospital,Tamil Nadu,osm_cache:Chennai
13.1245223,80.2211847,,doctors,Tamil Nadu,osm_cache:Chennai
13.121994,80.2236309,,hospital,Tamil Nadu,osm_cache:Chennai
13.1134209,80.2288966,,doctors,Tamil Nadu,osm_cache:Chennai
13.129869,80.214109,,hospital,Tamil Nadu,osm_cache:Chennai
13.1171076,80.2269961,,clinic,Tamil Nadu,osm_cache:Chennai
13.1260152,80.2191464,,clinic,Tamil Nadu,osm_cache:Chennai
13.12251,80.2221769,,clinic,Tamil Nadu,osm_cache:Chennai
13.1093369,80.2312849,,hospital,Tamil Nadu,osm_cache:Chennai
13.129327,80.2152624,,hospital,Tamil Nadu,osm_cache:Chennai
13.1131038,80.2404022,,hospital,Tamil Nadu,osm_cache:Chennai
13.116533,80.2250502,,clinic,Tamil Nadu,osm_cache:Chennai
13.1101477,80.2244516,,hospital,Tamil Nadu,osm_cache:Chennai
13.1148422,80.2441515,,hospital,Tamil Nadu,osm_cache:Chennai
13.1277489,80.2168565,,clinic,Tamil Nadu,osm_cache:Chennai
13.1263043,80.2192658,,hospital,Tamil Nadu,osm_cache:Chennai
13.1106227,80.2374461,,hospital,Tamil Nadu,osm_cache:Chennai
13.1220895,80.2210295,,clinic,Tamil Nadu,osm_cache:Chennai
13.119731,80.218505,,clinic,Tamil Nadu,osm_cache:Chennai
13.1247933,80.1435476,,hospital,Tamil Nadu,osm_cache:Chennai
13.1183857,80.2606286,,hospital,Tamil Nadu,osm_cache:Chennai
13.0371216,80.2013389,,hospital,Tamil Nadu,osm_cache:Chennai
13.0117736,80.1941708,,hospital,Tamil Nadu,osm_cache:Chennai
13.0487242,80.2036274,,hospital,Tamil Nadu,osm_cache:Chennai
13.026029,80.212368,,hospital,Tamil Nadu,osm_cache:Chennai
13.0318828,80.2103124,,hospital,Tamil Nadu,osm_cache:Chennai
13.0388056,80.2010012,,clinic,Tamil Nadu,osm_cache:Chennai
12.9528734,80.1862504,,clinic,Tamil Nadu,osm_cache:Chennai
12.9586006,80.1868115,,clinic,Tamil Nadu,osm_cache:Chennai
12.9784544,80.2214698,,hospital,Tamil Nadu,osm_cache:Chennai
13.0439323,80.2407095,,hospital,Tamil Nadu,osm_cache:Chennai
13.0946251,80.1855413,,clinic,Tamil Nadu,osm_cache:Chennai
13.095401,80.1814241,,clinic,Tamil Nadu,osm_cache:Chennai
12.9208601,80.1231673,,clinic,Tamil Nadu,osm_cache:Chennai
12.9214652,80.1651302,,hospital,Tamil Nadu,osm_cache:Chennai
12.9780615,80.1811597,,clinic,Tamil Nadu,osm_cache:Chennai
13.1076382,80.1868929,,clinic,Tamil Nadu,osm_cache:Chennai
13.1266701,80.2014392,,hospital,Tamil Nadu,osm_cache:Chennai
13.1245764,80.201478,,clinic,Tamil Nadu,osm_cache:Chennai
13.094975,80.2865618,,doctors,Tamil Nadu,osm_cache:Chennai
13.0959434,80.2878228,,doctors,Tamil Nadu,osm_cache:Chennai
13.0969386,80.2875876,,clinic,Tamil Nadu,osm_cache:Chennai
13.1180276,80.2126037,,hospital,Tamil Nadu,osm_cache:Chennai
13.0972767,80.1982422,,hospital,Tamil Nadu,osm_cache:Chennai
13.040756,80.2146876,,hospital,Tamil Nadu,osm_cache:Chennai
12.9917215,80.2000971,,doctors,Tamil Nadu,osm_cache:Chennai
13.0987204,80.2796089,,doctors,Tamil Nadu,osm_cache:Chennai
13.0992167,80.2800372,,doctors,Tamil Nadu,osm_cache:Chennai
13.0967999,80.2800251,,doctors,Tamil Nadu,osm_cache:Chennai
13.0974459,80.2799297,,clinic,Tamil Nadu,osm_cache:Chennai
13.0965132,80.279272,,clinic,Tamil Nadu,osm_cache:Chennai
13.0958069,80.2798213,,clinic,Tamil Nadu,osm_cache:Chennai
13.1225226,80.209299,,clinic,Tamil Nadu,osm_cache:Chennai
13.0974018,80.2806005,,clinic,Tamil Nadu,osm_cache:Chennai
12.9580448,80.1280036,,hospital,Tamil Nadu,osm_cache:Chennai
13.0856699,80.1797716,,hospital,Tamil Nadu,osm_cache:Chennai
13.0826233,80.2752345,,clinic,Tamil Nadu,osm_cache:Chennai
13.0061507,80.2576709,,clinic,Tamil Nadu,osm_cache:Chennai
13.0868727,80.1697458,,hospital,Tamil Nadu,osm_cache:Chennai
12.9191067,80.1956242,,clinic,Tamil Nadu,osm_cache:Chennai
12.9191663,80.1958552,,clinic,Tamil Nadu,osm_cache:Chennai
12.9569147,80.2513405,,hospital,Tamil Nadu,osm_cache:Chennai
12.9622155,80.159938,,hospital,Tamil Nadu,osm_cache:Chennai
13.0235693,80.2626733,,doctors,Tamil Nadu,osm_cache:Chennai
13.0579691,80.2457435,,hospital,Tamil Nadu,osm_cache:Chennai
13.081276,80.2631177,,hospital,Tamil Nadu,osm_cache:Chennai
13.0920988,80.2588062,,hospital,Tamil Nadu,osm_cache:Chennai
12.9831959,80.2013573,,hospital,Tamil Nadu,osm_cache:Chennai
13.0728153,80.2524798,,clinic,Tamil Nadu,osm_cache:Chennai
13.058393,80.2417214,,doctors,Tamil Nadu,osm_cache:Chennai
12.9809491,80.1871116,,hospital,Tamil Nadu,osm_cache:Chennai
13.1363242,80.2157688,,hospital,Tamil Nadu,osm_cache:Chennai
13.1396018,80.2377389,,hospital,Tamil Nadu,osm_cache:Chennai
13.1002212,80.2400853,,hospital,Tamil Nadu,osm_cache:Chennai
13.0531057,80.2435995,,clinic,Tamil Nadu,osm_cache:Chennai
13.0064894,80.2504829,,hospital,Tamil Nadu,osm_cache:Chennai
13.0149516,80.2307333,,clinic,Tamil Nadu,osm_cache:Chennai
12.9810842,80.2343492,,hospital,Tamil Nadu,osm_cache:Chennai
12.9981354,80.2557443,,doctors,Tamil Nadu,osm_cache:Chennai
13.1295572,80.2145746,,clinic,Tamil Nadu,osm_cache:Chennai
13.0275517,80.1832531,,hospital,Tamil Nadu,osm_cache:Chennai
13.0967132,80.2592225,,clinic,Tamil Nadu,osm_cache:Chennai
13.0352702,80.2300998,,doctors,Tamil Nadu,osm_cache:Chennai
12.9196657,80.1443175,,hospital,Tamil Nadu,osm_cache:Chennai
12.9316216,80.2033854,,hospital,Tamil Nadu,osm_cache:Chennai
13.0414947,80.1951197,,clinic,Tamil Nadu,osm_cache:Chennai
12.9878169,80.2173524,,clinic,Tamil Nadu,osm_cache:Chennai
12.9899507,80.2115352,,clinic,Tamil Nadu,osm_cache:Chennai
12.9381338,80.1332659,,clinic,Tamil Nadu,osm_cache:Chennai
13.1241668,80.2873329,,hospital,Tamil Nadu,osm_cache:Chennai
13.0986843,80.2336168,,hospital,Tamil Nadu,osm_cache:Chennai
13.0347504,80.2547353,,hospital,Tamil Nadu,osm_cache:Chennai
13.0409172,80.2489614,,doctors,Tamil Nadu,osm_cache:Chennai
13.0391737,80.2541971,,clinic,Tamil Nadu,osm_cache:Chennai
13.0410618,80.1995823,,doctors,Tamil Nadu,osm_cache:Chennai
12.9957516,80.2643301,,clinic,Tamil Nadu,osm_cache:Chennai
13.0808972,80.2773284,,hospital,Tamil Nadu,osm_cache:Chennai
13.1063871,80.2841452,,hospital,Tamil Nadu,osm_cache:Chennai
13.005416,80.2396935,,hospital,Tamil Nadu,osm_cache:Chennai
13.0410329,80.1425261,,hospital,Tamil Nadu,osm_cache:Chennai
12.9923667,80.2550102,,hospital,Tamil Nadu,osm_cache:Chennai
12.9930805,80.2572794,,hospital,Tamil Nadu,osm_cache:Chennai
13.0702235,80.2599829,,hospital,Tamil Nadu,osm_cache:Chennai
13.0950575,80.2397713,,hospital,Tamil Nadu,osm_cache:Chennai
12.9418907,80.1293774,,hospital,Tamil Nadu,osm_cache:Chennai
13.0143958,80.2172865,,hospital,Tamil Nadu,osm_cache:Chennai
13.0095756,80.1950144,,hospital,Tamil Nadu,osm_cache:Chennai
13.1287163,80.2925206,,hospital,Tamil Nadu,osm_cache:Chennai
13.0384509,80.2622475,,hospital,Tamil Nadu,osm_cache:Chennai
12.946075,80.1367453,,hospital,Tamil Nadu,osm_cache:Chennai
12.9463677,80.1369815,,hospital,Tamil Nadu,osm_cache:Chennai
13.1042167,80.283195,,hospital,Tamil Nadu,osm_cache:Chennai
13.0978041,80.2457004,,hospital,Tamil Nadu,osm_cache:Chennai
13.0998913,80.2138748,,hospital,Tamil Nadu,osm_cache:Chennai
13.0954447,80.2197148,,hospital,Tamil Nadu,osm_cache:Chennai
13.0933659,80.2403777,,hospital,Tamil Nadu,osm_cache:Chennai
13.0772596,80.2187728,,hospital,Tamil Nadu,osm_cache:Chennai
13.034006,80.2078405,,hospital,Tamil Nadu,osm_cache:Chennai
12.9705162,80.2601162,,hospital,Tamil Nadu,osm_cache:Chennai
12.9630574,80.2457399,,hospital,Tamil Nadu,osm_cache:Chennai
13.0695736,80.2363218,,hospital,Tamil Nadu,osm_cache:Chennai
13.1253777,80.1438996,,hospital,Tamil Nadu,osm_cache:Chennai
13.0391602,80.2571596,,hospital,Tamil Nadu,osm_cache:Chennai
13.0460706,80.2557204,,hospital,Tamil Nadu,osm_cache:Chennai
13.044707,80.256162,,hospital,Tamil Nadu,osm_cache:Chennai
13.0098114,80.2515183,,hospital,Tamil Nadu,osm_cache:Chennai
13.1090673,80.288719,,hospital,Tamil Nadu,osm_cache:Chennai
12.9549137,80.1381689,,hospital,Tamil Nadu,osm_cache:Chennai
13.0136347,80.2393232,,hospital,Tamil Nadu,osm_cache:Chennai
13.0360972,80.2572646,,hospital,Tamil Nadu,osm_cache:Chennai
13.0385579,80.2578675,,hospital,Tamil Nadu,osm_cache:Chennai
13.0667961,80.2493986,,hospital,Tamil Nadu,osm_cache:Chennai
13.0631198,80.2515186,,hospital,Tamil Nadu,osm_cache:Chennai
13.0433307,80.2724017,,hospital,Tamil Nadu,osm_cache:Chennai
13.0423476,80.2709401,,hospital,Tamil Nadu,osm_cache:Chennai
13.0594053,80.2784271,,hospital,Tamil Nadu,osm_cache:Chennai
13.0527537,80.280639,,hospital,Tamil Nadu,osm_cache:Chennai
13.0090564,80.2484946,,hospital,Tamil Nadu,osm_cache:Chennai
13.0204577,80.2240451,,hospital,Tamil Nadu,osm_cache:Chennai
13.0176759,80.2598878,,hospital,Tamil Nadu,osm_cache:Chennai
13.0971804,80.2754276,,hospital,Tamil Nadu,osm_cache:Chennai
13.1179059,80.2910031,,hospital,Tamil Nadu,osm_cache:Chennai
13.1260276,80.2866925,,hospital,Tamil Nadu,osm_cache:Chennai
13.1269596,80.2912215,,hospital,Tamil Nadu,osm_cache:Chennai
13.0693752,80.2741496,,hospital,Tamil Nadu,osm_cache:Chennai
13.0273509,80.2567528,,hospital,Tamil Nadu,osm_cache:Chennai
13.0101605,80.2585641,,hospital,Tamil Nadu,osm_cache:Chennai
12.9773885,80.1883328,,hospital,Tamil Nadu,osm_cache:Chennai
13.0920868,80.218563,,hospital,Tamil Nadu,osm_cache:Chennai
13.0847775,80.282677,,hospital,Tamil Nadu,osm_cache:Chennai
13.0744047,80.2592982,,hospital,Tamil Nadu,osm_cache:Chennai
13.0573425,80.2458975,,hospital,Tamil Nadu,osm_cache:Chennai
13.0922878,80.2593357,,hospital,Tamil Nadu,osm_cache:Chennai
13.0208732,80.2241344,,hospital,Tamil Nadu,osm_cache:Chennai
13.0336469,80.2451684,,hospital,Tamil Nadu,osm_cache:Chennai
13.0336169,80.2456392,,hospital,Tamil Nadu,osm_cache:Chennai
13.0339285,80.245666,,hospital,Tamil Nadu,osm_cache:Chennai
12.9941997,80.2516271,,hospital,Tamil Nadu,osm_cache:Chennai
13.0359986,80.2218494,,hospital,Tamil Nadu,osm_cache:Chennai
13.0363842,80.2219385,,hospital,Tamil Nadu,osm_cache:Chennai
13.0234391,80.2229133,,hospital,Tamil Nadu,osm_cache:Chennai
13.0223109,80.2222779,,hospital,Tamil Nadu,osm_cache:Chennai
13.0217319,80.2257691,,hospital,Tamil Nadu,osm_cache:Chennai
13.0418111,80.2246322,,hospital,Tamil Nadu,osm_cache:Chennai
13.0772245,80.2387532,,hospital,Tamil Nadu,osm_cache:Chennai
13.0875243,80.1857322,,hospital,Tamil Nadu,osm_cache:Chennai
13.1232317,80.1460602,,hospital,Tamil Nadu,osm_cache:Chennai
13.0611783,80.2466206,,hospital,Tamil Nadu,osm_cache:Chennai
13.1227176,80.1468899,,hospital,Tamil Nadu,osm_cache:Chennai
13.0474765,80.2041464,,hospital,Tamil Nadu,osm_cache:Chennai
13.1217932,80.1482455,,clinic,Tamil Nadu,osm_cache:Chennai
13.0074019,80.2060853,,hospital,Tamil Nadu,osm_cache:Chennai
12.9831529,80.189162,,hospital,Tamil Nadu,osm_cache:Chennai
12.9617858,80.1467001,,hospital,Tamil Nadu,osm_cache:Chennai
13.0381039,80.1890642,,hospital,Tamil Nadu,osm_cache:Chennai
13.1179841,80.1544193,,clinic,Tamil Nadu,osm_cache:Chennai
12.9723128,80.1284964,,clinic,Tamil Nadu,osm_cache:Chennai
12.9856604,80.228913,,hospital,Tamil Nadu,osm_cache:Chennai
13.0690367,80.2257614,,hospital,Tamil Nadu,osm_cache:Chennai
13.0505664,80.2299034,,hospital,Tamil Nadu,osm_cache:Chennai
13.0519005,80.2292607,,hospital,Tamil Nadu,osm_cache:Chennai
13.0505634,80.2297492,,hospital,Tamil Nadu,osm_cache:Chennai
12.9378782,80.1347631,,doctors,Tamil Nadu,osm_cache:Chennai
13.0308661,80.1717417,,hospital,Tamil Nadu,osm_cache:Chennai
13.0653715,80.2119909,,hospital,Tamil Nadu,osm_cache:Chennai
12.9856288,80.2183869,,hospital,Tamil Nadu,osm_cache:Chennai
13.0794481,80.1983283,,hospital,Tamil Nadu,osm_cache:Chennai
12.924879,80.1126812,,hospital,Tamil Nadu,osm_cache:Chennai
13.1229398,80.2875069,,hospital,Tamil Nadu,osm_cache:Chennai
13.0963673,80.2914373,,hospital,Tamil Nadu,osm_cache:Chennai
12.929765,80.1161656,,hospital,Tamil Nadu,osm_cache:Chennai
12.976434,80.2221909,,hospital,Tamil Nadu,osm_cache:Chennai
12.9492371,80.2091585,,hospital,Tamil Nadu,osm_cache:Chennai
12.9977694,80.2574762,,hospital,Tamil Nadu,osm_cache:Chennai
12.9608465,80.2564406,,clinic,Tamil Nadu,osm_cache:Chennai
13.0380763,80.1889033,,hospital,Tamil Nadu,osm_cache:Chennai
12.9846941,80.2573424,,hospital,Tamil Nadu,osm_cache:Chennai
13.1235594,80.2662176,,hospital,Tamil Nadu,osm_cache:Chennai
13.1576042,80.3012556,,hospital,Tamil Nadu,osm_cache:Chennai
13.1485646,80.2994665,,hospital,Tamil Nadu,osm_cache:Chennai
12.9694332,80.1851055,,hospital,Tamil Nadu,osm_cache:Chennai
13.0914517,80.2889213,,clinic,Tamil Nadu,osm_cache:Chennai
13.094813,80.2914574,,hospital,Tamil Nadu,osm_cache:Chennai
13.0991366,80.2868807,,hospital,Tamil Nadu,osm_cache:Chennai
13.0552463,80.2819326,,doctors,Tamil Nadu,osm_cache:Chennai
13.1400478,80.2176872,,hospital,Tamil Nadu,osm_cache:Chennai
13.0983937,80.2798773,,hospital,Tamil Nadu,osm_cache:Chennai
13.1030164,80.2843951,,clinic,Tamil Nadu,osm_cache:Chennai
13.0910905,80.2813876,,hospital,Tamil Nadu,osm_cache:Chennai
13.1297067,80.1309846,,hospital,Tamil Nadu,osm_cache:Chennai
13.100229,80.2837595,,hospital,Tamil Nadu,osm_cache:Chennai
13.0544844,80.2453874,,hospital,Tamil Nadu,osm_cache:Chennai
13.0617739,80.1356616,,hospital,Tamil Nadu,osm_cache:Chennai
13.0765495,80.2245565,,hospital,Tamil Nadu,osm_cache:Chennai
12.9520249,80.2412332,,hospital,Tamil Nadu,osm_cache:Chennai
13.0018214,80.2466372,,doctors,Tamil Nadu,osm_cache:Chennai
13.0766394,80.2430155,,hospital,Tamil Nadu,osm_cache:Chennai
13.0769748,80.2174878,,hospital,Tamil Nadu,osm_cache:Chennai
13.1218701,80.1472701,,hospital,Tamil Nadu,osm_cache:Chennai
13.1210134,80.14985,,hospital,Tamil Nadu,osm_cache:Chennai
13.1209479,80.1495211,,hospital,Tamil Nadu,osm_cache:Chennai
13.1238452,80.1497316,,clinic,Tamil Nadu,osm_cache:Chennai
13.1216415,80.1512869,,hospital,Tamil Nadu,osm_cache:Chennai
12.9235722,80.1259827,,clinic,Tamil Nadu,osm_cache:Chennai
12.9414692,80.1303299,,hospital,Tamil Nadu,osm_cache:Chennai
12.9480968,80.1895707,,hospital,Tamil Nadu,osm_cache:Chennai
13.1126422,80.1534067,,clinic,Tamil Nadu,osm_cache:Chennai
30.3179409,78.0500178,,hospital,Uttarakhand,osm_cache:Dehradun
30.319395,78.0503182,,hospital,Uttarakhand,osm_cache:Dehradun
30.3121892,78.0474883,,hospital,Uttarakhand,osm_cache:Dehradun
30.3328985,78.0086156,,hospital,Uttarakhand,osm_cache:Dehradun
30.3329685,78.0101122,,hospital,Uttarakhand,osm_cache:Dehradun
30.3380984,78.013544,,hospital,Uttarakhand,osm_cache:Dehradun
30.3430865,77.9596015,,hospital,Uttarakhand,osm_cache:Dehradun
30.4169652,77.9676696,,hospital,Uttarakhand,osm_cache:Dehradun
30.3196005,78.0422984,,hospital,Uttarakhand,osm_cache:Dehradun
30.3184253,78.0424823,,hospital,Uttarakhand,osm_cache:Dehradun
30.3207776,78.0576667,,hospital,Uttarakhand,osm_cache:Dehradun
30.2837296,77.997745,,clinic,Uttarakhand,osm_cache:Dehradun
30.304785,78.0209032,,hospital,Uttarakhand,osm_cache:Dehradun
30.3189236,78.0506355,,clinic,Uttarakhand,osm_cache:Dehradun
30.327541,78.0479398,,clinic,Uttarakhand,osm_cache:Dehradun
30.2909374,78.0498482,,hospital,Uttarakhand,osm_cache:Dehradun
30.3068298,78.0540472,,hospital,Uttarakhand,osm_cache:Dehradun
30.3108936,78.0121377,,clinic,Uttarakhand,osm_cache:Dehradun
30.3163536,78.054412,,hospital,Uttarakhand,osm_cache:Dehradun
30.3363706,78.0223811,,hospital,Uttarakhand,osm_cache:Dehradun
30.3338774,78.0235478,,hospital,Uttarakhand,osm_cache:Dehradun
30.3350581,78.0601707,,clinic,Uttarakhand,osm_cache:Dehradun
30.2820388,78.002518,,hospital,Uttarakhand,osm_cache:Dehradun
30.382057,78.0886424,,hospital,Uttarakhand,osm_cache:Dehradun
30.318361,78.0527356,,clinic,Uttarakhand,osm_cache:Dehradun
30.3112213,78.04785,,hospital,Uttarakhand,osm_cache:Dehradun
30.282846,78.0685231,,hospital,Uttarakhand,osm_cache:Dehradun
30.3271255,78.0658168,,hospital,Uttarakhand,osm_cache:Dehradun
30.3152514,78.0436885,,clinic,Uttarakhand,osm_cache:Dehradun
30.2875988,78.0231428,,hospital,Uttarakhand,osm_cache:Dehradun
30.3316376,78.0538367,,hospital,Uttarakhand,osm_cache:Dehradun
30.3529535,78.0253597,,clinic,Uttarakhand,osm_cache:Dehradun
30.2917978,78.0508983,,hospital,Uttarakhand,osm_cache:Dehradun
30.2789269,78.0012372,,clinic,Uttarakhand,osm_cache:Dehradun
30.3143113,78.0523923,,hospital,Uttarakhand,osm_cache:Dehradun
30.3236075,78.0147126,,hospital,Uttarakhand,osm_cache:Dehradun
30.3337941,78.0208468,,clinic,Uttarakhand,osm_cache:Dehradun
30.3247651,78.0046999,,clinic,Uttarakhand,osm_cache:Dehradun
30.3247211,78.0050567,,hospital,Uttarakhand,osm_cache:Dehradun
30.3190186,78.050673,,clinic,Uttarakhand,osm_cache:Dehradun
30.3184444,78.0290544,,hospital,Uttarakhand,osm_cache:Dehradun
30.3153417,78.0512014,,hospital,Uttarakhand,osm_cache:Dehradun
30.3267388,78.0313276,,clinic,Uttarakhand,osm_cache:Dehradun
30.310353,78.0485205,,hospital,Uttarakhand,osm_cache:Dehradun
30.3644053,78.0677506,,hospital,Uttarakhand,osm_cache:Dehradun
30.3175726,78.0333661,,hospital,Uttarakhand,osm_cache:Dehradun
30.298808,78.0512483,,clinic,Uttarakhand,osm_cache:Dehradun
30.3152005,78.0513221,,hospital,Uttarakhand,osm_cache:Dehradun
30.3101527,78.0601144,,clinic,Uttarakhand,osm_cache:Dehradun
30.3125064,78.0219506,,hospital,Uttarakhand,osm_cache:Dehradun
30.3029695,78.0214584,,hospital,Uttarakhand,osm_cache:Dehradun
30.3324791,78.0223086,,hospital,Uttarakhand,osm_cache:Dehradun
30.291169,78.0579914,,hospital,Uttarakhand,osm_cache:Dehradun
30.2844836,78.0645373,,clinic,Uttarakhand,osm_cache:Dehradun
30.3409877,78.0593446,,hospital,Uttarakhand,osm_cache:Dehradun
30.2983402,78.0530977,,hospital,Uttarakhand,osm_cache:Dehradun
30.2919587,77.9986905,,hospital,Uttarakhand,osm_cache:Dehradun
30.2936772,78.0747955,,clinic,Uttarakhand,osm_cache:Dehradun
30.3270514,78.0314027,,clinic,Uttarakhand,osm_cache:Dehradun
30.3119982,78.0480015,,hospital,Uttarakhand,osm_cache:Dehradun
30.3183749,78.0241728,,hospital,Uttarakhand,osm_cache:Dehradun
30.3263904,78.0428866,,clinic,Uttarakhand,osm_cache:Dehradun
30.3204124,78.0509493,,clinic,Uttarakhand,osm_cache:Dehradun
30.3288236,78.0524835,,hospital,Uttarakhand,osm_cache:Dehradun
30.3259366,78.0330536,,doctors,Uttarakhand,osm_cache:Dehradun
30.295105,78.053028,,hospital,Uttarakhand,osm_cache:Dehradun
30.3792619,78.0881622,,hospital,Uttarakhand,osm_cache:Dehradun
30.308365,78.0491656,,hospital,Uttarakhand,osm_cache:Dehradun
30.311503,77.982168,,hospital,Uttarakhand,osm_cache:Dehradun
30.3354898,77.9668266,,hospital,Uttarakhand,osm_cache:Dehradun
30.3341892,78.0621234,,clinic,Uttarakhand,osm_cache:Dehradun
30.3524946,77.9363421,,hospital,Uttarakhand,osm_cache:Dehradun
30.3193454,78.0433909,,clinic,Uttarakhand,osm_cache:Dehradun
30.3339887,77.963263,,clinic,Uttarakhand,osm_cache:Dehradun
30.3300961,78.0564112,,doctors,Uttarakhand,osm_cache:Dehradun
30.3191611,78.0430172,,hospital,Uttarakhand,osm_cache:Dehradun
30.2686878,78.0787419,,hospital,Uttarakhand,osm_cache:Dehradun
30.346949,77.9664382,,hospital,Uttarakhand,osm_cache:Dehradun
30.3379039,78.0568731,,clinic,Uttarakhand,osm_cache:Dehradun
30.3323513,78.0631525,,clinic,Uttarakhand,osm_cache:Dehradun
30.3322154,78.0593781,,doctors,Uttarakhand,osm_cache:Dehradun
30.3343136,77.9673178,,hospital,Uttarakhand,osm_cache:Dehradun
30.3362313,77.9605297,,clinic,Uttarakhand,osm_cache:Dehradun
30.2633849,78.0946875,,clinic,Uttarakhand,osm_cache:Dehradun
30.3167914,78.0437622,,hospital,Uttarakhand,osm_cache:Dehradun
30.3333289,77.9609727,,clinic,Uttarakhand,osm_cache:Dehradun
30.2713518,78.0807579,,hospital,Uttarakhand,osm_cache:Dehradun
30.3192081,78.0460002,,clinic,Uttarakhand,osm_cache:Dehradun
30.2882696,78.0641891,,doctors,Uttarakhand,osm_cache:Dehradun
30.3437396,77.9664615,,hospital,Uttarakhand,osm_cache:Dehradun
30.311589,78.048034,,clinic,Uttarakhand,osm_cache:Dehradun
30.3368779,77.9562552,,doctors,Uttarakhand,osm_cache:Dehradun
30.3044925,78.0509177,,clinic,Uttarakhand,osm_cache:Dehradun
30.2570338,78.0909295,,clinic,Uttarakhand,osm_cache:Dehradun
30.2811131,78.0712299,,hospital,Uttarakhand,osm_cache:Dehradun
30.3174427,78.046923,,hospital,Uttarakhand,osm_cache:Dehradun
30.3337452,78.0239945,,doctors,Uttarakhand,osm_cache:Dehradun
30.3375992,78.0138545,,hospital,Uttarakhand,osm_cache:Dehradun
30.3345624,78.058957,,doctors,Uttarakhand,osm_cache:Dehradun
30.3329554,78.0619542,,doctors,Uttarakhand,osm_cache:Dehradun
30.3409589,78.0506694,,clinic,Uttarakhand,osm_cache:Dehradun
30.3378635,77.9593852,,hospital,Uttarakhand,osm_cache:Dehradun
30.3196861,78.0503125,,hospital,Uttarakhand,osm_cache:Dehradun
30.3299169,78.0299292,,hospital,Uttarakhand,osm_cache:Dehradun
30.3193953,78.0434227,,doctors,Uttarakhand,osm_cache:Dehradun
30.3354477,78.0167854,,hospital,Uttarakhand,osm_cache:Dehradun
30.310123,78.045445,,hospital,Uttarakhand,osm_cache:Dehradun
30.2771116,78.0760689,,doctors,Uttarakhand,osm_cache:Dehradun
30.3195119,78.0431012,,doctors,Uttarakhand,osm_cache:Dehradun
30.33147,78.0465966,,doctors,Uttarakhand,osm_cache:Dehradun
30.320661,78.057667,,hospital,Uttarakhand,osm_cache:Dehradun
30.3362003,77.9609489,,clinic,Uttarakhand,osm_cache:Dehradun
30.3342006,78.0812465,,hospital,Uttarakhand,osm_cache:Dehradun
30.3693603,78.0726454,,clinic,Uttarakhand,osm_cache:Dehradun
30.3519545,78.0665833,,hospital,Uttarakhand,osm_cache:Dehradun
30.3206193,78.0417924,,hospital,Uttarakhand,osm_cache:Dehradun
30.3206591,78.0418042,,hospital,Uttarakhand,osm_cache:Dehradun
30.3382771,78.0206133,,clinic,Uttarakhand,osm_cache:Dehradun
30.3352245,78.0159348,,hospital,Uttarakhand,osm_cache:Dehradun
30.3091025,78.0431496,,clinic,Uttarakhand,osm_cache:Dehradun
30.3286997,78.0660533,,hospital,Uttarakhand,osm_cache:Dehradun
30.3321602,78.0595528,,hospital,Uttarakhand,osm_cache:Dehradun
30.2994218,78.0520814,,hospital,Uttarakhand,osm_cache:Dehradun
30.2864273,78.0480676,,hospital,Uttarakhand,osm_cache:Dehradun
30.3070576,78.0095762,,clinic,Uttarakhand,osm_cache:Dehradun
30.3763701,78.0671501,,hospital,Uttarakhand,osm_cache:Dehradun
30.3234336,78.0139654,,hospital,Uttarakhand,osm_cache:Dehradun
30.2963681,78.0557992,,hospital,Uttarakhand,osm_cache:Dehradun
30.2903705,78.0248241,,clinic,Uttarakhand,osm_cache:Dehradun
30.3737695,78.0748083,,hospital,Uttarakhand,osm_cache:Dehradun
30.3407072,78.0474558,,hospital,Uttarakhand,osm_cache:Dehradun
30.3399881,78.037881,,hospital,Uttarakhand,osm_cache:Dehradun
30.269848,77.9974362,,hospital,Uttarakhand,osm_cache:Dehradun
30.3288529,78.0658727,,hospital,Uttarakhand,osm_cache:Dehradun
16.3558221,80.5024478,,hospital,Andhra Pradesh,osm_cache:Guntur
16.357883,80.5308101,,hospital,Andhra Pradesh,osm_cache:Guntur
16.3028914,80.4481909,,hospital,Andhra Pradesh,osm_cache:Guntur
16.3001348,80.4500753,,hospital,Andhra Pradesh,osm_cache:Guntur
16.3311243,80.4868162,,hospital,Andhra Pradesh,osm_cache:Guntur
16.3036768,80.4616338,,hospital,Andhra Pradesh,osm_cache:Guntur
16.3136909,80.4374329,,hospital,Andhra Pradesh,osm_cache:Guntur
16.3093417,80.4327154,,hospital,Andhra Pradesh,osm_cache:Guntur
16.3104334,80.4334114,,hospital,Andhra Pradesh,osm_cache:Guntur
16.2991437,80.4503153,,hospital,Andhra Pradesh,osm_cache:Guntur
16.3502725,80.493169,,hospital,Andhra Pradesh,osm_cache:Guntur
16.2966008,80.4530364,,hospital,Andhra Pradesh,osm_cache:Guntur
16.3104296,80.4291004,,hospital,Andhra Pradesh,osm_cache:Guntur
16.2995918,80.4510969,,hospital,Andhra Pradesh,osm_cache:Guntur
16.3036045,80.4411348,,hospital,Andhra Pradesh,osm_cache:Guntur
16.2941634,80.4487506,,hospital,Andhra Pradesh,osm_cache:Guntur
16.2995105,80.4572582,,hospital,Andhra Pradesh,osm_cache:Guntur
16.3147691,80.4170405,,hospital,Andhra Pradesh,osm_cache:Guntur
16.2984891,80.4573048,,hospital,Andhra Pradesh,osm_cache:Guntur
16.29949,80.4505151,,hospital,Andhra Pradesh,osm_cache:Guntur
16.3008563,80.4465348,,hospital,Andhra Pradesh,osm_cache:Guntur
16.2994681,80.4502818,,hospital,Andhra Pradesh,osm_cache:Guntur
16.2970282,80.4449006,,hospital,Andhra Pradesh,osm_cache:Guntur
16.2986172,80.4530968,,hospital,Andhra Pradesh,osm_cache:Guntur
16.2955266,80.454395,,hospital,Andhra Pradesh,osm_cache:Guntur
16.2983804,80.4546216,,hospital,Andhra Pradesh,osm_cache:Guntur
16.2978558,80.4546285,,hospital,Andhra Pradesh,osm_cache:Guntur
16.3023906,80.4340417,,hospital,Andhra Pradesh,osm_cache:Guntur
16.2988386,80.4516819,,hospital,Andhra Pradesh,osm_cache:Guntur
16.2983109,80.4551728,,hospital,Andhra Pradesh,osm_cache:Guntur
16.2986224,80.4529493,,hospital,Andhra Pradesh,osm_cache:Guntur
16.2982658,80.4495294,,hospital,Andhra Pradesh,osm_cache:Guntur
16.2973699,80.4453519,,hospital,Andhra Pradesh,osm_cache:Guntur
16.2977194,80.4556241,,hospital,Andhra Pradesh,osm_cache:Guntur
16.2979958,80.4449673,,hospital,Andhra Pradesh,osm_cache:Guntur
16.3073456,80.4204127,,hospital,Andhra Pradesh,osm_cache:Guntur
16.3102314,80.4281589,,hospital,Andhra Pradesh,osm_cache:Guntur
16.2986346,80.4577846,,hospital,Andhra Pradesh,osm_cache:Guntur
16.2959836,80.4492344,,hospital,Andhra Pradesh,osm_cache:Guntur
16.2980985,80.452158,,hospital,Andhra Pradesh,osm_cache:Guntur
16.2962964,80.4359709,,hospital,Andhra Pradesh,osm_cache:Guntur
16.3020232,80.4375225,,hospital,Andhra Pradesh,osm_cache:Guntur
16.3075284,80.4364564,,hospital,Andhra Pradesh,osm_cache:Guntur
16.2960209,80.4542394,,hospital,Andhra Pradesh,osm_cache:Guntur
16.29962,80.4573628,,hospital,Andhra Pradesh,osm_cache:Guntur
16.2890099,80.4412736,,hospital,Andhra Pradesh,osm_cache:Guntur
16.3010539,80.4483573,,hospital,Andhra Pradesh,osm_cache:Guntur
16.2946062,80.4491982,,hospital,Andhra Pradesh,osm_cache:Guntur
16.2985529,80.4537955,,hospital,Andhra Pradesh,osm_cache:Guntur
16.2984576,80.4541133,,hospital,Andhra Pradesh,osm_cache:Guntur
16.298744,80.4545163,,hospital,Andhra Pradesh,osm_cache:Guntur
16.3003685,80.4447732,,hospital,Andhra Pradesh,osm_cache:Guntur
16.300792,80.4452641,,hospital,Andhra Pradesh,osm_cache:Guntur
16.2990459,80.4512206,,hospital,Andhra Pradesh,osm_cache:Guntur
16.298336,80.4501108,,hospital,Andhra Pradesh,osm_cache:Guntur
16.3111195,80.4371946,,hospital,Andhra Pradesh,osm_cache:Guntur
16.2970816,80.4555483,,hospital,Andhra Pradesh,osm_cache:Guntur
16.298513,80.4536587,,hospital,Andhra Pradesh,osm_cache:Guntur
16.2987601,80.4487476,,hospital,Andhra Pradesh,osm_cache:Guntur
16.3079563,80.4189382,,hospital,Andhra Pradesh,osm_cache:Guntur
16.2968286,80.4507907,,hospital,Andhra Pradesh,osm_cache:Guntur
16.2964328,80.4528125,,hospital,Andhra Pradesh,osm_cache:Guntur
16.3093735,80.4315593,,hospital,Andhra Pradesh,osm_cache:Guntur
16.3002726,80.4494148,,hospital,Andhra Pradesh,osm_cache:Guntur
16.2987128,80.449976,,hospital,Andhra Pradesh,osm_cache:Guntur
16.299042,80.4504682,,hospital,Andhra Pradesh,osm_cache:Guntur
16.2978887,80.4521111,,hospital,Andhra Pradesh,osm_cache:Guntur
16.2979965,80.4556576,,hospital,Andhra Pradesh,osm_cache:Guntur
16.2996599,80.4499794,,hospital,Andhra Pradesh,osm_cache:Guntur
16.317779,80.4702763,,hospital,Andhra Pradesh,osm_cache:Guntur
16.2971994,80.4494584,,hospital,Andhra Pradesh,osm_cache:Guntur
16.297229,80.4526589,,hospital,Andhra Pradesh,osm_cache:Guntur
16.3307712,80.4377375,,hospital,Andhra Pradesh,osm_cache:Guntur
16.31628,80.4721265,,hospital,Andhra Pradesh,osm_cache:Guntur
16.2975363,80.4665135,,clinic,Andhra Pradesh,osm_cache:Guntur
16.2974055,80.4661546,,clinic,Andhra Pradesh,osm_cache:Guntur
16.309392,80.43239,,hospital,Andhra Pradesh,osm_cache:Guntur
16.2948971,80.4485232,,clinic,Andhra Pradesh,osm_cache:Guntur
16.302384,80.4342872,,clinic,Andhra Pradesh,osm_cache:Guntur
16.313132,80.437788,,clinic,Andhra Pradesh,osm_cache:Guntur
16.3047379,80.446778,,hospital,Andhra Pradesh,osm_cache:Guntur
16.2990247,80.4509301,,hospital,Andhra Pradesh,osm_cache:Guntur
16.3096738,80.4293334,,clinic,Andhra Pradesh,osm_cache:Guntur
16.3112581,80.4155854,,clinic,Andhra Pradesh,osm_cache:Guntur
16.301991,80.441611,,clinic,Andhra Pradesh,osm_cache:Guntur
16.3098115,80.4303569,,clinic,Andhra Pradesh,osm_cache:Guntur
16.299555,80.44946,,hospital,Andhra Pradesh,osm_cache:Guntur
16.2990552,80.4580992,,hospital,Andhra Pradesh,osm_cache:Guntur
16.3097628,80.4366221,,clinic,Andhra Pradesh,osm_cache:Guntur
16.3127942,80.4308242,,clinic,Andhra Pradesh,osm_cache:Guntur
16.3046616,80.4417625,,hospital,Andhra Pradesh,osm_cache:Guntur
16.297111,80.449848,,hospital,Andhra Pradesh,osm_cache:Guntur
16.296892,80.4533353,,clinic,Andhra Pradesh,osm_cache:Guntur
16.294973,80.449132,,hospital,Andhra Pradesh,osm_cache:Guntur
16.296886,80.4518391,,hospital,Andhra Pradesh,osm_cache:Guntur
16.3155741,80.4374224,,clinic,Andhra Pradesh,osm_cache:Guntur
16.3021847,80.4490414,,hospital,Andhra Pradesh,osm_cache:Guntur
16.3141536,80.4137779,,hospital,Andhra Pradesh,osm_cache:Guntur
16.3108573,80.437235,,hospital,Andhra Pradesh,osm_cache:Guntur
16.3105455,80.4366964,,hospital,Andhra Pradesh,osm_cache:Guntur
16.2980349,80.4446156,,clinic,Andhra Pradesh,osm_cache:Guntur
16.308769,80.43695,,hospital,Andhra Pradesh,osm_cache:Guntur
16.297153,80.449751,,hospital,Andhra Pradesh,osm_cache:Guntur
16.302301,80.4472566,,clinic,Andhra Pradesh,osm_cache:Guntur
16.2976297,80.4451329,,clinic,Andhra Pradesh,osm_cache:Guntur
16.2996111,80.4515092,,hospital,Andhra Pradesh,osm_cache:Guntur
16.3061901,80.4135082,,hospital,Andhra Pradesh,osm_cache:Guntur
16.2990236,80.4411291,,hospital,Andhra Pradesh,osm_cache:Guntur
16.2969307,80.4489086,,hospital,Andhra Pradesh,osm_cache:Guntur
16.3017559,80.4465743,,hospital,Andhra Pradesh,osm_cache:Guntur
16.2992058,80.4522648,,hospital,Andhra Pradesh,osm_cache:Guntur
16.3120083,80.4302344,,clinic,Andhra Pradesh,osm_cache:Guntur
16.2949125,80.4491904,,clinic,Andhra Pradesh,osm_cache:Guntur
16.289095,80.441237,,hospital,Andhra Pradesh,osm_cache:Guntur
16.2992969,80.4512689,,clinic,Andhra Pradesh,osm_cache:Guntur
16.3105835,80.4366993,,hospital,Andhra Pradesh,osm_cache:Guntur
16.2964697,80.4508443,,hospital,Andhra Pradesh,osm_cache:Guntur
16.3105113,80.4315587,,clinic,Andhra Pradesh,osm_cache:Guntur
16.2968875,80.4498232,,hospital,Andhra Pradesh,osm_cache:Guntur
16.297422,80.4510296,,clinic,Andhra Pradesh,osm_cache:Guntur
16.2920451,80.442092,,hospital,Andhra Pradesh,osm_cache:Guntur
16.2990195,80.4510362,,hospital,Andhra Pradesh,osm_cache:Guntur
16.311839,80.431888,,hospital,Andhra Pradesh,osm_cache:Guntur
16.3093995,80.4333112,,clinic,Andhra Pradesh,osm_cache:Guntur
16.309386,80.418232,,clinic,Andhra Pradesh,osm_cache:Guntur
16.295013,80.4372408,,clinic,Andhra Pradesh,osm_cache:Guntur
16.295005,80.449971,,hospital,Andhra Pradesh,osm_cache:Guntur
16.3196402,80.4070665,,clinic,Andhra Pradesh,osm_cache:Guntur
16.2979124,80.4557616,,hospital,Andhra Pradesh,osm_cache:Guntur
16.320034,80.41434,,hospital,Andhra Pradesh,osm_cache:Guntur
16.3087733,80.4136354,,hospital,Andhra Pradesh,osm_cache:Guntur
16.3008338,80.4394928,,clinic,Andhra Pradesh,osm_cache:Guntur
16.2989378,80.4565444,,hospital,Andhra Pradesh,osm_cache:Guntur
16.3132538,80.4374171,,hospital,Andhra Pradesh,osm_cache:Guntur
16.3144631,80.4369951,,clinic,Andhra Pradesh,osm_cache:Guntur
16.3114348,80.4293635,,clinic,Andhra Pradesh,osm_cache:Guntur
16.2988133,80.4521537,,clinic,Andhra Pradesh,osm_cache:Guntur
16.3052525,80.4452914,,hospital,Andhra Pradesh,osm_cache:Guntur
16.2978906,80.4546847,,clinic,Andhra Pradesh,osm_cache:Guntur
16.316358,80.436939,,clinic,Andhra Pradesh,osm_cache:Guntur
16.2985693,80.4555504,,hospital,Andhra Pradesh,osm_cache:Guntur
16.3147312,80.4169568,,doctors,Andhra Pradesh,osm_cache:Guntur
16.298198,80.444963,,clinic,Andhra Pradesh,osm_cache:Guntur
16.3022462,80.4472363,,doctors,Andhra Pradesh,osm_cache:Guntur
16.3057416,80.4221026,,hospital,Andhra Pradesh,osm_cache:Guntur
16.2969116,80.4512383,,hospital,Andhra Pradesh,osm_cache:Guntur
16.2969486,80.450624,,hospital,Andhra Pradesh,osm_cache:Guntur
16.2980092,80.4509197,,hospital,Andhra Pradesh,osm_cache:Guntur
16.2956826,80.4509393,,hospital,Andhra Pradesh,osm_cache:Guntur
16.2918853,80.4305667,,hospital,Andhra Pradesh,osm_cache:Guntur
16.2972316,80.4493356,,hospital,Andhra Pradesh,osm_cache:Guntur
16.304677,80.44434,,hospital,Andhra Pradesh,osm_cache:Guntur
16.290173,80.441374,,hospital,Andhra Pradesh,osm_cache:Guntur
16.3036595,80.4387315,,hospital,Andhra Pradesh,osm_cache:Guntur
16.296348,80.4531988,,clinic,Andhra Pradesh,osm_cache:Guntur
16.300533,80.448526,,hospital,Andhra Pradesh,osm_cache:Guntur
16.3042768,80.4456817,,hospital,Andhra Pradesh,osm_cache:Guntur
16.2989538,80.4543102,,clinic,Andhra Pradesh,osm_cache:Guntur
16.314775,80.424188,,clinic,Andhra Pradesh,osm_cache:Guntur
16.3027202,80.4324858,,clinic,Andhra Pradesh,osm_cache:Guntur
16.3010379,80.4186921,,clinic,Andhra Pradesh,osm_cache:Guntur
16.2990929,80.4527402,,hospital,Andhra Pradesh,osm_cache:Guntur
16.3016698,80.4465765,,hospital,Andhra Pradesh,osm_cache:Guntur
16.2961588,80.4539075,,hospital,Andhra Pradesh,osm_cache:Guntur
16.3020306,80.4486789,,hospital,Andhra Pradesh,osm_cache:Guntur
16.3039916,80.4389444,,clinic,Andhra Pradesh,osm_cache:Guntur
16.3059771,80.4400578,,hospital,Andhra Pradesh,osm_cache:Guntur
16.3022388,80.4352316,,doctors,Andhra Pradesh,osm_cache:Guntur
16.298547,80.449657,,clinic,Andhra Pradesh,osm_cache:Guntur
16.298621,80.450785,,hospital,Andhra Pradesh,osm_cache:Guntur
16.295347,80.448629,,hospital,Andhra Pradesh,osm_cache:Guntur
16.3164304,80.4322481,,hospital,Andhra Pradesh,osm_cache:Guntur
16.3098,80.426648,,clinic,Andhra Pradesh,osm_cache:Guntur
16.2896262,80.4416857,,hospital,Andhra Pradesh,osm_cache:Guntur
16.3105122,80.4918718,,clinic,Andhra Pradesh,osm_cache:Guntur
16.2849389,80.4449863,,clinic,Andhra Pradesh,osm_cache:Guntur
16.3055853,80.4525637,,hospital,Andhra Pradesh,osm_cache:Guntur
16.3022734,80.4598716,,hospital,Andhra Pradesh,osm_cache:Guntur
16.3071978,80.4634703,,hospital,Andhra Pradesh,osm_cache:Guntur
16.2861866,80.4448585,,hospital,Andhra Pradesh,osm_cache:Guntur
16.278086,80.4503695,,clinic,Andhra Pradesh,osm_cache:Guntur
16.31627,80.465284,,clinic,Andhra Pradesh,osm_cache:Guntur
16.183336,80.337136,,clinic,Andhra Pradesh,osm_cache:Guntur
16.3367599,80.4890877,,hospital,Andhra Pradesh,osm_cache:Guntur
16.2907332,80.460025,,clinic,Andhra Pradesh,osm_cache:Guntur
16.2962964,80.4517825,,hospital,Andhra Pradesh,osm_cache:Guntur
16.3044289,80.4615417,,hospital,Andhra Pradesh,osm_cache:Guntur
16.2987292,80.447731,,hospital,Andhra Pradesh,osm_cache:Guntur
16.3037544,80.4547812,,hospital,Andhra Pradesh,osm_cache:Guntur
16.2981577,80.4490587,,hospital,Andhra Pradesh,osm_cache:Guntur
16.3035845,80.4598331,,hospital,Andhra Pradesh,osm_cache:Guntur
16.2990253,80.4505835,,hospital,Andhra Pradesh,osm_cache:Guntur
16.2971305,80.4552425,,hospital,Andhra Pradesh,osm_cache:Guntur
16.3014053,80.4501879,,hospital,Andhra Pradesh,osm_cache:Guntur
16.2983701,80.4514392,,hospital,Andhra Pradesh,osm_cache:Guntur
16.3086714,80.4208298,,hospital,Andhra Pradesh,osm_cache:Guntur
16.314251,80.4351233,,hospital,Andhra Pradesh,osm_cache:Guntur
16.2971099,80.4451776,,hospital,Andhra Pradesh,osm_cache:Guntur
16.2989197,80.4506875,,hospital,Andhra Pradesh,osm_cache:Guntur
16.2971562,80.4534522,,hospital,Andhra Pradesh,osm_cache:Guntur
16.3173786,80.4371552,,hospital,Andhra Pradesh,osm_cache:Guntur
16.2974366,80.410505,,clinic,Andhra Pradesh,osm_cache:Guntur
16.295239,80.4496181,,hospital,Andhra Pradesh,osm_cache:Guntur
16.2922442,80.4472521,,hospital,Andhra Pradesh,osm_cache:Guntur
16.3269814,80.439329,,doctors,Andhra Pradesh,osm_cache:Guntur
16.3582761,80.4047037,,hospital,Andhra Pradesh,osm_cache:Guntur
16.3304479,80.4377539,,hospital,Andhra Pradesh,osm_cache:Guntur
16.3149114,80.4694027,,hospital,Andhra Pradesh,osm_cache:Guntur
16.2850709,80.4406528,,hospital,Andhra Pradesh,osm_cache:Guntur
16.3215205,80.4771138,,hospital,Andhra Pradesh,osm_cache:Guntur
16.299102,80.4493672,,hospital,Andhra Pradesh,osm_cache:Guntur
16.3087987,80.4369426,,hospital,Andhra Pradesh,osm_cache:Guntur
16.3149945,80.4159574,,hospital,Andhra Pradesh,osm_cache:Guntur
16.3132641,80.4374625,,hospital,Andhra Pradesh,osm_cache:Guntur
16.3108031,80.4384877,,hospital,Andhra Pradesh,osm_cache:Guntur
16.3150445,80.4159436,,hospital,Andhra Pradesh,osm_cache:Guntur
16.3141491,80.4137907,,hospital,Andhra Pradesh,osm_cache:Guntur
16.2773208,80.4525854,,hospital,Andhra Pradesh,osm_cache:Guntur
16.327022,80.4539312,,hospital,Andhra Pradesh,osm_cache:Guntur
16.2970071,80.448002,,hospital,Andhra Pradesh,osm_cache:Guntur
16.2930016,80.4386625,,hospital,Andhra Pradesh,osm_cache:Guntur
16.2954984,80.4493833,,hospital,Andhra Pradesh,osm_cache:Guntur
16.2995582,80.4437719,,hospital,Andhra Pradesh,osm_cache:Guntur
16.3172159,80.4716503,,hospital,Andhra Pradesh,osm_cache:Guntur
16.2970612,80.4441166,,hospital,Andhra Pradesh,osm_cache:Guntur
16.3080244,80.4325945,,hospital,Andhra Pradesh,osm_cache:Guntur
16.3078817,80.4375601,,hospital,Andhra Pradesh,osm_cache:Guntur
16.2983569,80.4429755,,hospital,Andhra Pradesh,osm_cache:Guntur
16.3097799,80.4621983,,hospital,Andhra Pradesh,osm_cache:Guntur
16.3035485,80.4405265,,hospital,Andhra Pradesh,osm_cache:Guntur
16.30558,80.4482763,,hospital,Andhra Pradesh,osm_cache:Guntur
16.2976322,80.4408194,,hospital,Andhra Pradesh,osm_cache:Guntur
16.356086,80.5023863,,hospital,Andhra Pradesh,osm_cache:Guntur
16.2385185,80.5583883,,hospital,Andhra Pradesh,osm_cache:Guntur
16.3147287,80.4693255,,hospital,Andhra Pradesh,osm_cache:Guntur
26.1854322,91.7404472,,hospital,Assam,osm_cache:Guwahati
26.1090489,91.7190636,,hospital,Assam,osm_cache:Guwahati
26.1548233,91.6660347,,hospital,Assam,osm_cache:Guwahati
26.1310276,91.7858925,,hospital,Assam,osm_cache:Guwahati
26.2075432,91.6776942,,hospital,Assam,osm_cache:Guwahati
26.1595109,91.7686637,,hospital,Assam,osm_cache:Guwahati
26.1602914,91.7701374,,hospital,Assam,osm_cache:Guwahati
26.1600421,91.7711596,,hospital,Assam,osm_cache:Guwahati
26.160924,91.7094281,,hospital,Assam,osm_cache:Guwahati
26.1603733,91.7073624,,hospital,Assam,osm_cache:Guwahati
26.1350283,91.8095034,,hospital,Assam,osm_cache:Guwahati
26.2074223,91.6771799,,hospital,Assam,osm_cache:Guwahati
26.1775378,91.8278745,,clinic,Assam,osm_cache:Guwahati
26.1775757,91.8277444,,clinic,Assam,osm_cache:Guwahati
26.1658526,91.7691153,,hospital,Assam,osm_cache:Guwahati
26.1653519,91.7470568,,hospital,Assam,osm_cache:Guwahati
26.1504675,91.7821106,,hospital,Assam,osm_cache:Guwahati
26.1390895,91.7463206,,hospital,Assam,osm_cache:Guwahati
26.1382811,91.8010202,,hospital,Assam,osm_cache:Guwahati
26.1007508,91.8699154,,hospital,Assam,osm_cache:Guwahati
26.1746258,91.7525876,,hospital,Assam,osm_cache:Guwahati
26.158658,91.8118054,,hospital,Assam,osm_cache:Guwahati
26.1221319,91.8062693,,hospital,Assam,osm_cache:Guwahati
26.1769282,91.7465553,,hospital,Assam,osm_cache:Guwahati
26.1636583,91.7459719,,clinic,Assam,osm_cache:Guwahati
26.1786974,91.7515415,,clinic,Assam,osm_cache:Guwahati
26.1714995,91.7376155,,hospital,Assam,osm_cache:Guwahati
26.1719851,91.7814441,,hospital,Assam,osm_cache:Guwahati
26.1717757,91.7608166,,hospital,Assam,osm_cache:Guwahati
26.1709548,91.7252411,,clinic,Assam,osm_cache:Guwahati
26.1854972,91.7560047,,hospital,Assam,osm_cache:Guwahati
26.1669226,91.7312439,,hospital,Assam,osm_cache:Guwahati
26.1713045,91.734602,,clinic,Assam,osm_cache:Guwahati
26.1721356,91.7404117,,hospital,Assam,osm_cache:Guwahati
26.1617305,91.7798576,,hospital,Assam,osm_cache:Guwahati
26.1301667,91.7953366,,clinic,Assam,osm_cache:Guwahati
26.1724967,91.7714274,,hospital,Assam,osm_cache:Guwahati
26.1496128,91.7867147,,hospital,Assam,osm_cache:Guwahati
26.1311817,91.8079403,,hospital,Assam,osm_cache:Guwahati
26.1389733,91.7943965,,hospital,Assam,osm_cache:Guwahati
26.1301354,91.795295,,clinic,Assam,osm_cache:Guwahati
26.1971209,91.766763,,clinic,Assam,osm_cache:Guwahati
26.1634946,91.7683697,,hospital,Assam,osm_cache:Guwahati
26.1392003,91.7994256,,hospital,Assam,osm_cache:Guwahati
26.1836896,91.7848626,,clinic,Assam,osm_cache:Guwahati
26.1494984,91.7871089,,clinic,Assam,osm_cache:Guwahati
26.1730467,91.784703,,clinic,Assam,osm_cache:Guwahati
26.140975,91.6420851,,clinic,Assam,osm_cache:Guwahati
26.1542429,91.8315083,,clinic,Assam,osm_cache:Guwahati
26.1392575,91.7907585,,clinic,Assam,osm_cache:Guwahati
26.1606497,91.6887221,,hospital,Assam,osm_cache:Guwahati
26.1582289,91.6576111,,clinic,Assam,osm_cache:Guwahati
26.165505,91.727046,,clinic,Assam,osm_cache:Guwahati
26.1495333,91.6674002,,hospital,Assam,osm_cache:Guwahati
26.1037304,91.7520264,,clinic,Assam,osm_cache:Guwahati
26.1164479,91.784179,,clinic,Assam,osm_cache:Guwahati
26.129282,91.8097986,,clinic,Assam,osm_cache:Guwahati
26.2620879,91.6977421,,clinic,Assam,osm_cache:Guwahati
26.293048,91.7138738,,clinic,Assam,osm_cache:Guwahati
26.2352212,91.8234566,,clinic,Assam,osm_cache:Guwahati
26.1384392,91.7988396,,doctors,Assam,osm_cache:Guwahati
26.1786248,91.8265503,,clinic,Assam,osm_cache:Guwahati
26.189749,91.7570654,,clinic,Assam,osm_cache:Guwahati
26.1439362,91.7295332,,doctors,Assam,osm_cache:Guwahati
26.1231502,91.8000308,,clinic,Assam,osm_cache:Guwahati
26.1534156,91.7801223,,clinic,Assam,osm_cache:Guwahati
26.1573969,91.7886804,,clinic,Assam,osm_cache:Guwahati
26.1581995,91.7765555,,clinic,Assam,osm_cache:Guwahati
26.1607051,91.7728328,,clinic,Assam,osm_cache:Guwahati
26.1595614,91.7736931,,clinic,Assam,osm_cache:Guwahati
26.1929276,91.7525271,,clinic,Assam,osm_cache:Guwahati
26.1716484,91.7709774,,clinic,Assam,osm_cache:Guwahati
26.1665116,91.7686642,,clinic,Assam,osm_cache:Guwahati
26.1665161,91.779165,,doctors,Assam,osm_cache:Guwahati
26.1699176,91.7781354,,clinic,Assam,osm_cache:Guwahati
26.1676312,91.7788063,,hospital,Assam,osm_cache:Guwahati
26.1848626,91.756128,,clinic,Assam,osm_cache:Guwahati
26.1848931,91.7581456,,clinic,Assam,osm_cache:Guwahati
26.1761717,91.779238,,clinic,Assam,osm_cache:Guwahati
26.161558,91.7707214,,clinic,Assam,osm_cache:Guwahati
26.1533451,91.7801397,,clinic,Assam,osm_cache:Guwahati
26.1734242,91.7718075,,clinic,Assam,osm_cache:Guwahati
26.1382228,91.7990216,,clinic,Assam,osm_cache:Guwahati
26.1526228,91.8117586,,clinic,Assam,osm_cache:Guwahati
26.1422048,91.7966093,,clinic,Assam,osm_cache:Guwahati
26.1680477,91.769431,,clinic,Assam,osm_cache:Guwahati
26.1329585,91.8141586,,clinic,Assam,osm_cache:Guwahati
26.1483328,91.787396,,clinic,Assam,osm_cache:Guwahati
26.1231793,91.8001057,,clinic,Assam,osm_cache:Guwahati
26.1528388,91.811726,,doctors,Assam,osm_cache:Guwahati
26.1910868,91.7553953,,clinic,Assam,osm_cache:Guwahati
26.1222864,91.7992229,,clinic,Assam,osm_cache:Guwahati
26.1776697,91.8202295,,clinic,Assam,osm_cache:Guwahati
26.1774723,91.7750324,,clinic,Assam,osm_cache:Guwahati
26.1317003,91.7862988,,clinic,Assam,osm_cache:Guwahati
26.1897099,91.7531218,,clinic,Assam,osm_cache:Guwahati
26.1671439,91.7657746,,clinic,Assam,osm_cache:Guwahati
26.173245,91.7740457,,doctors,Assam,osm_cache:Guwahati
26.130366,91.7864,,clinic,Assam,osm_cache:Guwahati
26.1596509,91.7698563,,clinic,Assam,osm_cache:Guwahati
26.1675605,91.7690006,,clinic,Assam,osm_cache:Guwahati
26.1310897,91.8088994,,hospital,Assam,osm_cache:Guwahati
26.1679453,91.7693503,,clinic,Assam,osm_cache:Guwahati
26.1568649,91.7798108,,clinic,Assam,osm_cache:Guwahati
26.1304526,91.8079674,,hospital,Assam,osm_cache:Guwahati
26.1459201,91.7858282,,clinic,Assam,osm_cache:Guwahati
26.1849575,91.758903,,clinic,Assam,osm_cache:Guwahati
26.1758917,91.7747667,,clinic,Assam,osm_cache:Guwahati
26.1684008,91.7685332,,clinic,Assam,osm_cache:Guwahati
26.1305948,91.7863981,,clinic,Assam,osm_cache:Guwahati
26.1338954,91.8090932,,clinic,Assam,osm_cache:Guwahati
26.1678053,91.7657704,,clinic,Assam,osm_cache:Guwahati
26.1313723,91.8085923,,hospital,Assam,osm_cache:Guwahati
26.136286,91.81821,,clinic,Assam,osm_cache:Guwahati
26.172172,91.7708483,,clinic,Assam,osm_cache:Guwahati
26.1332238,91.8289889,,clinic,Assam,osm_cache:Guwahati
26.1799187,91.7747903,,clinic,Assam,osm_cache:Guwahati
26.1287983,91.7811515,,clinic,Assam,osm_cache:Guwahati
26.14938,91.786968,,doctors,Assam,osm_cache:Guwahati
26.1785921,91.8257891,,doctors,Assam,osm_cache:Guwahati
26.1769881,91.7736117,,clinic,Assam,osm_cache:Guwahati
26.170483,91.77013,,clinic,Assam,osm_cache:Guwahati
26.1808273,91.7733903,,clinic,Assam,osm_cache:Guwahati
26.1406064,91.8099728,,clinic,Assam,osm_cache:Guwahati
26.1667198,91.7670145,,clinic,Assam,osm_cache:Guwahati
26.1419047,91.7969571,,clinic,Assam,osm_cache:Guwahati
26.1619578,91.7711294,,clinic,Assam,osm_cache:Guwahati
26.1604315,91.685733,,clinic,Assam,osm_cache:Guwahati
26.1748408,91.7571722,,doctors,Assam,osm_cache:Guwahati
26.1719088,91.7326232,,clinic,Assam,osm_cache:Guwahati
26.1802634,91.739485,,clinic,Assam,osm_cache:Guwahati
26.172709,91.754061,,doctors,Assam,osm_cache:Guwahati
26.1584802,91.6890083,,clinic,Assam,osm_cache:Guwahati
26.158699,91.696014,,clinic,Assam,osm_cache:Guwahati
26.1724993,91.7591285,,clinic,Assam,osm_cache:Guwahati
26.158488,91.7349833,,clinic,Assam,osm_cache:Guwahati
26.17207,91.740325,,doctors,Assam,osm_cache:Guwahati
26.1596985,91.6856538,,clinic,Assam,osm_cache:Guwahati
26.1472457,91.646027,,clinic,Assam,osm_cache:Guwahati
26.1398521,91.6409579,,doctors,Assam,osm_cache:Guwahati
26.1107268,91.7466165,,doctors,Assam,osm_cache:Guwahati
26.1458262,91.7274383,,hospital,Assam,osm_cache:Guwahati
26.1718842,91.7583806,,clinic,Assam,osm_cache:Guwahati
26.1721107,91.7395618,,clinic,Assam,osm_cache:Guwahati
26.1732274,91.7567462,,doctors,Assam,osm_cache:Guwahati
26.1526727,91.6846448,,doctors,Assam,osm_cache:Guwahati
26.1454737,91.7411135,,hospital,Assam,osm_cache:Guwahati
26.1719208,91.7479425,,clinic,Assam,osm_cache:Guwahati
26.1539924,91.6940842,,clinic,Assam,osm_cache:Guwahati
26.127944,91.681335,,doctors,Assam,osm_cache:Guwahati
26.1632831,91.659461,,doctors,Assam,osm_cache:Guwahati
26.1718296,91.736906,,clinic,Assam,osm_cache:Guwahati
26.1695537,91.7362162,,doctors,Assam,osm_cache:Guwahati
26.1684348,91.7367235,,clinic,Assam,osm_cache:Guwahati
26.1710288,91.7476626,,doctors,Assam,osm_cache:Guwahati
26.1668909,91.7364237,,clinic,Assam,osm_cache:Guwahati
26.1674325,91.7368502,,clinic,Assam,osm_cache:Guwahati
26.1509561,91.694464,,hospital,Assam,osm_cache:Guwahati
26.1720356,91.7391477,,clinic,Assam,osm_cache:Guwahati
26.2653123,91.6996393,,clinic,Assam,osm_cache:Guwahati
26.1695581,91.7356942,,clinic,Assam,osm_cache:Guwahati
26.1108994,91.7522069,,doctors,Assam,osm_cache:Guwahati
26.1262339,91.6810496,,doctors,Assam,osm_cache:Guwahati
26.1615901,91.6948507,,clinic,Assam,osm_cache:Guwahati
26.1748831,91.7569282,,clinic,Assam,osm_cache:Guwahati
26.1783704,91.7496064,,clinic,Assam,osm_cache:Guwahati
26.1095482,91.7193239,,doctors,Assam,osm_cache:Guwahati
26.159363,91.733658,,clinic,Assam,osm_cache:Guwahati
26.1534457,91.7395088,,clinic,Assam,osm_cache:Guwahati
26.1749637,91.7581997,,clinic,Assam,osm_cache:Guwahati
26.1424917,91.642344,,clinic,Assam,osm_cache:Guwahati
26.1629129,91.7458246,,clinic,Assam,osm_cache:Guwahati
26.1731559,91.7488239,,clinic,Assam,osm_cache:Guwahati
26.1724234,91.7561036,,clinic,Assam,osm_cache:Guwahati
26.1734191,91.752219,,clinic,Assam,osm_cache:Guwahati
26.1620111,91.6590555,,clinic,Assam,osm_cache:Guwahati
26.1651971,91.7795015,,hospital,Assam,osm_cache:Guwahati
26.1280003,91.6814189,,hospital,Assam,osm_cache:Guwahati
26.1748144,91.7579693,,clinic,Assam,osm_cache:Guwahati
26.1728938,91.7610094,,clinic,Assam,osm_cache:Guwahati
26.1584435,91.6607844,,clinic,Assam,osm_cache:Guwahati
26.1579385,91.6746872,,clinic,Assam,osm_cache:Guwahati
26.1589197,91.6880545,,clinic,Assam,osm_cache:Guwahati
26.1422583,91.642432,,clinic,Assam,osm_cache:Guwahati
26.1422505,91.6426449,,clinic,Assam,osm_cache:Guwahati
26.1035923,91.797421,,hospital,Assam,osm_cache:Guwahati
26.1806796,91.7603899,,doctors,Assam,osm_cache:Guwahati
26.1678717,91.769487,,clinic,Assam,osm_cache:Guwahati
26.1553323,91.7899977,,doctors,Assam,osm_cache:Guwahati
26.1552152,91.7899308,,clinic,Assam,osm_cache:Guwahati
26.1614411,91.7843173,,clinic,Assam,osm_cache:Guwahati
26.1618926,91.7830568,,clinic,Assam,osm_cache:Guwahati
26.162545,91.782123,,clinic,Assam,osm_cache:Guwahati
26.1626039,91.7820506,,clinic,Assam,osm_cache:Guwahati
26.1715548,91.7711202,,clinic,Assam,osm_cache:Guwahati
26.1721869,91.7714065,,clinic,Assam,osm_cache:Guwahati
26.1719909,91.758628,,clinic,Assam,osm_cache:Guwahati
26.1727634,91.7636972,,clinic,Assam,osm_cache:Guwahati
26.1715347,91.7691389,,clinic,Assam,osm_cache:Guwahati
26.1731821,91.771856,,doctors,Assam,osm_cache:Guwahati
26.1508167,91.7859849,,clinic,Assam,osm_cache:Guwahati
26.171787,91.7403051,,hospital,Assam,osm_cache:Guwahati
26.1766796,91.773557,,clinic,Assam,osm_cache:Guwahati
26.1765421,91.7734337,,clinic,Assam,osm_cache:Guwahati
26.1447849,91.776406,,clinic,Assam,osm_cache:Guwahati
26.1760921,91.7733906,,clinic,Assam,osm_cache:Guwahati
26.1745848,91.7727582,,hospital,Assam,osm_cache:Guwahati
26.1734874,91.7723062,,clinic,Assam,osm_cache:Guwahati
26.172714,91.7718334,,clinic,Assam,osm_cache:Guwahati
26.1726514,91.7717344,,clinic,Assam,osm_cache:Guwahati
26.1720634,91.771548,,clinic,Assam,osm_cache:Guwahati
26.17152,91.771289,,clinic,Assam,osm_cache:Guwahati
26.1714141,91.7711811,,clinic,Assam,osm_cache:Guwahati
26.1702142,91.7707154,,clinic,Assam,osm_cache:Guwahati
26.1443707,91.778518,,clinic,Assam,osm_cache:Guwahati
26.1511801,91.7846042,,clinic,Assam,osm_cache:Guwahati
26.1661866,91.7794768,,doctors,Assam,osm_cache:Guwahati
26.1665137,91.7794004,,clinic,Assam,osm_cache:Guwahati
26.1665774,91.7793794,,hospital,Assam,osm_cache:Guwahati
26.1689101,91.7701011,,clinic,Assam,osm_cache:Guwahati
26.1681569,91.7697819,,clinic,Assam,osm_cache:Guwahati
26.1442034,91.7815068,,hospital,Assam,osm_cache:Guwahati
26.1153058,91.7983829,,clinic,Assam,osm_cache:Guwahati
26.1150205,91.7984202,,clinic,Assam,osm_cache:Guwahati
26.1144417,91.7982778,,clinic,Assam,osm_cache:Guwahati
26.1129113,91.7982897,,clinic,Assam,osm_cache:Guwahati
26.1668154,91.7795949,,clinic,Assam,osm_cache:Guwahati
26.1733738,91.7796911,,clinic,Assam,osm_cache:Guwahati
26.1742395,91.7785993,,clinic,Assam,osm_cache:Guwahati
26.124133,91.7194288,,clinic,Assam,osm_cache:Guwahati
26.162165,91.7349293,,clinic,Assam,osm_cache:Guwahati
26.1290334,91.7799948,,clinic,Assam,osm_cache:Guwahati
26.1781709,91.8040736,,hospital,Assam,osm_cache:Guwahati
26.161329,91.7346837,,clinic,Assam,osm_cache:Guwahati
26.1581268,91.7333123,,clinic,Assam,osm_cache:Guwahati
26.1577382,91.73305,,clinic,Assam,osm_cache:Guwahati
26.1723864,91.781511,,hospital,Assam,osm_cache:Guwahati
26.1558628,91.7313937,,clinic,Assam,osm_cache:Guwahati
26.1728019,91.7598661,,clinic,Assam,osm_cache:Guwahati
26.1767395,91.735096,,doctors,Assam,osm_cache:Guwahati
26.1256371,91.7865825,,clinic,Assam,osm_cache:Guwahati
26.1256564,91.7865854,,clinic,Assam,osm_cache:Guwahati
26.130908,91.786135,,hospital,Assam,osm_cache:Guwahati
26.1905801,91.7541614,,clinic,Assam,osm_cache:Guwahati
26.1720645,91.7588054,,clinic,Assam,osm_cache:Guwahati
26.1698854,91.7470549,,clinic,Assam,osm_cache:Guwahati
26.171079,91.7477227,,doctors,Assam,osm_cache:Guwahati
26.171108,91.7477531,,doctors,Assam,osm_cache:Guwahati
26.1719438,91.7482534,,clinic,Assam,osm_cache:Guwahati
26.1289828,91.7821988,,clinic,Assam,osm_cache:Guwahati
26.1851882,91.756084,,hospital,Assam,osm_cache:Guwahati
26.1450407,91.7852575,,hospital,Assam,osm_cache:Guwahati
26.1746699,91.7773519,,clinic,Assam,osm_cache:Guwahati
26.1620768,91.7716521,,clinic,Assam,osm_cache:Guwahati
26.1641904,91.7693287,,hospital,Assam,osm_cache:Guwahati
26.1645834,91.7692274,,clinic,Assam,osm_cache:Guwahati
26.1641904,91.7691448,,hospital,Assam,osm_cache:Guwahati
26.166526,91.768871,,clinic,Assam,osm_cache:Guwahati
26.1645175,91.7693509,,clinic,Assam,osm_cache:Guwahati
26.1748332,91.7775572,,doctors,Assam,osm_cache:Guwahati
26.1728261,91.7821968,,doctors,Assam,osm_cache:Guwahati
26.1886198,91.7518806,,clinic,Assam,osm_cache:Guwahati
26.192084,91.7555782,,doctors,Assam,osm_cache:Guwahati
26.1308836,91.8079732,,clinic,Assam,osm_cache:Guwahati
26.1564331,91.8381147,,clinic,Assam,osm_cache:Guwahati
26.1695712,91.7632939,,clinic,Assam,osm_cache:Guwahati
26.1414434,91.726007,,hospital,Assam,osm_cache:Guwahati
26.1321227,91.8069657,,doctors,Assam,osm_cache:Guwahati
26.1713661,91.737574,,hospital,Assam,osm_cache:Guwahati
26.1851477,91.7635888,,clinic,Assam,osm_cache:Guwahati
26.1850799,91.7642022,,doctors,Assam,osm_cache:Guwahati
26.1251945,91.7975416,,doctors,Assam,osm_cache:Guwahati
26.1307186,91.7944383,,clinic,Assam,osm_cache:Guwahati
26.1320769,91.7934956,,clinic,Assam,osm_cache:Guwahati
26.1353674,91.7918867,,clinic,Assam,osm_cache:Guwahati
26.1362232,91.7915645,,clinic,Assam,osm_cache:Guwahati
26.1238342,91.804075,,clinic,Assam,osm_cache:Guwahati
26.1760095,91.7400173,,hospital,Assam,osm_cache:Guwahati
26.1601295,91.7670612,,hospital,Assam,osm_cache:Guwahati
26.1540188,91.7811817,,hospital,Assam,osm_cache:Guwahati
26.1594255,91.7686706,,hospital,Assam,osm_cache:Guwahati
26.1451545,91.7855418,,hospital,Assam,osm_cache:Guwahati
26.1618597,91.7711453,,clinic,Assam,osm_cache:Guwahati
26.1907754,91.7552655,,clinic,Assam,osm_cache:Guwahati
26.1596201,91.769999,,hospital,Assam,osm_cache:Guwahati
26.1586539,91.6850156,,clinic,Assam,osm_cache:Guwahati
26.1589505,91.6851578,,clinic,Assam,osm_cache:Guwahati
26.158331,91.6885,,clinic,Assam,osm_cache:Guwahati
26.2021448,91.6939491,,hospital,Assam,osm_cache:Guwahati
26.1593343,91.7691763,,hospital,Assam,osm_cache:Guwahati
26.1211287,91.7991507,,doctors,Assam,osm_cache:Guwahati
26.152101,91.694912,,hospital,Assam,osm_cache:Guwahati
26.1706553,91.7626832,,hospital,Assam,osm_cache:Guwahati
17.4406857,78.3916647,,hospital,Telangana,osm_cache:Hyderabad
17.4444337,78.3860746,,hospital,Telangana,osm_cache:Hyderabad
17.4417142,78.4478775,,hospital,Telangana,osm_cache:Hyderabad
17.4422795,78.4480341,,hospital,Telangana,osm_cache:Hyderabad
17.4415414,78.4461255,,hospital,Telangana,osm_cache:Hyderabad
17.3672265,78.4859878,,hospital,Telangana,osm_cache:Hyderabad
17.407574,78.512174,,hospital,Telangana,osm_cache:Hyderabad
17.4101591,78.5143831,,clinic,Telangana,osm_cache:Hyderabad
17.4293162,78.533452,,hospital,Telangana,osm_cache:Hyderabad
17.4290954,78.5333362,,hospital,Telangana,osm_cache:Hyderabad
17.40681,78.4645023,,hospital,Telangana,osm_cache:Hyderabad
17.4036641,78.4570626,,hospital,Telangana,osm_cache:Hyderabad
17.3985586,78.4814113,,hospital,Telangana,osm_cache:Hyderabad
17.4021334,78.4625295,,hospital,Telangana,osm_cache:Hyderabad
17.4301742,78.3937323,,hospital,Telangana,osm_cache:Hyderabad
17.3990359,78.4447966,,hospital,Telangana,osm_cache:Hyderabad
17.4156911,78.4454609,,hospital,Telangana,osm_cache:Hyderabad
17.4148145,78.4475692,,hospital,Telangana,osm_cache:Hyderabad
17.3921498,78.4793651,,hospital,Telangana,osm_cache:Hyderabad
17.4556983,78.4984034,,hospital,Telangana,osm_cache:Hyderabad
17.4693193,78.4778376,,hospital,Telangana,osm_cache:Hyderabad
17.4622983,78.4922542,,clinic,Telangana,osm_cache:Hyderabad
17.4636217,78.4567398,,hospital,Telangana,osm_cache:Hyderabad
17.4608187,78.4908297,,doctors,Telangana,osm_cache:Hyderabad
17.4629614,78.3673949,,hospital,Telangana,osm_cache:Hyderabad
17.4535178,78.364084,,hospital,Telangana,osm_cache:Hyderabad
17.4512881,78.5354859,,hospital,Telangana,osm_cache:Hyderabad
17.4509925,78.5334984,,clinic,Telangana,osm_cache:Hyderabad
17.4513853,78.5352525,,hospital,Telangana,osm_cache:Hyderabad
17.451435,78.5311968,,hospital,Telangana,osm_cache:Hyderabad
17.3688309,78.5301893,,hospital,Telangana,osm_cache:Hyderabad
17.3993955,78.4792005,,hospital,Telangana,osm_cache:Hyderabad
17.3684777,78.5387483,,hospital,Telangana,osm_cache:Hyderabad
17.4696017,78.3660584,,hospital,Telangana,osm_cache:Hyderabad
17.4206569,78.4481619,,hospital,Telangana,osm_cache:Hyderabad
17.4856038,78.3903262,,hospital,Telangana,osm_cache:Hyderabad
17.4217792,78.4602059,,hospital,Telangana,osm_cache:Hyderabad
17.4064283,78.4738814,,hospital,Telangana,osm_cache:Hyderabad
17.4291646,78.4567382,,hospital,Telangana,osm_cache:Hyderabad
17.3594287,78.5450683,,hospital,Telangana,osm_cache:Hyderabad
17.4211366,78.4566557,,hospital,Telangana,osm_cache:Hyderabad
17.4068493,78.3922011,,hospital,Telangana,osm_cache:Hyderabad
17.4979039,78.3911608,,hospital,Telangana,osm_cache:Hyderabad
17.3746556,78.4998723,,hospital,Telangana,osm_cache:Hyderabad
17.4255371,78.5306786,,hospital,Telangana,osm_cache:Hyderabad
17.4184365,78.457264,,hospital,Telangana,osm_cache:Hyderabad
17.4888555,78.3959947,,hospital,Telangana,osm_cache:Hyderabad
17.3977165,78.5123189,,clinic,Telangana,osm_cache:Hyderabad
17.4036074,78.4753627,,hospital,Telangana,osm_cache:Hyderabad
17.4089088,78.4894972,,hospital,Telangana,osm_cache:Hyderabad
17.4118751,78.4888572,,hospital,Telangana,osm_cache:Hyderabad
17.4073049,78.4816422,,hospital,Telangana,osm_cache:Hyderabad
17.40696,78.4821099,,hospital,Telangana,osm_cache:Hyderabad
17.4103854,78.4852768,,hospital,Telangana,osm_cache:Hyderabad
17.4511937,78.4208721,,hospital,Telangana,osm_cache:Hyderabad
17.4510973,78.4224934,,hospital,Telangana,osm_cache:Hyderabad
17.4480669,78.4337319,,hospital,Telangana,osm_cache:Hyderabad
17.4388238,78.4420946,,hospital,Telangana,osm_cache:Hyderabad
17.4385124,78.4425646,,hospital,Telangana,osm_cache:Hyderabad
17.4390074,78.4406383,,hospital,Telangana,osm_cache:Hyderabad
17.345698,78.549763,,hospital,Telangana,osm_cache:Hyderabad
17.3348812,78.5372101,,hospital,Telangana,osm_cache:Hyderabad
17.4976626,78.3901045,,hospital,Telangana,osm_cache:Hyderabad
17.4668555,78.3786107,,clinic,Telangana,osm_cache:Hyderabad
17.4815671,78.5363894,,clinic,Telangana,osm_cache:Hyderabad
17.4884992,78.4140886,,clinic,Telangana,osm_cache:Hyderabad
17.3940456,78.5104248,,hospital,Telangana,osm_cache:Hyderabad
17.5113399,78.4469461,,hospital,Telangana,osm_cache:Hyderabad
17.5220823,78.4431753,,hospital,Telangana,osm_cache:Hyderabad
17.44165,78.5218514,,hospital,Telangana,osm_cache:Hyderabad
17.4289946,78.5120703,,hospital,Telangana,osm_cache:Hyderabad
17.5439866,78.4333819,,hospital,Telangana,osm_cache:Hyderabad
17.4160221,78.3916108,,hospital,Telangana,osm_cache:Hyderabad
17.4631717,78.4904751,,hospital,Telangana,osm_cache:Hyderabad
17.4599321,78.3660837,,hospital,Telangana,osm_cache:Hyderabad
17.4111108,78.5522256,,clinic,Telangana,osm_cache:Hyderabad
17.516119,78.4388993,,hospital,Telangana,osm_cache:Hyderabad
17.4439245,78.470823,,clinic,Telangana,osm_cache:Hyderabad
17.398766,78.448595,,hospital,Telangana,osm_cache:Hyderabad
17.3985187,78.4458137,,hospital,Telangana,osm_cache:Hyderabad
17.4459719,78.4467421,,doctors,Telangana,osm_cache:Hyderabad
17.4377225,78.521976,,hospital,Telangana,osm_cache:Hyderabad
17.3983822,78.4161649,,hospital,Telangana,osm_cache:Hyderabad
17.4115391,78.4904614,,hospital,Telangana,osm_cache:Hyderabad
17.4045834,78.4893402,,hospital,Telangana,osm_cache:Hyderabad
17.4072675,78.4442572,,hospital,Telangana,osm_cache:Hyderabad
17.4067264,78.4896361,,clinic,Telangana,osm_cache:Hyderabad
17.4249205,78.4139937,,hospital,Telangana,osm_cache:Hyderabad
17.4044822,78.4893121,,hospital,Telangana,osm_cache:Hyderabad
17.4072495,78.4447338,,hospital,Telangana,osm_cache:Hyderabad
17.4009037,78.4875706,,hospital,Telangana,osm_cache:Hyderabad
17.4269993,78.4488484,,hospital,Telangana,osm_cache:Hyderabad
17.4188516,78.3838224,,clinic,Telangana,osm_cache:Hyderabad
17.4166539,78.4534763,,hospital,Telangana,osm_cache:Hyderabad
17.4396192,78.450794,,hospital,Telangana,osm_cache:Hyderabad
17.4088082,78.4902875,,clinic,Telangana,osm_cache:Hyderabad
17.4306786,78.546838,,clinic,Telangana,osm_cache:Hyderabad
17.4444782,78.469498,,hospital,Telangana,osm_cache:Hyderabad
17.4398266,78.4841159,,clinic,Telangana,osm_cache:Hyderabad
17.4955259,78.332226,,hospital,Telangana,osm_cache:Hyderabad
17.4781366,78.3197135,,clinic,Telangana,osm_cache:Hyderabad
17.466147,78.3677443,,hospital,Telangana,osm_cache:Hyderabad
17.4928587,78.327984,,hospital,Telangana,osm_cache:Hyderabad
17.4921861,78.3275773,,hospital,Telangana,osm_cache:Hyderabad
17.4797782,78.3201181,,doctors,Telangana,osm_cache:Hyderabad
17.4439091,78.5043433,,hospital,Telangana,osm_cache:Hyderabad
17.4959755,78.337417,,hospital,Telangana,osm_cache:Hyderabad
17.4835926,78.3155659,,doctors,Telangana,osm_cache:Hyderabad
17.5214894,78.4323478,,clinic,Telangana,osm_cache:Hyderabad
17.3448605,78.4599543,,hospital,Telangana,osm_cache:Hyderabad
17.4153976,78.4979892,,hospital,Telangana,osm_cache:Hyderabad
17.4297764,78.4340161,,hospital,Telangana,osm_cache:Hyderabad
17.4422328,78.3587144,,hospital,Telangana,osm_cache:Hyderabad
17.4197715,78.5178991,,clinic,Telangana,osm_cache:Hyderabad
17.4195168,78.5177549,,clinic,Telangana,osm_cache:Hyderabad
17.498762,78.384027,,hospital,Telangana,osm_cache:Hyderabad
17.4227862,78.5165968,,hospital,Telangana,osm_cache:Hyderabad
17.3136981,78.5087313,,hospital,Telangana,osm_cache:Hyderabad
17.3506727,78.5078608,,hospital,Telangana,osm_cache:Hyderabad
17.3497123,78.4707124,,hospital,Telangana,osm_cache:Hyderabad
17.446158,78.5383502,,hospital,Telangana,osm_cache:Hyderabad
17.4943337,78.3448275,,hospital,Telangana,osm_cache:Hyderabad
17.4853105,78.3890658,,clinic,Telangana,osm_cache:Hyderabad
17.3140538,78.4045957,,hospital,Telangana,osm_cache:Hyderabad
17.4524,78.3889115,,clinic,Telangana,osm_cache:Hyderabad
17.5454734,78.4326051,,hospital,Telangana,osm_cache:Hyderabad
17.4564341,78.4388653,,hospital,Telangana,osm_cache:Hyderabad
17.456281,78.4369269,,hospital,Telangana,osm_cache:Hyderabad
17.536328,78.4885233,,hospital,Telangana,osm_cache:Hyderabad
17.4503845,78.3825608,,hospital,Telangana,osm_cache:Hyderabad
17.4503922,78.3825036,,clinic,Telangana,osm_cache:Hyderabad
17.4571109,78.5465732,,hospital,Telangana,osm_cache:Hyderabad
17.4433217,78.3876457,,clinic,Telangana,osm_cache:Hyderabad
17.3944441,78.463068,,clinic,Telangana,osm_cache:Hyderabad
17.4379741,78.4563758,,hospital,Telangana,osm_cache:Hyderabad
17.3948133,78.4525058,,hospital,Telangana,osm_cache:Hyderabad
17.3972385,78.4562128,,hospital,Telangana,osm_cache:Hyderabad
17.4257981,78.4207625,,hospital,Telangana,osm_cache:Hyderabad
17.4057018,78.4508868,,hospital,Telangana,osm_cache:Hyderabad
17.3960512,78.4656063,,clinic,Telangana,osm_cache:Hyderabad
17.3946344,78.4519084,,hospital,Telangana,osm_cache:Hyderabad
17.3979621,78.4543414,,hospital,Telangana,osm_cache:Hyderabad
17.4858906,78.3875314,,hospital,Telangana,osm_cache:Hyderabad
17.494517,78.39876,,hospital,Telangana,osm_cache:Hyderabad
17.4089621,78.4621491,,clinic,Telangana,osm_cache:Hyderabad
17.4949239,78.3969527,,hospital,Telangana,osm_cache:Hyderabad
17.4729982,78.3872074,,hospital,Telangana,osm_cache:Hyderabad
17.487903,78.3911951,,clinic,Telangana,osm_cache:Hyderabad
17.4731914,78.3872633,,hospital,Telangana,osm_cache:Hyderabad
17.4027274,78.4606817,,clinic,Telangana,osm_cache:Hyderabad
17.491694,78.3958249,,hospital,Telangana,osm_cache:Hyderabad
17.4943045,78.3984062,,clinic,Telangana,osm_cache:Hyderabad
17.4103873,78.4844653,,hospital,Telangana,osm_cache:Hyderabad
17.4066776,78.3915335,,clinic,Telangana,osm_cache:Hyderabad
17.3709786,78.5425682,,hospital,Telangana,osm_cache:Hyderabad
17.3703144,78.5276104,,hospital,Telangana,osm_cache:Hyderabad
17.3682666,78.5135597,,hospital,Telangana,osm_cache:Hyderabad
17.4154432,78.4891682,,doctors,Telangana,osm_cache:Hyderabad
17.4248083,78.4225617,,hospital,Telangana,osm_cache:Hyderabad
17.3455423,78.5226305,,hospital,Telangana,osm_cache:Hyderabad
17.4451684,78.4721151,,clinic,Telangana,osm_cache:Hyderabad
17.4238105,78.449832,,hospital,Telangana,osm_cache:Hyderabad
17.4232839,78.4505488,,hospital,Telangana,osm_cache:Hyderabad
17.3969132,78.4722613,,hospital,Telangana,osm_cache:Hyderabad
17.4911264,78.4010815,,hospital,Telangana,osm_cache:Hyderabad
17.4553191,78.5008281,,hospital,Telangana,osm_cache:Hyderabad
17.3913878,78.4369875,,hospital,Telangana,osm_cache:Hyderabad
17.3503945,78.5105337,,hospital,Telangana,osm_cache:Hyderabad
17.4077141,78.4781628,,hospital,Telangana,osm_cache:Hyderabad
17.4033637,78.4172847,,hospital,Telangana,osm_cache:Hyderabad
17.4041136,78.4611649,,hospital,Telangana,osm_cache:Hyderabad
17.4912927,78.3969096,,hospital,Telangana,osm_cache:Hyderabad
17.4444929,78.4662196,,hospital,Telangana,osm_cache:Hyderabad
17.458369,78.5378788,,hospital,Telangana,osm_cache:Hyderabad
17.3920174,78.4961598,,hospital,Telangana,osm_cache:Hyderabad
17.5007182,78.3825836,,hospital,Telangana,osm_cache:Hyderabad
17.3854315,78.4747114,,hospital,Telangana,osm_cache:Hyderabad
17.3851141,78.4754102,,hospital,Telangana,osm_cache:Hyderabad
17.3918945,78.4378043,,hospital,Telangana,osm_cache:Hyderabad
17.4311263,78.4266108,,hospital,Telangana,osm_cache:Hyderabad
17.4432007,78.4796964,,hospital,Telangana,osm_cache:Hyderabad
17.5123618,78.4754596,,hospital,Telangana,osm_cache:Hyderabad
17.3676358,78.5404511,,hospital,Telangana,osm_cache:Hyderabad
17.4252477,78.4537243,,hospital,Telangana,osm_cache:Hyderabad
17.4966133,78.3398798,,hospital,Telangana,osm_cache:Hyderabad
17.4925267,78.39749,,hospital,Telangana,osm_cache:Hyderabad
17.344919,78.5087555,,hospital,Telangana,osm_cache:Hyderabad
17.447062,78.5082445,,hospital,Telangana,osm_cache:Hyderabad
17.3987452,78.5069785,,hospital,Telangana,osm_cache:Hyderabad
17.3942929,78.4419228,,hospital,Telangana,osm_cache:Hyderabad
17.4920608,78.4015616,,hospital,Telangana,osm_cache:Hyderabad
17.4372474,78.3942747,,hospital,Telangana,osm_cache:Hyderabad
17.4691656,78.4773293,,hospital,Telangana,osm_cache:Hyderabad
17.391947,78.4969578,,hospital,Telangana,osm_cache:Hyderabad
17.4064439,78.464393,,hospital,Telangana,osm_cache:Hyderabad
17.4876454,78.4000755,,hospital,Telangana,osm_cache:Hyderabad
17.3452764,78.5282483,,hospital,Telangana,osm_cache:Hyderabad
17.3644409,78.4731994,,hospital,Telangana,osm_cache:Hyderabad
17.4593374,78.5004204,,hospital,Telangana,osm_cache:Hyderabad
17.4918932,78.3972265,,hospital,Telangana,osm_cache:Hyderabad
17.4396489,78.4991692,,hospital,Telangana,osm_cache:Hyderabad
17.3729437,78.4673019,,hospital,Telangana,osm_cache:Hyderabad
17.4073263,78.492862,,hospital,Telangana,osm_cache:Hyderabad
17.5160805,78.4476453,,hospital,Telangana,osm_cache:Hyderabad
17.429802,78.4487075,,hospital,Telangana,osm_cache:Hyderabad
17.494399,78.4020397,,hospital,Telangana,osm_cache:Hyderabad
17.3534936,78.5068591,,hospital,Telangana,osm_cache:Hyderabad
17.3942993,78.5079373,,hospital,Telangana,osm_cache:Hyderabad
17.4142,78.5021076,,hospital,Telangana,osm_cache:Hyderabad
17.4841162,78.4488925,,hospital,Telangana,osm_cache:Hyderabad
17.4956729,78.3250616,,hospital,Telangana,osm_cache:Hyderabad
17.4077787,78.4975089,,hospital,Telangana,osm_cache:Hyderabad
17.4390949,78.4406662,,hospital,Telangana,osm_cache:Hyderabad
17.3908042,78.4965339,,hospital,Telangana,osm_cache:Hyderabad
17.3717457,78.5005935,,hospital,Telangana,osm_cache:Hyderabad
17.4406252,78.4242403,,hospital,Telangana,osm_cache:Hyderabad
17.4500557,78.5115261,,hospital,Telangana,osm_cache:Hyderabad
17.3755381,78.4190255,,hospital,Telangana,osm_cache:Hyderabad
17.5160364,78.4472698,,hospital,Telangana,osm_cache:Hyderabad
17.4240881,78.4317076,,hospital,Telangana,osm_cache:Hyderabad
17.4837017,78.5373142,,hospital,Telangana,osm_cache:Hyderabad
17.3944196,78.4626817,,hospital,Telangana,osm_cache:Hyderabad
17.3403283,78.5495599,,hospital,Telangana,osm_cache:Hyderabad
17.4956454,78.355892,,doctors,Telangana,osm_cache:Hyderabad
17.4298167,78.4506487,,hospital,Telangana,osm_cache:Hyderabad
17.3818518,78.4727287,,hospital,Telangana,osm_cache:Hyderabad
17.3313005,78.4879965,,hospital,Telangana,osm_cache:Hyderabad
17.3925332,78.4957641,,hospital,Telangana,osm_cache:Hyderabad
17.3598544,78.504485,,hospital,Telangana,osm_cache:Hyderabad
17.4073909,78.4559655,,hospital,Telangana,osm_cache:Hyderabad
17.4409578,78.5020941,,hospital,Telangana,osm_cache:Hyderabad
17.3763924,78.4676445,,hospital,Telangana,osm_cache:Hyderabad
17.4767414,78.4798486,,hospital,Telangana,osm_cache:Hyderabad
17.4932209,78.327158,,hospital,Telangana,osm_cache:Hyderabad
17.3819369,78.4392936,,clinic,Telangana,osm_cache:Hyderabad
17.3915772,78.4268716,,hospital,Telangana,osm_cache:Hyderabad
17.4226373,78.4951296,,hospital,Telangana,osm_cache:Hyderabad
17.4391256,78.3958378,,hospital,Telangana,osm_cache:Hyderabad
17.3979236,78.4175335,,hospital,Telangana,osm_cache:Hyderabad
17.4059206,78.4606527,,hospital,Telangana,osm_cache:Hyderabad
17.4350761,78.5028817,,hospital,Telangana,osm_cache:Hyderabad
17.4525697,78.4444669,,hospital,Telangana,osm_cache:Hyderabad
17.376004,78.4190007,,hospital,Telangana,osm_cache:Hyderabad
17.370373,78.487161,,hospital,Telangana,osm_cache:Hyderabad
17.4595888,78.4780213,,hospital,Telangana,osm_cache:Hyderabad
17.3503388,78.4916899,,hospital,Telangana,osm_cache:Hyderabad
17.3652026,78.3969207,,hospital,Telangana,osm_cache:Hyderabad
17.4810002,78.5334009,,hospital,Telangana,osm_cache:Hyderabad
17.4570199,78.4784049,,hospital,Telangana,osm_cache:Hyderabad
17.4940242,78.3985448,,hospital,Telangana,osm_cache:Hyderabad
17.4255423,78.5340929,,hospital,Telangana,osm_cache:Hyderabad
17.367312,78.4826575,,hospital,Telangana,osm_cache:Hyderabad
17.376873,78.490338,,hospital,Telangana,osm_cache:Hyderabad
17.4343967,78.4173229,,hospital,Telangana,osm_cache:Hyderabad
17.3974654,78.5366464,,hospital,Telangana,osm_cache:Hyderabad
17.4352974,78.4365799,,hospital,Telangana,osm_cache:Hyderabad
17.394618,78.4386519,,hospital,Telangana,osm_cache:Hyderabad
17.4216154,78.4556772,,hospital,Telangana,osm_cache:Hyderabad
17.3913379,78.4348029,,hospital,Telangana,osm_cache:Hyderabad
17.3178961,78.4453909,,hospital,Telangana,osm_cache:Hyderabad
17.4502892,78.5099416,,hospital,Telangana,osm_cache:Hyderabad
17.345958,78.5399126,,hospital,Telangana,osm_cache:Hyderabad
17.4941988,78.3240189,,hospital,Telangana,osm_cache:Hyderabad
17.4232391,78.5163756,,hospital,Telangana,osm_cache:Hyderabad
17.3292521,78.4787576,,hospital,Telangana,osm_cache:Hyderabad
17.4034853,78.4924355,,hospital,Telangana,osm_cache:Hyderabad
17.4939308,78.3267166,,hospital,Telangana,osm_cache:Hyderabad
17.4850586,78.4471166,,hospital,Telangana,osm_cache:Hyderabad
17.4957541,78.3410724,,hospital,Telangana,osm_cache:Hyderabad
17.3682886,78.5220303,,hospital,Telangana,osm_cache:Hyderabad
17.4825166,78.5510686,,hospital,Telangana,osm_cache:Hyderabad
17.4549634,78.5087728,,hospital,Telangana,osm_cache:Hyderabad
17.4019445,78.4776311,,hospital,Telangana,osm_cache:Hyderabad
17.4565491,78.5014417,,hospital,Telangana,osm_cache:Hyderabad
17.3751644,78.4898807,,hospital,Telangana,osm_cache:Hyderabad
17.3695416,78.5213698,,hospital,Telangana,osm_cache:Hyderabad
17.5028854,78.5132843,,hospital,Telangana,osm_cache:Hyderabad
17.437122,78.4272954,,hospital,Telangana,osm_cache:Hyderabad
17.4751261,78.5394748,,hospital,Telangana,osm_cache:Hyderabad
17.5044701,78.3564663,,hospital,Telangana,osm_cache:Hyderabad
17.4951472,78.5130295,,hospital,Telangana,osm_cache:Hyderabad
17.421726,78.5041333,,hospital,Telangana,osm_cache:Hyderabad
17.4467703,78.4504817,,hospital,Telangana,osm_cache:Hyderabad
17.4354676,78.4514661,,hospital,Telangana,osm_cache:Hyderabad
17.3930464,78.4890948,,hospital,Telangana,osm_cache:Hyderabad
17.4418419,78.4452461,,hospital,Telangana,osm_cache:Hyderabad
17.4281872,78.432519,,hospital,Telangana,osm_cache:Hyderabad
17.4121475,78.4569848,,hospital,Telangana,osm_cache:Hyderabad
17.4002374,78.5405061,,hospital,Telangana,osm_cache:Hyderabad
17.4229122,78.452197,,hospital,Telangana,osm_cache:Hyderabad
17.397102,78.5319123,,hospital,Telangana,osm_cache:Hyderabad
17.4091262,78.459209,,hospital,Telangana,osm_cache:Hyderabad
17.4186198,78.4524223,,hospital,Telangana,osm_cache:Hyderabad
17.5185239,78.4822022,,hospital,Telangana,osm_cache:Hyderabad
17.4554163,78.4238099,,hospital,Telangana,osm_cache:Hyderabad
17.3879656,78.4397234,,hospital,Telangana,osm_cache:Hyderabad
17.4954209,78.3226825,,hospital,Telangana,osm_cache:Hyderabad
17.4059203,78.4793389,,hospital,Telangana,osm_cache:Hyderabad
17.373217,78.5032857,,hospital,Telangana,osm_cache:Hyderabad
17.390579,78.4911588,,hospital,Telangana,osm_cache:Hyderabad
17.520925,78.484531,,hospital,Telangana,osm_cache:Hyderabad
17.3979338,78.492064,,hospital,Telangana,osm_cache:Hyderabad
17.389948,78.4959277,,hospital,Telangana,osm_cache:Hyderabad
17.4156652,78.4988473,,hospital,Telangana,osm_cache:Hyderabad
17.4274156,78.4607056,,hospital,Telangana,osm_cache:Hyderabad
17.4111077,78.482968,,hospital,Telangana,osm_cache:Hyderabad
17.404143,78.4622929,,hospital,Telangana,osm_cache:Hyderabad
17.4281006,78.5170508,,hospital,Telangana,osm_cache:Hyderabad
17.3646867,78.5441633,,hospital,Telangana,osm_cache:Hyderabad
17.4912076,78.4011693,,hospital,Telangana,osm_cache:Hyderabad
17.417401,78.4577723,,hospital,Telangana,osm_cache:Hyderabad
17.410791,78.5434699,,hospital,Telangana,osm_cache:Hyderabad
17.4364471,78.4961886,,hospital,Telangana,osm_cache:Hyderabad
17.49926,78.5129283,,hospital,Telangana,osm_cache:Hyderabad
17.3937202,78.5095339,,hospital,Telangana,osm_cache:Hyderabad
17.4932836,78.4017017,,hospital,Telangana,osm_cache:Hyderabad
17.3926842,78.4455183,,hospital,Telangana,osm_cache:Hyderabad
17.5141839,78.4470136,,hospital,Telangana,osm_cache:Hyderabad
17.4047804,78.4821191,,hospital,Telangana,osm_cache:Hyderabad
17.4593055,78.4785913,,hospital,Telangana,osm_cache:Hyderabad
17.4711657,78.5050875,,hospital,Telangana,osm_cache:Hyderabad
17.4312043,78.4553486,,hospital,Telangana,osm_cache:Hyderabad
17.4936289,78.4000562,,hospital,Telangana,osm_cache:Hyderabad
17.3512003,78.5094488,,hospital,Telangana,osm_cache:Hyderabad
17.4078913,78.4426578,,hospital,Telangana,osm_cache:Hyderabad
17.4173069,78.5412021,,hospital,Telangana,osm_cache:Hyderabad
17.3962241,78.4889916,,hospital,Telangana,osm_cache:Hyderabad
17.493721,78.3983745,,hospital,Telangana,osm_cache:Hyderabad
17.4458107,78.504999,,hospital,Telangana,osm_cache:Hyderabad
17.3974917,78.5339528,,hospital,Telangana,osm_cache:Hyderabad
17.3608928,78.5432218,,hospital,Telangana,osm_cache:Hyderabad
17.4953109,78.415377,,hospital,Telangana,osm_cache:Hyderabad
17.4097327,78.5084336,,hospital,Telangana,osm_cache:Hyderabad
17.3655046,78.4620085,,hospital,Telangana,osm_cache:Hyderabad
17.494784,78.3404388,,hospital,Telangana,osm_cache:Hyderabad
17.4404883,78.4978656,,hospital,Telangana,osm_cache:Hyderabad
17.4936174,78.5127834,,hospital,Telangana,osm_cache:Hyderabad
17.4405861,78.4503195,,hospital,Telangana,osm_cache:Hyderabad
17.484821,78.3881754,,hospital,Telangana,osm_cache:Hyderabad
17.4260772,78.457375,,hospital,Telangana,osm_cache:Hyderabad
17.496063,78.4541865,,hospital,Telangana,osm_cache:Hyderabad
17.3995642,78.4843923,,hospital,Telangana,osm_cache:Hyderabad
17.4466174,78.5360288,,hospital,Telangana,osm_cache:Hyderabad
17.4954561,78.3208955,,hospital,Telangana,osm_cache:Hyderabad
17.39863,78.4849159,,hospital,Telangana,osm_cache:Hyderabad
17.3601882,78.5047261,,hospital,Telangana,osm_cache:Hyderabad
17.4171112,78.5440868,,hospital,Telangana,osm_cache:Hyderabad
17.4301078,78.4061931,,hospital,Telangana,osm_cache:Hyderabad
17.40665,78.4759131,,hospital,Telangana,osm_cache:Hyderabad
17.4055917,78.4778255,,clinic,Telangana,osm_cache:Hyderabad
17.3863466,78.4942286,,hospital,Telangana,osm_cache:Hyderabad
17.379978,78.421019,,hospital,Telangana,osm_cache:Hyderabad
17.4917263,78.3970112,,hospital,Telangana,osm_cache:Hyderabad
17.3913737,78.4757126,,hospital,Telangana,osm_cache:Hyderabad
17.4376427,78.4524706,,hospital,Telangana,osm_cache:Hyderabad
17.4348983,78.5429897,,hospital,Telangana,osm_cache:Hyderabad
17.4465502,78.5133715,,hospital,Telangana,osm_cache:Hyderabad
17.4478066,78.508915,,hospital,Telangana,osm_cache:Hyderabad
17.4947378,78.3225725,,hospital,Telangana,osm_cache:Hyderabad
17.3737769,78.4958902,,hospital,Telangana,osm_cache:Hyderabad
17.3586618,78.4780816,,hospital,Telangana,osm_cache:Hyderabad
17.4982349,78.3144481,,hospital,Telangana,osm_cache:Hyderabad
17.4299888,78.4508921,,clinic,Telangana,osm_cache:Hyderabad
17.3692242,78.5189867,,hospital,Telangana,osm_cache:Hyderabad
17.4416577,78.4908745,,hospital,Telangana,osm_cache:Hyderabad
17.4097647,78.5441056,,hospital,Telangana,osm_cache:Hyderabad
17.4938323,78.5398865,,hospital,Telangana,osm_cache:Hyderabad
17.4373484,78.4462573,,hospital,Telangana,osm_cache:Hyderabad
17.3937938,78.5302003,,hospital,Telangana,osm_cache:Hyderabad
17.4292454,78.4531264,,hospital,Telangana,osm_cache:Hyderabad
17.3648685,78.4626402,,hospital,Telangana,osm_cache:Hyderabad
17.3688485,78.5343739,,hospital,Telangana,osm_cache:Hyderabad
17.3446513,78.5167946,,hospital,Telangana,osm_cache:Hyderabad
17.43595,78.5425988,,hospital,Telangana,osm_cache:Hyderabad
17.3910723,78.4267851,,hospital,Telangana,osm_cache:Hyderabad
17.3621837,78.4826327,,hospital,Telangana,osm_cache:Hyderabad
17.3682105,78.5203962,,hospital,Telangana,osm_cache:Hyderabad
17.4052775,78.476577,,hospital,Telangana,osm_cache:Hyderabad
17.48489,78.4096652,,hospital,Telangana,osm_cache:Hyderabad
17.4381142,78.5049681,,hospital,Telangana,osm_cache:Hyderabad
17.4620995,78.5006364,,hospital,Telangana,osm_cache:Hyderabad
17.3836628,78.4292413,,hospital,Telangana,osm_cache:Hyderabad
17.394801,78.4990337,,hospital,Telangana,osm_cache:Hyderabad
17.3942462,78.4989743,,hospital,Telangana,osm_cache:Hyderabad
17.4946701,78.3268218,,hospital,Telangana,osm_cache:Hyderabad
17.4606974,78.4904668,,hospital,Telangana,osm_cache:Hyderabad
17.3709739,78.5147515,,hospital,Telangana,osm_cache:Hyderabad
17.4517957,78.4377721,,hospital,Telangana,osm_cache:Hyderabad
17.3502416,78.5121296,,hospital,Telangana,osm_cache:Hyderabad
17.3935545,78.4435281,,hospital,Telangana,osm_cache:Hyderabad
17.3988488,78.4479502,,hospital,Telangana,osm_cache:Hyderabad
17.4491013,78.5272627,,clinic,Telangana,osm_cache:Hyderabad
17.4490629,78.4317237,,hospital,Telangana,osm_cache:Hyderabad
17.3674854,78.5358477,,hospital,Telangana,osm_cache:Hyderabad
17.4941636,78.3986776,,hospital;bank,Telangana,osm_cache:Hyderabad
17.4448064,78.4324291,,hospital,Telangana,osm_cache:Hyderabad
17.4660729,78.4832785,,hospital,Telangana,osm_cache:Hyderabad
17.4713934,78.4849957,,hospital,Telangana,osm_cache:Hyderabad
17.3763547,78.4203096,,hospital,Telangana,osm_cache:Hyderabad
17.5119189,78.4465805,,hospital,Telangana,osm_cache:Hyderabad
17.393511,78.4568185,,hospital,Telangana,osm_cache:Hyderabad
17.4116829,78.4324009,,hospital,Telangana,osm_cache:Hyderabad
17.3920533,78.4961564,,hospital,Telangana,osm_cache:Hyderabad
17.4075461,78.4496157,,hospital,Telangana,osm_cache:Hyderabad
17.4943913,78.3232471,,hospital,Telangana,osm_cache:Hyderabad
17.3453352,78.5492826,,hospital,Telangana,osm_cache:Hyderabad
17.3946084,78.5304907,,hospital,Telangana,osm_cache:Hyderabad
17.4514829,78.424402,,hospital,Telangana,osm_cache:Hyderabad
17.467585,78.4819903,,hospital,Telangana,osm_cache:Hyderabad
17.4997851,78.3841534,,hospital,Telangana,osm_cache:Hyderabad
17.398678,78.5136256,,hospital,Telangana,osm_cache:Hyderabad
17.3941335,78.5099286,,hospital,Telangana,osm_cache:Hyderabad
17.4920026,78.4093373,,hospital,Telangana,osm_cache:Hyderabad
17.4407735,78.4492117,,hospital,Telangana,osm_cache:Hyderabad
17.4853224,78.3899282,,hospital,Telangana,osm_cache:Hyderabad
17.4251451,78.4510457,,hospital,Telangana,osm_cache:Hyderabad
17.494147,78.4053522,,hospital,Telangana,osm_cache:Hyderabad
17.4575848,78.4523016,,hospital,Telangana,osm_cache:Hyderabad
17.4947648,78.3600202,,hospital,Telangana,osm_cache:Hyderabad
17.3978302,78.4842937,,hospital,Telangana,osm_cache:Hyderabad
17.3702559,78.5005438,,hospital,Telangana,osm_cache:Hyderabad
17.3727325,78.509658,,hospital,Telangana,osm_cache:Hyderabad
17.4305671,78.4503329,,hospital,Telangana,osm_cache:Hyderabad
17.3710405,78.5008154,,hospital,Telangana,osm_cache:Hyderabad
17.4759595,78.4837787,,hospital,Telangana,osm_cache:Hyderabad
17.3452876,78.4567943,,hospital,Telangana,osm_cache:Hyderabad
17.3967872,78.4728447,,hospital,Telangana,osm_cache:Hyderabad
17.3724317,78.5077295,,hospital,Telangana,osm_cache:Hyderabad
17.3719492,78.5358806,,hospital,Telangana,osm_cache:Hyderabad
17.4948223,78.4016588,,hospital,Telangana,osm_cache:Hyderabad
17.4858827,78.3890216,,hospital,Telangana,osm_cache:Hyderabad
17.3689017,78.5168678,,hospital,Telangana,osm_cache:Hyderabad
17.45035,78.5034782,,hospital,Telangana,osm_cache:Hyderabad
17.4299337,78.4271117,,hospital,Telangana,osm_cache:Hyderabad
17.3837869,78.4367287,,hospital,Telangana,osm_cache:Hyderabad
17.3982154,78.4843661,,hospital,Telangana,osm_cache:Hyderabad
17.503255,78.5095681,,hospital,Telangana,osm_cache:Hyderabad
17.4155472,78.4897188,,doctors,Telangana,osm_cache:Hyderabad
17.4030515,78.5100617,,hospital,Telangana,osm_cache:Hyderabad
17.4591328,78.5007772,,hospital,Telangana,osm_cache:Hyderabad
17.3900901,78.5314,,hospital,Telangana,osm_cache:Hyderabad
17.3855301,78.4801885,,hospital,Telangana,osm_cache:Hyderabad
17.4261322,78.5324286,,hospital,Telangana,osm_cache:Hyderabad
17.4486471,78.4849052,,hospital,Telangana,osm_cache:Hyderabad
17.495206,78.4027465,,clinic,Telangana,osm_cache:Hyderabad
17.4422795,78.5043204,,hospital,Telangana,osm_cache:Hyderabad
17.4915108,78.4013115,,hospital,Telangana,osm_cache:Hyderabad
17.4004729,78.4914961,,hospital,Telangana,osm_cache:Hyderabad
17.3403386,78.5072333,,hospital,Telangana,osm_cache:Hyderabad
17.3991381,78.483151,,hospital,Telangana,osm_cache:Hyderabad
17.3758914,78.4971612,,hospital,Telangana,osm_cache:Hyderabad
17.3676268,78.5508728,,hospital,Telangana,osm_cache:Hyderabad
17.4306004,78.4388973,,hospital,Telangana,osm_cache:Hyderabad
17.4466871,78.5027158,,hospital,Telangana,osm_cache:Hyderabad
17.4270433,78.450353,,hospital,Telangana,osm_cache:Hyderabad
17.4995239,78.4755566,,clinic,Telangana,osm_cache:Hyderabad
17.4505451,78.5032415,,hospital,Telangana,osm_cache:Hyderabad
17.5218368,78.4831209,,hospital,Telangana,osm_cache:Hyderabad
17.345084,78.5288881,,hospital,Telangana,osm_cache:Hyderabad
17.3995348,78.4630345,,hospital,Telangana,osm_cache:Hyderabad
17.447338,78.437815,,hospital,Telangana,osm_cache:Hyderabad
17.4900948,78.4481992,,hospital,Telangana,osm_cache:Hyderabad
17.3662637,78.473135,,hospital,Telangana,osm_cache:Hyderabad
17.3497321,78.5151807,,hospital,Telangana,osm_cache:Hyderabad
17.3512682,78.5092865,,hospital,Telangana,osm_cache:Hyderabad
17.4961817,78.4055095,,hospital,Telangana,osm_cache:Hyderabad
17.3854802,78.4752171,,hospital,Telangana,osm_cache:Hyderabad
17.4504779,78.5062201,,hospital,Telangana,osm_cache:Hyderabad
17.4314653,78.4466797,,hospital,Telangana,osm_cache:Hyderabad
17.4016591,78.3848655,,hospital,Telangana,osm_cache:Hyderabad
17.4002182,78.4840006,,hospital,Telangana,osm_cache:Hyderabad
17.4322118,78.4490681,,hospital,Telangana,osm_cache:Hyderabad
17.4174357,78.5118319,,hospital,Telangana,osm_cache:Hyderabad
17.4150148,78.5452451,,hospital,Telangana,osm_cache:Hyderabad
17.4403693,78.4825905,,clinic,Telangana,osm_cache:Hyderabad
17.4498216,78.4306334,,clinic,Telangana,osm_cache:Hyderabad
17.4266927,78.5322341,,clinic,Telangana,osm_cache:Hyderabad
17.3473217,78.5195889,,hospital,Telangana,osm_cache:Hyderabad
17.370156,78.5320289,,hospital,Telangana,osm_cache:Hyderabad
17.3210258,78.5201099,,hospital,Telangana,osm_cache:Hyderabad
17.4227606,78.5469769,,hospital,Telangana,osm_cache:Hyderabad
17.3700395,78.5278568,,hospital,Telangana,osm_cache:Hyderabad
17.3623277,78.4685625,,hospital,Telangana,osm_cache:Hyderabad
17.4951345,78.4024782,,hospital,Telangana,osm_cache:Hyderabad
17.5420919,78.4335503,,hospital,Telangana,osm_cache:Hyderabad
17.3891213,78.4928083,,hospital,Telangana,osm_cache:Hyderabad
17.3836896,78.4897466,,hospital,Telangana,osm_cache:Hyderabad
17.4383029,78.3994983,,hospital,Telangana,osm_cache:Hyderabad
17.3903338,78.4514802,,hospital,Telangana,osm_cache:Hyderabad
17.5019044,78.5405564,,hospital,Telangana,osm_cache:Hyderabad
17.4458529,78.4663644,,hospital,Telangana,osm_cache:Hyderabad
17.4273708,78.5517687,,hospital,Telangana,osm_cache:Hyderabad
17.4293887,78.4178258,,hospital,Telangana,osm_cache:Hyderabad
17.369612,78.5302386,,hospital,Telangana,osm_cache:Hyderabad
17.3692696,78.5346776,,hospital,Telangana,osm_cache:Hyderabad
17.3495087,78.5128967,,hospital,Telangana,osm_cache:Hyderabad
17.3696005,78.5292421,,hospital,Telangana,osm_cache:Hyderabad
17.3295126,78.5261227,,hospital,Telangana,osm_cache:Hyderabad
17.3444401,78.529845,,hospital,Telangana,osm_cache:Hyderabad
17.3693752,78.5209313,,hospital,Telangana,osm_cache:Hyderabad
17.3665529,78.535367,,hospital,Telangana,osm_cache:Hyderabad
17.5022005,78.3129877,,hospital,Telangana,osm_cache:Hyderabad
17.3716433,78.5340057,,hospital,Telangana,osm_cache:Hyderabad
17.3681674,78.5267378,,hospital,Telangana,osm_cache:Hyderabad
17.347104,78.5213564,,hospital,Telangana,osm_cache:Hyderabad
17.3689234,78.5299851,,hospital,Telangana,osm_cache:Hyderabad
17.3334758,78.531298,,hospital,Telangana,osm_cache:Hyderabad
17.36803,78.5206215,,hospital,Telangana,osm_cache:Hyderabad
17.3694424,78.5314201,,hospital,Telangana,osm_cache:Hyderabad
17.36424,78.4275663,,hospital,Telangana,osm_cache:Hyderabad
17.3389598,78.5226278,,hospital,Telangana,osm_cache:Hyderabad
17.3697132,78.5319766,,hospital,Telangana,osm_cache:Hyderabad
17.4840637,78.4487262,,hospital,Telangana,osm_cache:Hyderabad
17.3597254,78.5448767,,hospital,Telangana,osm_cache:Hyderabad
17.344506,78.5296565,,hospital,Telangana,osm_cache:Hyderabad
17.3740649,78.5409902,,hospital,Telangana,osm_cache:Hyderabad
17.4506967,78.3640308,,hospital,Telangana,osm_cache:Hyderabad
17.4204484,78.4576003,,clinic,Telangana,osm_cache:Hyderabad
17.4481728,78.4404052,,clinic,Telangana,osm_cache:Hyderabad
17.3707739,78.5275,,hospital,Telangana,osm_cache:Hyderabad
17.3674272,78.525652,,clinic,Telangana,osm_cache:Hyderabad
17.3587987,78.5237382,,hospital,Telangana,osm_cache:Hyderabad
17.4795206,78.3208144,,clinic,Telangana,osm_cache:Hyderabad
17.3756392,78.5214543,,clinic,Telangana,osm_cache:Hyderabad
17.4329329,78.5158499,,clinic,Telangana,osm_cache:Hyderabad
17.3922555,78.4631672,,hospital,Telangana,osm_cache:Hyderabad
17.3836001,78.4700498,,doctors,Telangana,osm_cache:Hyderabad
17.3576147,78.5355768,,clinic,Telangana,osm_cache:Hyderabad
17.355084,78.4615204,,clinic,Telangana,osm_cache:Hyderabad
17.3342065,78.4698338,,hospital,Telangana,osm_cache:Hyderabad
17.3584115,78.4953082,,clinic,Telangana,osm_cache:Hyderabad
17.4060677,78.4850715,,clinic,Telangana,osm_cache:Hyderabad
17.4375378,78.4758085,,clinic,Telangana,osm_cache:Hyderabad
17.3771226,78.4681535,,clinic,Telangana,osm_cache:Hyderabad
17.385228,78.4025728,,clinic,Telangana,osm_cache:Hyderabad
17.3861047,78.5282457,,clinic,Telangana,osm_cache:Hyderabad
17.5175525,78.5129142,,clinic,Telangana,osm_cache:Hyderabad
17.4198207,78.4629862,,clinic,Telangana,osm_cache:Hyderabad
17.4200174,78.4874765,,clinic,Telangana,osm_cache:Hyderabad
17.3852587,78.4026083,,hospital,Telangana,osm_cache:Hyderabad
17.4087384,78.4067537,,clinic,Telangana,osm_cache:Hyderabad
17.4926185,78.3964245,,hospital,Telangana,osm_cache:Hyderabad
17.4464363,78.3786482,,hospital,Telangana,osm_cache:Hyderabad
17.5066316,78.3842419,,hospital,Telangana,osm_cache:Hyderabad
17.3452377,78.5276489,,hospital,Telangana,osm_cache:Hyderabad
17.469289,78.4862155,,hospital,Telangana,osm_cache:Hyderabad
17.4391832,78.4425692,,hospital,Telangana,osm_cache:Hyderabad
17.4389273,78.5060866,,hospital,Telangana,osm_cache:Hyderabad
17.3802341,78.4297081,,hospital,Telangana,osm_cache:Hyderabad
17.3658656,78.5522434,,hospital,Telangana,osm_cache:Hyderabad
17.3739165,78.5521227,,hospital,Telangana,osm_cache:Hyderabad
17.4497269,78.3672388,,hospital,Telangana,osm_cache:Hyderabad
17.3158898,78.5250874,,clinic,Telangana,osm_cache:Hyderabad
17.5254356,78.3709408,,hospital,Telangana,osm_cache:Hyderabad
17.3949495,78.4573924,,hospital,Telangana,osm_cache:Hyderabad
17.3254576,78.4787173,,clinic,Telangana,osm_cache:Hyderabad
17.3612589,78.4280745,,hospital,Telangana,osm_cache:Hyderabad
17.3985564,78.4143068,,hospital,Telangana,osm_cache:Hyderabad
17.4657813,78.5389222,,hospital,Telangana,osm_cache:Hyderabad
17.4344248,78.4897238,,clinic,Telangana,osm_cache:Hyderabad
17.3932243,78.481999,,hospital,Telangana,osm_cache:Hyderabad
17.425154,78.4366462,,clinic,Telangana,osm_cache:Hyderabad
17.4333724,78.4874345,,clinic,Telangana,osm_cache:Hyderabad
17.435904,78.4499786,,hospital,Telangana,osm_cache:Hyderabad
17.5072656,78.4788038,,hospital,Telangana,osm_cache:Hyderabad
17.3448357,78.4590373,,hospital,Telangana,osm_cache:Hyderabad
17.5246107,78.482795,,hospital,Telangana,osm_cache:Hyderabad
17.4951101,78.3706122,,hospital,Telangana,osm_cache:Hyderabad
17.4944322,78.3415653,,hospital,Telangana,osm_cache:Hyderabad
17.344755,78.5269153,,hospital,Telangana,osm_cache:Hyderabad
17.4205712,78.4416855,,hospital,Telangana,osm_cache:Hyderabad
17.5162288,78.4472376,,hospital,Telangana,osm_cache:Hyderabad
17.494321,78.3461505,,hospital,Telangana,osm_cache:Hyderabad
17.3632928,78.4284984,,hospital,Telangana,osm_cache:Hyderabad
17.3203965,78.5173801,,hospital,Telangana,osm_cache:Hyderabad
17.4366563,78.4399192,,hospital,Telangana,osm_cache:Hyderabad
17.4246755,78.433091,,hospital,Telangana,osm_cache:Hyderabad
17.4055156,78.4801617,,hospital,Telangana,osm_cache:Hyderabad
17.426232,78.5322033,,hospital,Telangana,osm_cache:Hyderabad
17.3696216,78.4273417,,hospital,Telangana,osm_cache:Hyderabad
17.5084337,78.4614305,,hospital,Telangana,osm_cache:Hyderabad
17.4448396,78.3855052,,hospital,Telangana,osm_cache:Hyderabad
17.3910435,78.4712635,,hospital,Telangana,osm_cache:Hyderabad
17.3893119,78.4422313,,hospital,Telangana,osm_cache:Hyderabad
17.4921363,78.348083,,hospital,Telangana,osm_cache:Hyderabad
17.4885611,78.3915214,,hospital,Telangana,osm_cache:Hyderabad
17.4185789,78.5179152,,hospital,Telangana,osm_cache:Hyderabad
17.3529175,78.4180733,,hospital,Telangana,osm_cache:Hyderabad
17.4620023,78.3669068,,hospital,Telangana,osm_cache:Hyderabad
17.3619565,78.4281778,,hospital,Telangana,osm_cache:Hyderabad
17.470118,78.5086575,,hospital,Telangana,osm_cache:Hyderabad
17.4183281,78.5427846,,hospital,Telangana,osm_cache:Hyderabad
17.344508,78.5484628,,hospital,Telangana,osm_cache:Hyderabad
17.4160331,78.4473536,,hospital,Telangana,osm_cache:Hyderabad
17.45558,78.4981728,,hospital,Telangana,osm_cache:Hyderabad
17.4288986,78.4398817,,hospital,Telangana,osm_cache:Hyderabad
17.4691425,78.4777518,,hospital,Telangana,osm_cache:Hyderabad
17.3985583,78.4847268,,hospital,Telangana,osm_cache:Hyderabad
17.4954081,78.3213112,,hospital,Telangana,osm_cache:Hyderabad
17.3942641,78.4307253,,hospital,Telangana,osm_cache:Hyderabad
17.3482504,78.5520463,,hospital,Telangana,osm_cache:Hyderabad
17.4887428,78.4005457,,hospital,Telangana,osm_cache:Hyderabad
17.3690962,78.5301608,,hospital,Telangana,osm_cache:Hyderabad
17.3753068,78.4295377,,hospital,Telangana,osm_cache:Hyderabad
17.3542853,78.5470426,,hospital,Telangana,osm_cache:Hyderabad
17.3984982,78.536071,,hospital,Telangana,osm_cache:Hyderabad
17.4893785,78.4008153,,hospital,Telangana,osm_cache:Hyderabad
17.4058342,78.4754223,,hospital,Telangana,osm_cache:Hyderabad
17.5064398,78.5160054,,hospital,Telangana,osm_cache:Hyderabad
17.4635323,78.4562123,,hospital,Telangana,osm_cache:Hyderabad
17.346624,78.5211218,,hospital,Telangana,osm_cache:Hyderabad
17.4161502,78.4338641,,hospital,Telangana,osm_cache:Hyderabad
17.3726148,78.5010025,,hospital,Telangana,osm_cache:Hyderabad
17.4915939,78.4096941,,hospital,Telangana,osm_cache:Hyderabad
17.4997723,78.477497,,hospital,Telangana,osm_cache:Hyderabad
17.4230318,78.5470144,,hospital,Telangana,osm_cache:Hyderabad
17.4183012,78.4582441,,hospital,Telangana,osm_cache:Hyderabad
17.4925596,78.3977428,,hospital,Telangana,osm_cache:Hyderabad
17.4947571,78.3432363,,hospital,Telangana,osm_cache:Hyderabad
17.4992274,78.3880024,,hospital,Telangana,osm_cache:Hyderabad
17.3198217,78.519841,,hospital,Telangana,osm_cache:Hyderabad
17.4955297,78.4541658,,hospital,Telangana,osm_cache:Hyderabad
17.4392005,78.4803766,,hospital,Telangana,osm_cache:Hyderabad
17.3673811,78.5358068,,hospital,Telangana,osm_cache:Hyderabad
17.4137266,78.4244857,,hospital,Telangana,osm_cache:Hyderabad
17.368126,78.530836,,hospital,Telangana,osm_cache:Hyderabad
17.3739817,78.4985831,,hospital,Telangana,osm_cache:Hyderabad
17.3458905,78.5292422,,hospital,Telangana,osm_cache:Hyderabad
17.4566496,78.4786342,,hospital,Telangana,osm_cache:Hyderabad
17.4194759,78.3715081,,hospital,Telangana,osm_cache:Hyderabad
17.4070512,78.4412871,,hospital,Telangana,osm_cache:Hyderabad
17.4910196,78.3967075,,hospital,Telangana,osm_cache:Hyderabad
17.496072,78.3452386,,hospital,Telangana,osm_cache:Hyderabad
17.490815,78.396851,,hospital,Telangana,osm_cache:Hyderabad
17.5171414,78.4449886,,hospital,Telangana,osm_cache:Hyderabad
17.5162813,78.4473006,,hospital,Telangana,osm_cache:Hyderabad
17.3722481,78.5008469,,hospital,Telangana,osm_cache:Hyderabad
17.3918869,78.4406219,,hospital,Telangana,osm_cache:Hyderabad
17.4401185,78.4236932,,hospital,Telangana,osm_cache:Hyderabad
17.4231212,78.5041971,,clinic,Telangana,osm_cache:Hyderabad
17.4150151,78.497702,,clinic,Telangana,osm_cache:Hyderabad
17.4722792,78.5170314,,hospital,Telangana,osm_cache:Hyderabad
17.3728426,78.4740262,,hospital,Telangana,osm_cache:Hyderabad
17.4562216,78.4256515,,hospital,Telangana,osm_cache:Hyderabad
17.3568423,78.4738019,,hospital,Telangana,osm_cache:Hyderabad
17.43034,78.4370834,,hospital,Telangana,osm_cache:Hyderabad
17.4711388,78.5078877,,hospital,Telangana,osm_cache:Hyderabad
17.3455135,78.5081814,,hospital,Telangana,osm_cache:Hyderabad
17.4963994,78.4523928,,hospital,Telangana,osm_cache:Hyderabad
17.3316717,78.5336658,,hospital,Telangana,osm_cache:Hyderabad
17.4953327,78.3461183,,hospital,Telangana,osm_cache:Hyderabad
17.3944702,78.4889225,,hospital,Telangana,osm_cache:Hyderabad
17.3929299,78.4797553,,hospital,Telangana,osm_cache:Hyderabad
17.4300284,78.3742265,,hospital,Telangana,osm_cache:Hyderabad
17.5051697,78.5071749,,hospital,Telangana,osm_cache:Hyderabad
17.3678054,78.5496034,,hospital,Telangana,osm_cache:Hyderabad
17.4074076,78.4428254,,hospital,Telangana,osm_cache:Hyderabad
17.3690898,78.5224923,,hospital,Telangana,osm_cache:Hyderabad
17.3369525,78.5507843,,hospital,Telangana,osm_cache:Hyderabad
17.3893491,78.4734696,,hospital,Telangana,osm_cache:Hyderabad
17.4186403,78.5420912,,hospital,Telangana,osm_cache:Hyderabad
17.3696696,78.5142714,,hospital,Telangana,osm_cache:Hyderabad
17.3636771,78.5262294,,clinic,Telangana,osm_cache:Hyderabad
17.4216119,78.5427439,,clinic,Telangana,osm_cache:Hyderabad
17.385132,78.482281,,hospital,Telangana,osm_cache:Hyderabad
17.3871158,78.3549026,,clinic,Telangana,osm_cache:Hyderabad
17.4250888,78.5149145,,clinic,Telangana,osm_cache:Hyderabad
17.4223532,78.5167156,,clinic,Telangana,osm_cache:Hyderabad
17.3774807,78.4996403,,hospital,Telangana,osm_cache:Hyderabad
17.3429186,78.541484,,hospital,Telangana,osm_cache:Hyderabad
17.3911402,78.4803374,,clinic,Telangana,osm_cache:Hyderabad
17.442029,78.440725,,hospital,Telangana,osm_cache:Hyderabad
17.465443,78.426262,,clinic,Telangana,osm_cache:Hyderabad
17.4602725,78.4524033,,clinic,Telangana,osm_cache:Hyderabad
17.4415056,78.4471316,,clinic,Telangana,osm_cache:Hyderabad
17.4279239,78.3240814,,hospital,Telangana,osm_cache:Hyderabad
17.453041,78.435139,,doctors,Telangana,osm_cache:Hyderabad
17.54381,78.4385,,clinic,Telangana,osm_cache:Hyderabad
17.469497,78.426848,,doctors,Telangana,osm_cache:Hyderabad
17.488394,78.39696,,hospital,Telangana,osm_cache:Hyderabad
17.43393,78.446511,,doctors,Telangana,osm_cache:Hyderabad
17.4699379,78.4236187,,clinic,Telangana,osm_cache:Hyderabad
17.5198207,78.4427883,,hospital,Telangana,osm_cache:Hyderabad
17.491559,78.397306,,clinic,Telangana,osm_cache:Hyderabad
17.441679,78.439124,,clinic,Telangana,osm_cache:Hyderabad
17.4404574,78.437611,,clinic,Telangana,osm_cache:Hyderabad
17.4621913,78.4944027,,clinic,Telangana,osm_cache:Hyderabad
17.468492,78.4576658,,hospital,Telangana,osm_cache:Hyderabad
17.46925,78.422557,,clinic,Telangana,osm_cache:Hyderabad
17.4423064,78.4416463,,clinic,Telangana,osm_cache:Hyderabad
17.4396884,78.4415834,,clinic,Telangana,osm_cache:Hyderabad
17.463224,78.452527,,clinic,Telangana,osm_cache:Hyderabad
17.4663588,78.4828594,,clinic,Telangana,osm_cache:Hyderabad
17.539151,78.433749,,hospital,Telangana,osm_cache:Hyderabad
17.372487,78.522991,,hospital,Telangana,osm_cache:Hyderabad
17.360911,78.389319,,hospital,Telangana,osm_cache:Hyderabad
17.382415,78.493979,,clinic,Telangana,osm_cache:Hyderabad
17.354892,78.532407,,hospital,Telangana,osm_cache:Hyderabad
17.367644,78.529654,,hospital,Telangana,osm_cache:Hyderabad
17.4761454,78.48185,,clinic,Telangana,osm_cache:Hyderabad
17.5121776,78.4458086,,doctors,Telangana,osm_cache:Hyderabad
17.4691859,78.4224565,,clinic,Telangana,osm_cache:Hyderabad
17.4640779,78.4271526,,doctors,Telangana,osm_cache:Hyderabad
17.465376,78.426401,,doctors,Telangana,osm_cache:Hyderabad
17.4003659,78.3894309,,hospital,Telangana,osm_cache:Hyderabad
17.490372,78.396727,,clinic,Telangana,osm_cache:Hyderabad
17.4012253,78.4124091,,hospital,Telangana,osm_cache:Hyderabad
17.440313,78.439689,,clinic,Telangana,osm_cache:Hyderabad
17.4329564,78.4461388,,hospital,Telangana,osm_cache:Hyderabad
17.469277,78.428507,,clinic,Telangana,osm_cache:Hyderabad
17.464091,78.450924,,clinic,Telangana,osm_cache:Hyderabad
17.493087,78.4096964,,hospital,Telangana,osm_cache:Hyderabad
17.436565,78.437023,,clinic,Telangana,osm_cache:Hyderabad
17.492517,78.451227,,hospital,Telangana,osm_cache:Hyderabad
17.471356,78.419528,,clinic,Telangana,osm_cache:Hyderabad
17.4390991,78.4356998,,clinic,Telangana,osm_cache:Hyderabad
17.46584,78.455612,,clinic,Telangana,osm_cache:Hyderabad
17.4694418,78.4256774,,hospital,Telangana,osm_cache:Hyderabad
17.541008,78.487135,,clinic,Telangana,osm_cache:Hyderabad
17.465609,78.426565,,clinic,Telangana,osm_cache:Hyderabad
17.4277736,78.4573355,,hospital,Telangana,osm_cache:Hyderabad
17.43931,78.436959,,clinic,Telangana,osm_cache:Hyderabad
17.444195,78.432709,,doctors,Telangana,osm_cache:Hyderabad
17.4694428,78.4223768,,doctors,Telangana,osm_cache:Hyderabad
17.393183,78.478429,,doctors,Telangana,osm_cache:Hyderabad
17.4374808,78.4402092,,clinic,Telangana,osm_cache:Hyderabad
17.4640958,78.4511972,,doctors,Telangana,osm_cache:Hyderabad
17.4889369,78.4006671,,hospital,Telangana,osm_cache:Hyderabad
17.4559294,78.4325983,,clinic,Telangana,osm_cache:Hyderabad
17.4958036,78.4524391,,hospital,Telangana,osm_cache:Hyderabad
17.4985836,78.3946958,,clinic,Telangana,osm_cache:Hyderabad
17.5417588,78.4385404,,clinic,Telangana,osm_cache:Hyderabad
17.5314158,78.4875009,,hospital,Telangana,osm_cache:Hyderabad
17.442545,78.439358,,clinic,Telangana,osm_cache:Hyderabad
17.4092386,78.4007023,,hospital,Telangana,osm_cache:Hyderabad
17.4933988,78.3979717,,hospital,Telangana,osm_cache:Hyderabad
17.4897154,78.3960653,,clinic,Telangana,osm_cache:Hyderabad
17.441249,78.433697,,clinic,Telangana,osm_cache:Hyderabad
17.431901,78.446376,,clinic,Telangana,osm_cache:Hyderabad
17.5320227,78.4444551,,clinic,Telangana,osm_cache:Hyderabad
17.5398397,78.4363341,,clinic,Telangana,osm_cache:Hyderabad
17.3353686,78.531138,,clinic,Telangana,osm_cache:Hyderabad
17.541046,78.486899,,clinic,Telangana,osm_cache:Hyderabad
17.448598,78.431923,,clinic,Telangana,osm_cache:Hyderabad
17.434387,78.445899,,clinic,Telangana,osm_cache:Hyderabad
17.4435305,78.4344642,,clinic,Telangana,osm_cache:Hyderabad
17.4737889,78.4244689,,clinic,Telangana,osm_cache:Hyderabad
17.322434,78.4801,,hospital,Telangana,osm_cache:Hyderabad
17.4452339,78.4617537,,hospital,Telangana,osm_cache:Hyderabad
17.5330429,78.4823216,,clinic,Telangana,osm_cache:Hyderabad
17.464445,78.4507616,,doctors,Telangana,osm_cache:Hyderabad
17.487407,78.3958558,,clinic,Telangana,osm_cache:Hyderabad
17.3554702,78.4636083,,hospital,Telangana,osm_cache:Hyderabad
17.4447512,78.3884762,,doctors,Telangana,osm_cache:Hyderabad
17.3222518,78.4307242,,hospital,Telangana,osm_cache:Hyderabad
17.441395,78.440081,,doctors,Telangana,osm_cache:Hyderabad
17.495967,78.337188,,clinic,Telangana,osm_cache:Hyderabad
17.4694346,78.4225055,,clinic,Telangana,osm_cache:Hyderabad
17.517046,78.480475,,hospital,Telangana,osm_cache:Hyderabad
17.441912,78.440181,,clinic,Telangana,osm_cache:Hyderabad
17.4393315,78.4418317,,clinic,Telangana,osm_cache:Hyderabad
17.3223098,78.4305647,,hospital,Telangana,osm_cache:Hyderabad
17.4641198,78.4510823,,clinic,Telangana,osm_cache:Hyderabad
17.473479,78.421673,,hospital,Telangana,osm_cache:Hyderabad
17.3921804,78.4264492,,hospital,Telangana,osm_cache:Hyderabad
17.3988756,78.4117886,,clinic,Telangana,osm_cache:Hyderabad
17.432594,78.4275652,,clinic,Telangana,osm_cache:Hyderabad
17.485089,78.3988909,,clinic,Telangana,osm_cache:Hyderabad
17.4691677,78.4275318,,hospital,Telangana,osm_cache:Hyderabad
17.4956577,78.4532466,,hospital,Telangana,osm_cache:Hyderabad
17.443615,78.434617,,hospital,Telangana,osm_cache:Hyderabad
17.3957352,78.4175241,,hospital,Telangana,osm_cache:Hyderabad
17.3058624,78.4683878,,hospital,Telangana,osm_cache:Hyderabad
17.4795083,78.3202454,,hospital,Telangana,osm_cache:Hyderabad
17.440549,78.438926,,clinic,Telangana,osm_cache:Hyderabad
17.4003589,78.382573,,hospital,Telangana,osm_cache:Hyderabad
17.4642455,78.4571122,,hospital,Telangana,osm_cache:Hyderabad
17.4641501,78.4508102,,clinic,Telangana,osm_cache:Hyderabad
17.544922,78.43828,,clinic,Telangana,osm_cache:Hyderabad
17.465501,78.42678,,clinic,Telangana,osm_cache:Hyderabad
17.4470116,78.4447795,,clinic,Telangana,osm_cache:Hyderabad
17.444216,78.43276,,doctors,Telangana,osm_cache:Hyderabad
17.543254,78.438315,,clinic,Telangana,osm_cache:Hyderabad
17.395099,78.480103,,doctors,Telangana,osm_cache:Hyderabad
17.4648154,78.4499912,,clinic,Telangana,osm_cache:Hyderabad
17.4902119,78.3963174,,doctors,Telangana,osm_cache:Hyderabad
17.465682,78.426367,,clinic,Telangana,osm_cache:Hyderabad
17.4695091,78.4262837,,clinic,Telangana,osm_cache:Hyderabad
17.5160299,78.3819324,,hospital,Telangana,osm_cache:Hyderabad
17.432609,78.446198,,clinic,Telangana,osm_cache:Hyderabad
17.514435,78.447485,,clinic,Telangana,osm_cache:Hyderabad
17.493197,78.398115,,clinic,Telangana,osm_cache:Hyderabad
17.4934982,78.3209211,,hospital,Telangana,osm_cache:Hyderabad
17.4180959,78.4999369,,doctors,Telangana,osm_cache:Hyderabad
17.3659362,78.5255259,,hospital,Telangana,osm_cache:Hyderabad
17.526613,78.4824036,,clinic,Telangana,osm_cache:Hyderabad
17.4942384,78.3995332,,hospital,Telangana,osm_cache:Hyderabad
17.471554,78.537548,,clinic,Telangana,osm_cache:Hyderabad
17.4944955,78.3296853,,hospital,Telangana,osm_cache:Hyderabad
17.4406799,78.3634989,,clinic,Telangana,osm_cache:Hyderabad
17.3732371,78.446451,,hospital,Telangana,osm_cache:Hyderabad
17.4509475,78.4235564,,hospital,Telangana,osm_cache:Hyderabad
17.4546149,78.4200095,,hospital,Telangana,osm_cache:Hyderabad
17.3953666,78.4544152,,hospital,Telangana,osm_cache:Hyderabad
17.4659669,78.3678073,,hospital,Telangana,osm_cache:Hyderabad
17.5028997,78.3887517,,hospital,Telangana,osm_cache:Hyderabad
17.5029831,78.3887796,,hospital,Telangana,osm_cache:Hyderabad
17.4234633,78.5478069,,hospital,Telangana,osm_cache:Hyderabad
17.3745451,78.5455972,,hospital,Telangana,osm_cache:Hyderabad
17.4787553,78.4816433,,hospital,Telangana,osm_cache:Hyderabad
17.4594547,78.3659801,,hospital,Telangana,osm_cache:Hyderabad
17.4360987,78.4412212,,clinic,Telangana,osm_cache:Hyderabad
17.4947985,78.3402527,,hospital,Telangana,osm_cache:Hyderabad
17.5035172,78.4156543,,hospital,Telangana,osm_cache:Hyderabad
17.4438542,78.3859419,,clinic,Telangana,osm_cache:Hyderabad
17.4511935,78.3858327,,clinic,Telangana,osm_cache:Hyderabad
17.4430962,78.3918626,,clinic,Telangana,osm_cache:Hyderabad
17.449309,78.3855162,,clinic,Telangana,osm_cache:Hyderabad
17.4406949,78.3943588,,hospital,Telangana,osm_cache:Hyderabad
17.44582,78.3924173,,hospital,Telangana,osm_cache:Hyderabad
17.4487951,78.3921706,,clinic,Telangana,osm_cache:Hyderabad
17.4413783,78.3880897,,hospital,Telangana,osm_cache:Hyderabad
17.3290827,78.4276336,,hospital,Telangana,osm_cache:Hyderabad
17.421687,78.4525812,,clinic,Telangana,osm_cache:Hyderabad
17.4366221,78.4457432,,hospital,Telangana,osm_cache:Hyderabad
17.403175,78.3899818,,clinic,Telangana,osm_cache:Hyderabad
17.4947296,78.341244,,hospital,Telangana,osm_cache:Hyderabad
17.4873202,78.3960641,,clinic,Telangana,osm_cache:Hyderabad
17.5019507,78.415981,,clinic,Telangana,osm_cache:Hyderabad
17.3685916,78.5187388,,hospital,Telangana,osm_cache:Hyderabad
17.4103807,78.4640961,,hospital,Telangana,osm_cache:Hyderabad
17.5422595,78.474491,,hospital,Telangana,osm_cache:Hyderabad
17.4176317,78.5095004,,doctors,Telangana,osm_cache:Hyderabad
17.4625304,78.3665492,,clinic,Telangana,osm_cache:Hyderabad
17.4623813,78.3663888,,clinic,Telangana,osm_cache:Hyderabad
17.493937,78.351628,,hospital,Telangana,osm_cache:Hyderabad
17.394532,78.4352772,,hospital,Telangana,osm_cache:Hyderabad
17.3946261,78.4384798,,hospital,Telangana,osm_cache:Hyderabad
17.5008159,78.4160561,,clinic,Telangana,osm_cache:Hyderabad
17.4866535,78.3912724,,hospital,Telangana,osm_cache:Hyderabad
17.3753441,78.5394986,,clinic,Telangana,osm_cache:Hyderabad
17.397386,78.4294337,,hospital,Telangana,osm_cache:Hyderabad
17.395649,78.3771932,,clinic,Telangana,osm_cache:Hyderabad
17.3952113,78.3729247,,clinic,Telangana,osm_cache:Hyderabad
17.4733858,78.5143242,,clinic,Telangana,osm_cache:Hyderabad
17.4998649,78.4089739,,clinic,Telangana,osm_cache:Hyderabad
17.3606803,78.5447518,,clinic,Telangana,osm_cache:Hyderabad
17.51644,78.445742,,hospital,Telangana,osm_cache:Hyderabad
17.4998816,78.3574735,,hospital,Telangana,osm_cache:Hyderabad
17.3591366,78.4945773,,hospital,Telangana,osm_cache:Hyderabad
17.4004152,78.4634462,,clinic,Telangana,osm_cache:Hyderabad
17.4044163,78.4838359,,hospital,Telangana,osm_cache:Hyderabad
17.4492625,78.4473693,,hospital,Telangana,osm_cache:Hyderabad
17.493969,78.513036,,hospital,Telangana,osm_cache:Hyderabad
17.4591866,78.5007832,,hospital,Telangana,osm_cache:Hyderabad
17.4376777,78.5220997,,hospital,Telangana,osm_cache:Hyderabad
17.3088672,78.4942526,,hospital,Telangana,osm_cache:Hyderabad
17.3713436,78.5018929,,hospital,Telangana,osm_cache:Hyderabad
17.4402772,78.4975865,,hospital,Telangana,osm_cache:Hyderabad
17.5301238,78.39415,,clinic,Telangana,osm_cache:Hyderabad
17.4030446,78.5096907,,clinic,Telangana,osm_cache:Hyderabad
17.4961631,78.3971193,,clinic,Telangana,osm_cache:Hyderabad
17.429555,78.4316903,,clinic,Telangana,osm_cache:Hyderabad
17.5149211,78.3975763,,hospital,Telangana,osm_cache:Hyderabad
17.518463,78.3968731,,hospital,Telangana,osm_cache:Hyderabad
17.5361942,78.4362911,,hospital,Telangana,osm_cache:Hyderabad
17.5181688,78.3961112,,clinic,Telangana,osm_cache:Hyderabad
17.5070065,78.395168,,hospital,Telangana,osm_cache:Hyderabad
17.3914914,78.5113902,,hospital,Telangana,osm_cache:Hyderabad
17.3935058,78.5106935,,clinic,Telangana,osm_cache:Hyderabad
17.3622482,78.422642,,clinic,Telangana,osm_cache:Hyderabad
17.498279,78.3146178,,hospital,Telangana,osm_cache:Hyderabad
17.4943209,78.3168615,,hospital,Telangana,osm_cache:Hyderabad
17.3988443,78.3652937,,hospital,Telangana,osm_cache:Hyderabad
17.3987165,78.3653,,hospital,Telangana,osm_cache:Hyderabad
17.4940216,78.3227858,,hospital,Telangana,osm_cache:Hyderabad
17.4446234,78.384659,,hospital,Telangana,osm_cache:Hyderabad
17.4554623,78.3720097,,hospital,Telangana,osm_cache:Hyderabad
17.3641376,78.3947106,,hospital,Telangana,osm_cache:Hyderabad
17.4940229,78.3470745,,hospital,Telangana,osm_cache:Hyderabad
17.4121129,78.4229918,,hospital,Telangana,osm_cache:Hyderabad
17.3138528,78.5084604,,hospital,Telangana,osm_cache:Hyderabad
17.4644176,78.3682452,,hospital,Telangana,osm_cache:Hyderabad
17.3401158,78.52185,,hospital,Telangana,osm_cache:Hyderabad
17.3188282,78.4816034,,clinic,Telangana,osm_cache:Hyderabad
17.393868,78.5226426,,hospital,Telangana,osm_cache:Hyderabad
17.3902616,78.495225,,hospital,Telangana,osm_cache:Hyderabad
17.3845228,78.4820151,,hospital,Telangana,osm_cache:Hyderabad
17.4753103,78.4857756,,hospital,Telangana,osm_cache:Hyderabad
17.4416653,78.4860599,,hospital,Telangana,osm_cache:Hyderabad
17.4109164,78.432519,,hospital,Telangana,osm_cache:Hyderabad
17.4041507,78.479872,,hospital,Telangana,osm_cache:Hyderabad
17.4419494,78.4899303,,hospital,Telangana,osm_cache:Hyderabad
17.4444622,78.5048595,,hospital,Telangana,osm_cache:Hyderabad
17.4473703,78.5035922,,doctors,Telangana,osm_cache:Hyderabad
17.4263881,78.4204343,,hospital,Telangana,osm_cache:Hyderabad
17.3632288,78.5449317,,hospital,Telangana,osm_cache:Hyderabad
17.438752,78.4505019,,hospital,Telangana,osm_cache:Hyderabad
17.4102165,78.461228,,hospital,Telangana,osm_cache:Hyderabad
17.4507108,78.3631503,,hospital,Telangana,osm_cache:Hyderabad
17.3535608,78.4745425,,hospital,Telangana,osm_cache:Hyderabad
17.3794943,78.4105142,,doctors,Telangana,osm_cache:Hyderabad
17.3730487,78.4838444,,hospital,Telangana,osm_cache:Hyderabad
17.4535446,78.4206489,,hospital,Telangana,osm_cache:Hyderabad
17.3867056,78.4950359,,hospital,Telangana,osm_cache:Hyderabad
17.4401505,78.4936257,,hospital,Telangana,osm_cache:Hyderabad
17.4272659,78.4143269,,hospital,Telangana,osm_cache:Hyderabad
17.5385472,78.3574721,,hospital,Telangana,osm_cache:Hyderabad
17.4853838,78.4109567,,hospital,Telangana,osm_cache:Hyderabad
17.4557195,78.4992805,,hospital,Telangana,osm_cache:Hyderabad
17.4855041,78.3908053,,hospital,Telangana,osm_cache:Hyderabad
17.48884,78.4083858,,hospital,Telangana,osm_cache:Hyderabad
17.4908668,78.3970173,,hospital,Telangana,osm_cache:Hyderabad
17.4869463,78.3994145,,hospital,Telangana,osm_cache:Hyderabad
17.444713,78.4691593,,hospital,Telangana,osm_cache:Hyderabad
17.5057005,78.4670243,,hospital,Telangana,osm_cache:Hyderabad
17.3582035,78.5444422,,hospital,Telangana,osm_cache:Hyderabad
17.4957164,78.4525108,,hospital,Telangana,osm_cache:Hyderabad
17.4919994,78.3972386,,hospital,Telangana,osm_cache:Hyderabad
17.4928129,78.397999,,hospital,Telangana,osm_cache:Hyderabad
17.4881237,78.3949721,,hospital,Telangana,osm_cache:Hyderabad
17.5380971,78.3638048,,hospital,Telangana,osm_cache:Hyderabad
17.4951229,78.3574077,,hospital,Telangana,osm_cache:Hyderabad
17.5079988,78.5022081,,hospital,Telangana,osm_cache:Hyderabad
17.4847174,78.4129804,,hospital,Telangana,osm_cache:Hyderabad
17.4829023,78.4134217,,hospital,Telangana,osm_cache:Hyderabad
17.5281685,78.3625871,,hospital,Telangana,osm_cache:Hyderabad
17.4274056,78.4321671,,hospital,Telangana,osm_cache:Hyderabad
17.4343506,78.4882962,,clinic,Telangana,osm_cache:Hyderabad
17.4452155,78.4324096,,hospital,Telangana,osm_cache:Hyderabad
17.4472339,78.4326449,,hospital,Telangana,osm_cache:Hyderabad
17.4410576,78.4492145,,clinic,Telangana,osm_cache:Hyderabad
17.4475965,78.5089418,,hospital,Telangana,osm_cache:Hyderabad
17.491684,78.3973849,,clinic,Telangana,osm_cache:Hyderabad
17.4801489,78.5121788,,hospital,Telangana,osm_cache:Hyderabad
17.4940583,78.3212245,,hospital,Telangana,osm_cache:Hyderabad
17.5026194,78.4207649,,hospital,Telangana,osm_cache:Hyderabad
17.3646406,78.4286144,,hospital,Telangana,osm_cache:Hyderabad
17.5169514,78.4376703,,clinic,Telangana,osm_cache:Hyderabad
17.5187323,78.4357834,,clinic,Telangana,osm_cache:Hyderabad
17.517131,78.4377964,,clinic,Telangana,osm_cache:Hyderabad
17.516573,78.4381809,,clinic,Telangana,osm_cache:Hyderabad
17.5134563,78.4419843,,clinic,Telangana,osm_cache:Hyderabad
17.5182343,78.4361548,,clinic,Telangana,osm_cache:Hyderabad
17.5134257,78.4258424,,clinic,Telangana,osm_cache:Hyderabad
17.5135662,78.4260851,,clinic,Telangana,osm_cache:Hyderabad
17.4287042,78.5182344,,hospital,Telangana,osm_cache:Hyderabad
17.5020423,78.3889444,,hospital,Telangana,osm_cache:Hyderabad
17.519355,78.4436707,,clinic,Telangana,osm_cache:Hyderabad
17.470054,78.4782916,,doctors,Telangana,osm_cache:Hyderabad
17.4241607,78.5252336,,clinic,Telangana,osm_cache:Hyderabad
17.4434504,78.5461318,,hospital,Telangana,osm_cache:Hyderabad
17.3759689,78.4973599,,hospital,Telangana,osm_cache:Hyderabad
17.3836203,78.4292848,,hospital,Telangana,osm_cache:Hyderabad
17.3932979,78.4261156,,hospital,Telangana,osm_cache:Hyderabad
17.4605484,78.3547514,,hospital,Telangana,osm_cache:Hyderabad
17.4359366,78.5426952,,hospital,Telangana,osm_cache:Hyderabad
17.3607193,78.4408817,,hospital,Telangana,osm_cache:Hyderabad
17.4146159,78.4539247,,hospital,Telangana,osm_cache:Hyderabad
17.3770917,78.4479994,,clinic,Telangana,osm_cache:Hyderabad
17.4310175,78.3716983,,hospital,Telangana,osm_cache:Hyderabad
17.362556,78.5224832,,hospital,Telangana,osm_cache:Hyderabad
17.350229,78.4928705,,clinic,Telangana,osm_cache:Hyderabad
17.3918203,78.5034232,,clinic,Telangana,osm_cache:Hyderabad
17.3185122,78.4516858,,clinic,Telangana,osm_cache:Hyderabad
17.3726544,78.4988125,,doctors,Telangana,osm_cache:Hyderabad
17.4388301,78.54187,,hospital,Telangana,osm_cache:Hyderabad
17.4802117,78.5114615,,clinic,Telangana,osm_cache:Hyderabad
17.3923182,78.4624848,,hospital,Telangana,osm_cache:Hyderabad
17.433858,78.5229604,,doctors,Telangana,osm_cache:Hyderabad
17.4946616,78.3988543,,clinic,Telangana,osm_cache:Hyderabad
17.4362942,78.4883948,,clinic,Telangana,osm_cache:Hyderabad
17.3558969,78.4616853,,clinic,Telangana,osm_cache:Hyderabad
17.5183467,78.436038,,clinic,Telangana,osm_cache:Hyderabad
17.3473818,78.5165311,,doctors,Telangana,osm_cache:Hyderabad
17.37514,78.4704535,,clinic,Telangana,osm_cache:Hyderabad
17.3756469,78.4377868,,doctors,Telangana,osm_cache:Hyderabad
17.4294258,78.4128852,,clinic,Telangana,osm_cache:Hyderabad
17.4431993,78.521531,,clinic,Telangana,osm_cache:Hyderabad
17.3921953,78.5178213,,hospital,Telangana,osm_cache:Hyderabad
17.4445006,78.5324286,,clinic,Telangana,osm_cache:Hyderabad
17.3826702,78.4895569,,doctors,Telangana,osm_cache:Hyderabad
17.3700946,78.4553151,,clinic,Telangana,osm_cache:Hyderabad
17.5062095,78.5051076,,doctors,Telangana,osm_cache:Hyderabad
17.3631392,78.4772287,,clinic,Telangana,osm_cache:Hyderabad
17.3414205,78.4737962,,clinic,Telangana,osm_cache:Hyderabad
17.3670329,78.5242157,,clinic,Telangana,osm_cache:Hyderabad
17.4761785,78.3582269,,clinic,Telangana,osm_cache:Hyderabad
17.4570001,78.3993991,,clinic,Telangana,osm_cache:Hyderabad
17.4372081,78.4765585,,clinic,Telangana,osm_cache:Hyderabad
17.4273299,78.4992443,,clinic,Telangana,osm_cache:Hyderabad
17.4835981,78.3870904,,clinic,Telangana,osm_cache:Hyderabad
17.3639026,78.459544,,clinic,Telangana,osm_cache:Hyderabad
17.4207555,78.4986489,,clinic,Telangana,osm_cache:Hyderabad
17.4231539,78.497113,,doctors,Telangana,osm_cache:Hyderabad
17.4302213,78.5107232,,clinic,Telangana,osm_cache:Hyderabad
17.4265349,78.5192979,,hospital,Telangana,osm_cache:Hyderabad
17.4340992,78.523223,,clinic,Telangana,osm_cache:Hyderabad
17.4214334,78.5115295,,clinic,Telangana,osm_cache:Hyderabad
17.4284047,78.4979703,,clinic,Telangana,osm_cache:Hyderabad
17.4137227,78.4911923,,hospital,Telangana,osm_cache:Hyderabad
17.4328626,78.4871744,,clinic,Telangana,osm_cache:Hyderabad
17.4146415,78.4981553,,clinic,Telangana,osm_cache:Hyderabad
17.4439108,78.5213253,,clinic,Telangana,osm_cache:Hyderabad
17.4348048,78.4901328,,clinic,Telangana,osm_cache:Hyderabad
17.4504805,78.5321201,,hospital,Telangana,osm_cache:Hyderabad
17.434364,78.5015624,,doctors,Telangana,osm_cache:Hyderabad
17.3589331,78.5482965,,clinic,Telangana,osm_cache:Hyderabad
17.3979133,78.5310178,,hospital,Telangana,osm_cache:Hyderabad
17.4571819,78.5310394,,clinic,Telangana,osm_cache:Hyderabad
17.4578291,78.5376106,,clinic,Telangana,osm_cache:Hyderabad
17.4448127,78.4219109,,hospital,Telangana,osm_cache:Hyderabad
17.4395184,78.4239332,,doctors,Telangana,osm_cache:Hyderabad
17.4485486,78.4248854,,hospital,Telangana,osm_cache:Hyderabad
17.449219,78.4230964,,clinic,Telangana,osm_cache:Hyderabad
17.4979765,78.4622633,,clinic,Telangana,osm_cache:Hyderabad
17.4087397,78.5026775,,doctors,Telangana,osm_cache:Hyderabad
17.5063246,78.5042332,,clinic,Telangana,osm_cache:Hyderabad
17.3973016,78.3354498,,doctors,Telangana,osm_cache:Hyderabad
17.4163843,78.3926882,,clinic,Telangana,osm_cache:Hyderabad
17.4254925,78.4359361,,clinic,Telangana,osm_cache:Hyderabad
17.4138251,78.4396832,,clinic,Telangana,osm_cache:Hyderabad
17.4163204,78.4084757,,clinic,Telangana,osm_cache:Hyderabad
17.3511632,78.3777858,,clinic,Telangana,osm_cache:Hyderabad
17.3473229,78.5081519,,doctors,Telangana,osm_cache:Hyderabad
17.5396853,78.4375187,,clinic,Telangana,osm_cache:Hyderabad
17.3984329,78.4614037,,clinic,Telangana,osm_cache:Hyderabad
17.3273676,78.5213269,,clinic,Telangana,osm_cache:Hyderabad
17.4317717,78.4455728,,hospital,Telangana,osm_cache:Hyderabad
17.4319921,78.446036,,clinic,Telangana,osm_cache:Hyderabad
17.4314966,78.4473474,,hospital,Telangana,osm_cache:Hyderabad
17.4302495,78.4487075,,hospital,Telangana,osm_cache:Hyderabad
17.3578067,78.4986596,,clinic,Telangana,osm_cache:Hyderabad
17.3639917,78.49631,,clinic,Telangana,osm_cache:Hyderabad
17.3730794,78.4901865,,clinic,Telangana,osm_cache:Hyderabad
17.3849593,78.4891351,,clinic,Telangana,osm_cache:Hyderabad
17.3771853,78.4894301,,clinic,Telangana,osm_cache:Hyderabad
17.3816956,78.4885825,,clinic,Telangana,osm_cache:Hyderabad
17.3540126,78.5314657,,doctors,Telangana,osm_cache:Hyderabad
17.358992,78.5244222,,clinic,Telangana,osm_cache:Hyderabad
17.3642323,78.5378413,,clinic,Telangana,osm_cache:Hyderabad
17.3656326,78.4855731,,clinic,Telangana,osm_cache:Hyderabad
17.3574611,78.4871985,,clinic,Telangana,osm_cache:Hyderabad
17.3707883,78.4810616,,clinic,Telangana,osm_cache:Hyderabad
17.3739753,78.4832744,,clinic,Telangana,osm_cache:Hyderabad
17.3594784,78.4852226,,clinic,Telangana,osm_cache:Hyderabad
17.3881947,78.4644909,,clinic,Telangana,osm_cache:Hyderabad
17.3814192,78.4676747,,clinic,Telangana,osm_cache:Hyderabad
17.4686391,78.5406442,,clinic,Telangana,osm_cache:Hyderabad
17.4563251,78.4424116,,clinic,Telangana,osm_cache:Hyderabad
17.4566753,78.4115501,,hospital,Telangana,osm_cache:Hyderabad
17.4564341,78.4103806,,hospital,Telangana,osm_cache:Hyderabad
17.3934464,78.5365962,,hospital,Telangana,osm_cache:Hyderabad
17.424595,78.4566843,,clinic,Telangana,osm_cache:Hyderabad
17.337349,78.4680874,,hospital,Telangana,osm_cache:Hyderabad
17.3677496,78.5426995,,clinic,Telangana,osm_cache:Hyderabad
17.4019228,78.5101448,,clinic,Telangana,osm_cache:Hyderabad
17.4750817,78.5513048,,clinic,Telangana,osm_cache:Hyderabad
17.4754793,78.5514064,,clinic,Telangana,osm_cache:Hyderabad
17.3668254,78.4622663,,doctors,Telangana,osm_cache:Hyderabad
17.4915484,78.3910656,,hospital,Telangana,osm_cache:Hyderabad
17.4117422,78.4595945,,doctors,Telangana,osm_cache:Hyderabad
17.4364246,78.3675806,,hospital,Telangana,osm_cache:Hyderabad
17.4771569,78.4204028,,hospital,Telangana,osm_cache:Hyderabad
17.4622687,78.384176,,hospital,Telangana,osm_cache:Hyderabad
17.4538625,78.421752,,hospital,Telangana,osm_cache:Hyderabad
17.4010563,78.4555965,,clinic,Telangana,osm_cache:Hyderabad
17.5008159,78.4577277,,clinic,Telangana,osm_cache:Hyderabad
17.3097376,78.4869005,,clinic,Telangana,osm_cache:Hyderabad
17.3841667,78.4562354,,hospital,Telangana,osm_cache:Hyderabad
17.4062163,78.4368087,,clinic,Telangana,osm_cache:Hyderabad
17.3388251,78.4594635,,clinic,Telangana,osm_cache:Hyderabad
17.3378976,78.4855397,,clinic,Telangana,osm_cache:Hyderabad
17.4577166,78.4023645,,clinic,Telangana,osm_cache:Hyderabad
17.3479535,78.4771227,,clinic,Telangana,osm_cache:Hyderabad
17.3518841,78.459918,,clinic,Telangana,osm_cache:Hyderabad
17.3916885,78.4989544,,clinic,Telangana,osm_cache:Hyderabad
17.4806758,78.4198371,,clinic,Telangana,osm_cache:Hyderabad
17.4633289,78.352915,,doctors,Telangana,osm_cache:Hyderabad
17.386034,78.4596586,,clinic,Telangana,osm_cache:Hyderabad
17.3576473,78.4620031,,clinic,Telangana,osm_cache:Hyderabad
17.3336415,78.4295286,,clinic,Telangana,osm_cache:Hyderabad
17.4550307,78.4112509,,clinic,Telangana,osm_cache:Hyderabad
17.5011464,78.3851614,,clinic,Telangana,osm_cache:Hyderabad
17.4973462,78.4230078,,clinic,Telangana,osm_cache:Hyderabad
17.4412713,78.4487486,,doctors,Telangana,osm_cache:Hyderabad
17.3539344,78.4558855,,clinic,Telangana,osm_cache:Hyderabad
17.4487092,78.4338427,,hospital,Telangana,osm_cache:Hyderabad
17.3618702,78.465631,,clinic,Telangana,osm_cache:Hyderabad
17.3203486,78.4018045,,hospital,Telangana,osm_cache:Hyderabad
17.390049,78.4811485,,clinic,Telangana,osm_cache:Hyderabad
17.3144808,78.4831721,,hospital,Telangana,osm_cache:Hyderabad
17.3986812,78.4610376,,hospital,Telangana,osm_cache:Hyderabad
17.392011,78.4631951,,doctors,Telangana,osm_cache:Hyderabad
17.3960012,78.5166568,,clinic,Telangana,osm_cache:Hyderabad
17.3975018,78.4293977,,hospital,Telangana,osm_cache:Hyderabad
17.4087162,78.4861473,,clinic,Telangana,osm_cache:Hyderabad
17.4454284,78.434959,,hospital,Telangana,osm_cache:Hyderabad
17.3276718,78.4800924,,clinic,Telangana,osm_cache:Hyderabad
17.3339005,78.4571412,,clinic,Telangana,osm_cache:Hyderabad
17.5141582,78.4250398,,clinic,Telangana,osm_cache:Hyderabad
17.3684615,78.4674183,,hospital,Telangana,osm_cache:Hyderabad
17.405005,78.4738832,,doctors,Telangana,osm_cache:Hyderabad
17.4777191,78.4787375,,doctors,Telangana,osm_cache:Hyderabad
17.3377885,78.442592,,clinic,Telangana,osm_cache:Hyderabad
17.3285147,78.5388646,,clinic,Telangana,osm_cache:Hyderabad
17.5122039,78.408466,,clinic,Telangana,osm_cache:Hyderabad
17.392244,78.4601927,,hospital,Telangana,osm_cache:Hyderabad
17.5216284,78.5162616,,clinic,Telangana,osm_cache:Hyderabad
17.3665926,78.424015,,doctors,Telangana,osm_cache:Hyderabad
17.3552543,78.4431928,,clinic,Telangana,osm_cache:Hyderabad
17.3922502,78.5085145,,clinic,Telangana,osm_cache:Hyderabad
17.452747,78.443473,,clinic,Telangana,osm_cache:Hyderabad
17.4506724,78.4361121,,hospital,Telangana,osm_cache:Hyderabad
17.4795998,78.3208883,,doctors,Telangana,osm_cache:Hyderabad
17.4073576,78.4567152,,clinic,Telangana,osm_cache:Hyderabad
17.4908954,78.4412909,,clinic,Telangana,osm_cache:Hyderabad
17.4418967,78.4481001,,clinic,Telangana,osm_cache:Hyderabad
17.3871159,78.4527871,,clinic,Telangana,osm_cache:Hyderabad
17.3915031,78.4527388,,doctors,Telangana,osm_cache:Hyderabad
17.3513438,78.3805627,,clinic,Telangana,osm_cache:Hyderabad
17.3627476,78.4154946,,clinic,Telangana,osm_cache:Hyderabad
17.3164365,78.449083,,clinic,Telangana,osm_cache:Hyderabad
17.5270508,78.5366812,,clinic,Telangana,osm_cache:Hyderabad
17.3833133,78.4010597,,clinic,Telangana,osm_cache:Hyderabad
17.4667384,78.4886785,,clinic,Telangana,osm_cache:Hyderabad
17.3913867,78.4783334,,clinic,Telangana,osm_cache:Hyderabad
17.3951477,78.4556625,,hospital,Telangana,osm_cache:Hyderabad
17.4024844,78.4116857,,clinic,Telangana,osm_cache:Hyderabad
17.4048423,78.5104584,,clinic,Telangana,osm_cache:Hyderabad
17.4049028,78.5104807,,clinic,Telangana,osm_cache:Hyderabad
17.4612688,78.4924255,,clinic,Telangana,osm_cache:Hyderabad
17.4143356,78.4465237,,clinic,Telangana,osm_cache:Hyderabad
17.4694791,78.3622432,,doctors,Telangana,osm_cache:Hyderabad
17.4865279,78.4497546,,hospital,Telangana,osm_cache:Hyderabad
17.3959816,78.5299056,,hospital,Telangana,osm_cache:Hyderabad
17.3943514,78.5299096,,hospital,Telangana,osm_cache:Hyderabad
17.5060153,78.4283221,,clinic,Telangana,osm_cache:Hyderabad
17.4731157,78.3872398,,hospital,Telangana,osm_cache:Hyderabad
17.473193,78.3871998,,hospital,Telangana,osm_cache:Hyderabad
17.4464917,78.4393489,,clinic,Telangana,osm_cache:Hyderabad
17.3733681,78.414395,,hospital,Telangana,osm_cache:Hyderabad
17.4482414,78.3605759,,hospital,Telangana,osm_cache:Hyderabad
17.3919633,78.4294268,,clinic,Telangana,osm_cache:Hyderabad
17.4090636,78.3999909,,hospital,Telangana,osm_cache:Hyderabad
17.5067008,78.4632839,,clinic,Telangana,osm_cache:Hyderabad
17.349695,78.5483858,,hospital,Telangana,osm_cache:Hyderabad
17.4562441,78.4348523,,clinic,Telangana,osm_cache:Hyderabad
17.4276743,78.3749073,,hospital,Telangana,osm_cache:Hyderabad
17.3968148,78.5014822,,hospital,Telangana,osm_cache:Hyderabad
17.4126071,78.4901536,,hospital,Telangana,osm_cache:Hyderabad
17.4832962,78.3948182,,clinic,Telangana,osm_cache:Hyderabad
17.4552142,78.37756,,hospital,Telangana,osm_cache:Hyderabad
17.3327926,78.5367482,,hospital,Telangana,osm_cache:Hyderabad
17.3731304,78.4672542,,hospital,Telangana,osm_cache:Hyderabad
17.3747716,78.4691254,,hospital,Telangana,osm_cache:Hyderabad
17.3750071,78.4690221,,hospital,Telangana,osm_cache:Hyderabad
17.5030699,78.4262632,,hospital,Telangana,osm_cache:Hyderabad
17.4360061,78.4832145,,hospital,Telangana,osm_cache:Hyderabad
17.491566,78.3910771,,hospital,Telangana,osm_cache:Hyderabad
17.4946528,78.3881636,,hospital,Telangana,osm_cache:Hyderabad
17.4295472,78.454034,,doctors,Telangana,osm_cache:Hyderabad
17.3881003,78.488338,,hospital,Telangana,osm_cache:Hyderabad
17.4877126,78.3996886,,hospital,Telangana,osm_cache:Hyderabad
17.5411014,78.4868435,,doctors,Telangana,osm_cache:Hyderabad
17.4833967,78.5408155,,doctors,Telangana,osm_cache:Hyderabad
17.4393282,78.4423762,,hospital,Telangana,osm_cache:Hyderabad
17.4080796,78.4514946,,hospital,Telangana,osm_cache:Hyderabad
17.3982231,78.4830646,,hospital,Telangana,osm_cache:Hyderabad
17.3936246,78.427292,,hospital,Telangana,osm_cache:Hyderabad
17.4631371,78.3530148,,hospital,Telangana,osm_cache:Hyderabad
17.4219081,78.4515489,,hospital,Telangana,osm_cache:Hyderabad
17.360376,78.4750511,,hospital,Telangana,osm_cache:Hyderabad
17.3986264,78.4613767,,hospital,Telangana,osm_cache:Hyderabad
17.4020365,78.5102829,,hospital,Telangana,osm_cache:Hyderabad
17.3694395,78.4741015,,hospital,Telangana,osm_cache:Hyderabad
17.3684482,78.467419,,hospital,Telangana,osm_cache:Hyderabad
17.372887,78.4735108,,hospital,Telangana,osm_cache:Hyderabad
17.4902582,78.4068344,,hospital,Telangana,osm_cache:Hyderabad
17.3140127,78.4046049,,hospital,Telangana,osm_cache:Hyderabad
17.4910279,78.3931243,,hospital,Telangana,osm_cache:Hyderabad
17.4253104,78.5308477,,hospital,Telangana,osm_cache:Hyderabad
17.4176645,78.3391307,,hospital,Telangana,osm_cache:Hyderabad
17.3649018,78.5341006,,hospital,Telangana,osm_cache:Hyderabad
17.4115892,78.4955353,,clinic,Telangana,osm_cache:Hyderabad
17.4101981,78.4893998,,hospital,Telangana,osm_cache:Hyderabad
17.4104061,78.4892825,,clinic,Telangana,osm_cache:Hyderabad
17.4135437,78.4905333,,hospital,Telangana,osm_cache:Hyderabad
17.4371696,78.4824784,,hospital,Telangana,osm_cache:Hyderabad
17.3725003,78.4985901,,hospital,Telangana,osm_cache:Hyderabad
17.4544679,78.4437609,,clinic,Telangana,osm_cache:Hyderabad
17.3963561,78.5009536,,hospital,Telangana,osm_cache:Hyderabad
17.423101,78.5036034,,hospital,Telangana,osm_cache:Hyderabad
17.497101,78.4066282,,clinic,Telangana,osm_cache:Hyderabad
17.494155,78.4031704,,hospital,Telangana,osm_cache:Hyderabad
17.3966339,78.5191536,,hospital,Telangana,osm_cache:Hyderabad
17.4125349,78.4504102,,hospital,Telangana,osm_cache:Hyderabad
17.495446,78.3966804,,hospital,Telangana,osm_cache:Hyderabad
17.4946835,78.3985358,,hospital,Telangana,osm_cache:Hyderabad
17.5033832,78.388436,,hospital,Telangana,osm_cache:Hyderabad
17.3423925,78.5073401,,hospital,Telangana,osm_cache:Hyderabad
17.393066,78.4978277,,hospital,Telangana,osm_cache:Hyderabad
17.4966619,78.3975936,,hospital,Telangana,osm_cache:Hyderabad
17.5019842,78.3890493,,hospital,Telangana,osm_cache:Hyderabad
17.5279622,78.4824881,,clinic,Telangana,osm_cache:Hyderabad
17.468807,78.4895434,,hospital,Telangana,osm_cache:Hyderabad
17.4467602,78.3840567,,hospital,Telangana,osm_cache:Hyderabad
17.4307944,78.4172096,,hospital,Telangana,osm_cache:Hyderabad
17.4164192,78.4175575,,hospital,Telangana,osm_cache:Hyderabad
17.4953973,78.3197494,,hospital,Telangana,osm_cache:Hyderabad
17.4510205,78.5339402,,hospital,Telangana,osm_cache:Hyderabad
17.4502629,78.5349646,,hospital,Telangana,osm_cache:Hyderabad
17.4216675,78.5042811,,hospital,Telangana,osm_cache:Hyderabad
17.4307215,78.4242797,,hospital,Telangana,osm_cache:Hyderabad
17.4249606,78.4563902,,hospital,Telangana,osm_cache:Hyderabad
17.4135898,78.4240188,,hospital,Telangana,osm_cache:Hyderabad
17.4418003,78.4971353,,hospital,Telangana,osm_cache:Hyderabad
17.4430285,78.4438236,,hospital,Telangana,osm_cache:Hyderabad
17.394004,78.4823861,,hospital,Telangana,osm_cache:Hyderabad
17.4157575,78.5410177,,clinic,Telangana,osm_cache:Hyderabad
17.3950421,78.4720698,,hospital,Telangana,osm_cache:Hyderabad
17.4349272,78.4550851,,hospital,Telangana,osm_cache:Hyderabad
17.4069029,78.4761142,,hospital,Telangana,osm_cache:Hyderabad
17.3943494,78.451799,,hospital,Telangana,osm_cache:Hyderabad
17.4352432,78.5065684,,hospital,Telangana,osm_cache:Hyderabad
17.3555734,78.521561,,hospital,Telangana,osm_cache:Hyderabad
17.4052733,78.4631442,,hospital,Telangana,osm_cache:Hyderabad
17.4739718,78.5508353,,clinic,Telangana,osm_cache:Hyderabad
17.4415771,78.4863946,,hospital,Telangana,osm_cache:Hyderabad
17.4405948,78.4860508,,hospital,Telangana,osm_cache:Hyderabad
17.3904121,78.4811818,,hospital,Telangana,osm_cache:Hyderabad
17.4212689,78.4491146,,hospital,Telangana,osm_cache:Hyderabad
17.371588,78.5005651,,hospital,Telangana,osm_cache:Hyderabad
17.3726172,78.5006547,,hospital,Telangana,osm_cache:Hyderabad
17.369171,78.5012742,,clinic,Telangana,osm_cache:Hyderabad
17.3869715,78.5261703,,hospital,Telangana,osm_cache:Hyderabad
17.4465312,78.495587,,clinic,Telangana,osm_cache:Hyderabad
17.4469307,78.4953619,,clinic,Telangana,osm_cache:Hyderabad
17.4478356,78.5089611,,hospital,Telangana,osm_cache:Hyderabad
17.4411729,78.4869278,,hospital,Telangana,osm_cache:Hyderabad
17.3714964,78.4437525,,hospital,Telangana,osm_cache:Hyderabad
17.3409222,78.5067856,,hospital,Telangana,osm_cache:Hyderabad
17.4065246,78.4716449,,hospital,Telangana,osm_cache:Hyderabad
17.4109126,78.4834649,,hospital,Telangana,osm_cache:Hyderabad
17.4388627,78.4986615,,hospital,Telangana,osm_cache:Hyderabad
17.4395601,78.5047044,,hospital,Telangana,osm_cache:Hyderabad
17.4400559,78.4977239,,hospital,Telangana,osm_cache:Hyderabad
17.4405052,78.5045932,,hospital,Telangana,osm_cache:Hyderabad
17.4192915,78.499747,,clinic,Telangana,osm_cache:Hyderabad
17.4047518,78.4751131,,hospital,Telangana,osm_cache:Hyderabad
17.4453109,78.4348356,,hospital,Telangana,osm_cache:Hyderabad
17.3935869,78.4719415,,hospital,Telangana,osm_cache:Hyderabad
17.4110085,78.4831621,,hospital,Telangana,osm_cache:Hyderabad
17.4173344,78.4305408,,hospital,Telangana,osm_cache:Hyderabad
17.3616036,78.4746421,,clinic,Telangana,osm_cache:Hyderabad
17.4787512,78.3202943,,hospital,Telangana,osm_cache:Hyderabad
17.4305355,78.3721906,,hospital,Telangana,osm_cache:Hyderabad
17.4477154,78.4396977,,hospital,Telangana,osm_cache:Hyderabad
17.4467916,78.3796688,,hospital,Telangana,osm_cache:Hyderabad
17.4245445,78.4569528,,hospital,Telangana,osm_cache:Hyderabad
17.4246754,78.4275696,,hospital,Telangana,osm_cache:Hyderabad
17.4211633,78.4345245,,hospital,Telangana,osm_cache:Hyderabad
17.3375998,78.506073,,clinic,Telangana,osm_cache:Hyderabad
17.4966966,78.3978239,,hospital,Telangana,osm_cache:Hyderabad
17.352139,78.3342817,,hospital,Telangana,osm_cache:Hyderabad
17.3882657,78.4610655,,hospital,Telangana,osm_cache:Hyderabad
17.4273257,78.5191726,,hospital,Telangana,osm_cache:Hyderabad
17.5339964,78.392669,,clinic,Telangana,osm_cache:Hyderabad
17.4446381,78.4518215,,hospital,Telangana,osm_cache:Hyderabad
17.4891867,78.4078079,,hospital,Telangana,osm_cache:Hyderabad
17.5056274,78.3956175,,hospital,Telangana,osm_cache:Hyderabad
17.4462393,78.4358697,,hospital,Telangana,osm_cache:Hyderabad
17.4149895,78.413651,,hospital,Telangana,osm_cache:Hyderabad
17.4254533,78.4319236,,hospital,Telangana,osm_cache:Hyderabad
17.3591158,78.4945315,,hospital,Telangana,osm_cache:Hyderabad
17.5277532,78.395331,,hospital,Telangana,osm_cache:Hyderabad
17.4853078,78.3680442,,clinic,Telangana,osm_cache:Hyderabad
17.5202341,78.4291372,,hospital,Telangana,osm_cache:Hyderabad
17.5107038,78.4470872,,hospital,Telangana,osm_cache:Hyderabad
17.4905853,78.3374034,,hospital,Telangana,osm_cache:Hyderabad
17.4001346,78.540756,,hospital,Telangana,osm_cache:Hyderabad
17.4544692,78.4220082,,hospital,Telangana,osm_cache:Hyderabad
17.4938625,78.4105007,,hospital,Telangana,osm_cache:Hyderabad
17.3376757,78.4733384,,hospital,Telangana,osm_cache:Hyderabad
17.4015386,78.3499741,,hospital,Telangana,osm_cache:Hyderabad
17.4319493,78.5528537,,hospital,Telangana,osm_cache:Hyderabad
17.4312125,78.4555511,,hospital,Telangana,osm_cache:Hyderabad
17.3900886,78.4958661,,hospital,Telangana,osm_cache:Hyderabad
17.4504056,78.5030891,,hospital,Telangana,osm_cache:Hyderabad
17.3410389,78.5064811,,hospital,Telangana,osm_cache:Hyderabad
17.4087303,78.5024169,,hospital,Telangana,osm_cache:Hyderabad
17.3482103,78.3923532,,hospital,Telangana,osm_cache:Hyderabad
22.7250815,75.8904652,,hospital,Madhya Pradesh,osm_cache:Indore
22.7167406,75.8637897,,doctors,Madhya Pradesh,osm_cache:Indore
22.7915227,75.8456355,,clinic,Madhya Pradesh,osm_cache:Indore
22.718593,75.8855881,,doctors,Madhya Pradesh,osm_cache:Indore
22.6910407,75.8263785,,hospital,Madhya Pradesh,osm_cache:Indore
22.6977953,75.8337942,,clinic,Madhya Pradesh,osm_cache:Indore
22.726664,75.8819643,,hospital,Madhya Pradesh,osm_cache:Indore
22.8197524,75.9431528,,hospital,Madhya Pradesh,osm_cache:Indore
22.7579241,75.9020955,,hospital,Madhya Pradesh,osm_cache:Indore
22.7535808,75.9048226,,clinic,Madhya Pradesh,osm_cache:Indore
22.7531467,75.9044143,,clinic,Madhya Pradesh,osm_cache:Indore
22.7537292,75.8877182,,hospital,Madhya Pradesh,osm_cache:Indore
22.7643869,75.8770746,,clinic,Madhya Pradesh,osm_cache:Indore
22.757231,75.8926809,,doctors,Madhya Pradesh,osm_cache:Indore
22.7671372,75.8787543,,clinic,Madhya Pradesh,osm_cache:Indore
22.7534658,75.9021176,,clinic,Madhya Pradesh,osm_cache:Indore
22.753023,75.9049433,,clinic,Madhya Pradesh,osm_cache:Indore
22.7507994,75.9000859,,clinic,Madhya Pradesh,osm_cache:Indore
22.7583644,75.8959364,,clinic,Madhya Pradesh,osm_cache:Indore
22.7550797,75.8882385,,doctors,Madhya Pradesh,osm_cache:Indore
22.7531714,75.9045571,,clinic,Madhya Pradesh,osm_cache:Indore
22.756317,75.8933555,,doctors,Madhya Pradesh,osm_cache:Indore
22.7562669,75.8936003,,clinic,Madhya Pradesh,osm_cache:Indore
22.7559436,75.8928915,,clinic,Madhya Pradesh,osm_cache:Indore
22.7537391,75.8857548,,doctors,Madhya Pradesh,osm_cache:Indore
22.7639937,75.8883284,,clinic,Madhya Pradesh,osm_cache:Indore
22.7538257,75.8859479,,doctors,Madhya Pradesh,osm_cache:Indore
22.7531133,75.8878027,,clinic,Madhya Pradesh,osm_cache:Indore
22.7538943,75.8858829,,doctors,Madhya Pradesh,osm_cache:Indore
22.7571686,75.9026775,,hospital,Madhya Pradesh,osm_cache:Indore
22.7575457,75.9025743,,hospital,Madhya Pradesh,osm_cache:Indore
22.7622104,75.9038423,,clinic,Madhya Pradesh,osm_cache:Indore
22.7577894,75.9035814,,clinic,Madhya Pradesh,osm_cache:Indore
22.7637651,75.8914441,,hospital,Madhya Pradesh,osm_cache:Indore
22.7616045,75.8861035,,clinic,Madhya Pradesh,osm_cache:Indore
22.7680407,75.8932391,,clinic,Madhya Pradesh,osm_cache:Indore
22.7533013,75.8878778,,doctors,Madhya Pradesh,osm_cache:Indore
22.7531557,75.9043315,,clinic,Madhya Pradesh,osm_cache:Indore
22.7573429,75.9031536,,clinic,Madhya Pradesh,osm_cache:Indore
22.7605212,75.8863664,,clinic,Madhya Pradesh,osm_cache:Indore
22.7537168,75.8858655,,hospital,Madhya Pradesh,osm_cache:Indore
22.7673885,75.8930037,,clinic,Madhya Pradesh,osm_cache:Indore
22.768129,75.8950782,,clinic,Madhya Pradesh,osm_cache:Indore
22.7576224,75.8831665,,clinic,Madhya Pradesh,osm_cache:Indore
22.7558514,75.88723,,hospital,Madhya Pradesh,osm_cache:Indore
22.7650473,75.8871227,,hospital,Madhya Pradesh,osm_cache:Indore
22.745877,75.8863489,,clinic,Madhya Pradesh,osm_cache:Indore
22.7556429,75.8881164,,doctors,Madhya Pradesh,osm_cache:Indore
22.750275,75.9008677,,doctors,Madhya Pradesh,osm_cache:Indore
22.7554526,75.8883306,,doctors,Madhya Pradesh,osm_cache:Indore
22.7532432,75.8879167,,doctors,Madhya Pradesh,osm_cache:Indore
22.7578227,75.884513,,clinic,Madhya Pradesh,osm_cache:Indore
22.7573989,75.8852314,,clinic,Madhya Pradesh,osm_cache:Indore
22.7471707,75.8883592,,clinic,Madhya Pradesh,osm_cache:Indore
22.7458028,75.8864186,,clinic,Madhya Pradesh,osm_cache:Indore
22.7585123,75.8859229,,hospital,Madhya Pradesh,osm_cache:Indore
22.7573641,75.884157,,clinic,Madhya Pradesh,osm_cache:Indore
22.7573302,75.8843211,,doctors,Madhya Pradesh,osm_cache:Indore
22.7569843,75.8860928,,clinic,Madhya Pradesh,osm_cache:Indore
22.7574326,75.885075,,doctors,Madhya Pradesh,osm_cache:Indore
22.7516367,75.8938102,,clinic,Madhya Pradesh,osm_cache:Indore
22.7517108,75.8938335,,doctors,Madhya Pradesh,osm_cache:Indore
22.751735,75.8939031,,doctors,Madhya Pradesh,osm_cache:Indore
22.7517625,75.8938764,,doctors,Madhya Pradesh,osm_cache:Indore
22.7517034,75.894183,,clinic,Madhya Pradesh,osm_cache:Indore
22.7517823,75.8933518,,clinic,Madhya Pradesh,osm_cache:Indore
22.7541311,75.9053778,,clinic,Madhya Pradesh,osm_cache:Indore
22.7550809,75.9075611,,clinic,Madhya Pradesh,osm_cache:Indore
22.7562119,75.8893241,,clinic,Madhya Pradesh,osm_cache:Indore
22.7566633,75.8907645,,clinic,Madhya Pradesh,osm_cache:Indore
22.7568464,75.8924489,,clinic,Madhya Pradesh,osm_cache:Indore
22.7476295,75.9008288,,clinic,Madhya Pradesh,osm_cache:Indore
22.7480352,75.9009468,,clinic,Madhya Pradesh,osm_cache:Indore
22.7557096,75.896251,,clinic,Madhya Pradesh,osm_cache:Indore
22.7565341,75.8966982,,clinic,Madhya Pradesh,osm_cache:Indore
22.7561983,75.8907484,,clinic,Madhya Pradesh,osm_cache:Indore
22.7562181,75.8906411,,clinic,Madhya Pradesh,osm_cache:Indore
22.7558419,75.8962234,,clinic,Madhya Pradesh,osm_cache:Indore
22.7491928,75.9008932,,clinic,Madhya Pradesh,osm_cache:Indore
22.7490419,75.901604,,clinic,Madhya Pradesh,osm_cache:Indore
22.7629684,75.8882924,,clinic,Madhya Pradesh,osm_cache:Indore
22.755755,75.891523,,doctors,Madhya Pradesh,osm_cache:Indore
22.76069,75.8909737,,clinic,Madhya Pradesh,osm_cache:Indore
22.7628475,75.8989001,,clinic,Madhya Pradesh,osm_cache:Indore
22.7597705,75.8956163,,clinic,Madhya Pradesh,osm_cache:Indore
22.7619916,75.8957038,,clinic,Madhya Pradesh,osm_cache:Indore
22.7611952,75.8961812,,hospital,Madhya Pradesh,osm_cache:Indore
22.7614228,75.8982519,,clinic,Madhya Pradesh,osm_cache:Indore
22.7488861,75.9020841,,clinic,Madhya Pradesh,osm_cache:Indore
22.7531626,75.905041,,clinic,Madhya Pradesh,osm_cache:Indore
22.7535474,75.9046912,,clinic,Madhya Pradesh,osm_cache:Indore
22.7527619,75.890811,,clinic,Madhya Pradesh,osm_cache:Indore
22.7538875,75.9079421,,clinic,Madhya Pradesh,osm_cache:Indore
22.7538714,75.9079528,,clinic,Madhya Pradesh,osm_cache:Indore
22.7526702,75.8906548,,doctors,Madhya Pradesh,osm_cache:Indore
22.7518135,75.9042124,,clinic,Madhya Pradesh,osm_cache:Indore
22.7484309,75.906676,,clinic,Madhya Pradesh,osm_cache:Indore
22.7492707,75.9004641,,clinic,Madhya Pradesh,osm_cache:Indore
22.7493264,75.9004171,,clinic,Madhya Pradesh,osm_cache:Indore
22.7535424,75.9045732,,clinic,Madhya Pradesh,osm_cache:Indore
22.7535554,75.9045588,,clinic,Madhya Pradesh,osm_cache:Indore
22.7537873,75.9079421,,clinic,Madhya Pradesh,osm_cache:Indore
22.7526862,75.8895031,,hospital,Madhya Pradesh,osm_cache:Indore
22.7540173,75.9055871,,clinic,Madhya Pradesh,osm_cache:Indore
22.7537601,75.9084731,,clinic,Madhya Pradesh,osm_cache:Indore
22.7549028,75.9075344,,clinic,Madhya Pradesh,osm_cache:Indore
22.7525186,75.8906092,,doctors,Madhya Pradesh,osm_cache:Indore
22.7525643,75.8905925,,hospital,Madhya Pradesh,osm_cache:Indore
22.7527999,75.8889798,,hospital,Madhya Pradesh,osm_cache:Indore
22.756233,75.8891176,,clinic,Madhya Pradesh,osm_cache:Indore
22.7561587,75.8908718,,clinic,Madhya Pradesh,osm_cache:Indore
22.7595312,75.8897265,,clinic,Madhya Pradesh,osm_cache:Indore
22.7564252,75.8967411,,clinic,Madhya Pradesh,osm_cache:Indore
22.7616849,75.898107,,clinic,Madhya Pradesh,osm_cache:Indore
22.7557261,75.896352,,clinic,Madhya Pradesh,osm_cache:Indore
22.7558727,75.8964388,,clinic,Madhya Pradesh,osm_cache:Indore
22.7559103,75.8963203,,clinic,Madhya Pradesh,osm_cache:Indore
22.7587286,75.890798,,clinic,Madhya Pradesh,osm_cache:Indore
22.7555692,75.8963833,,clinic,Madhya Pradesh,osm_cache:Indore
22.7679435,75.8791834,,clinic,Madhya Pradesh,osm_cache:Indore
22.7586481,75.9075395,,hospital,Madhya Pradesh,osm_cache:Indore
22.7596884,75.9059609,,clinic,Madhya Pradesh,osm_cache:Indore
22.7584695,75.9056771,,clinic,Madhya Pradesh,osm_cache:Indore
22.7570569,75.9064995,,clinic,Madhya Pradesh,osm_cache:Indore
22.7567963,75.9095487,,hospital,Madhya Pradesh,osm_cache:Indore
22.7566566,75.9029538,,clinic,Madhya Pradesh,osm_cache:Indore
22.75651,75.8893322,,clinic,Madhya Pradesh,osm_cache:Indore
22.7529278,75.888716,,hospital,Madhya Pradesh,osm_cache:Indore
22.7518543,75.8933508,,clinic,Madhya Pradesh,osm_cache:Indore
22.7517517,75.8939691,,clinic,Madhya Pradesh,osm_cache:Indore
22.7436804,75.8982834,,hospital,Madhya Pradesh,osm_cache:Indore
22.7432722,75.8998954,,clinic,Madhya Pradesh,osm_cache:Indore
22.7420564,75.8987018,,clinic,Madhya Pradesh,osm_cache:Indore
22.74945,75.8743876,,clinic,Madhya Pradesh,osm_cache:Indore
22.7484062,75.8784109,,hospital,Madhya Pradesh,osm_cache:Indore
22.7474465,75.8780622,,clinic,Madhya Pradesh,osm_cache:Indore
22.7478769,75.877161,,clinic,Madhya Pradesh,osm_cache:Indore
22.7463766,75.8800826,,clinic,Madhya Pradesh,osm_cache:Indore
22.7462895,75.8800195,,clinic,Madhya Pradesh,osm_cache:Indore
22.742524,75.8834682,,clinic,Madhya Pradesh,osm_cache:Indore
22.7425042,75.8831142,,clinic,Madhya Pradesh,osm_cache:Indore
22.728307,75.8936754,,clinic,Madhya Pradesh,osm_cache:Indore
22.7304692,75.894641,,hospital,Madhya Pradesh,osm_cache:Indore
22.7337715,75.8924636,,hospital,Madhya Pradesh,osm_cache:Indore
22.7324507,75.8928332,,clinic,Madhya Pradesh,osm_cache:Indore
22.731199,75.892345,,clinic,Madhya Pradesh,osm_cache:Indore
22.7306448,75.8921412,,clinic,Madhya Pradesh,osm_cache:Indore
22.7311544,75.8929673,,clinic,Madhya Pradesh,osm_cache:Indore
22.7300511,75.8984926,,clinic,Madhya Pradesh,osm_cache:Indore
22.7302985,75.8989754,,clinic,Madhya Pradesh,osm_cache:Indore
22.7309528,75.899705,,hospital,Madhya Pradesh,osm_cache:Indore
22.7280707,75.8941448,,hospital,Madhya Pradesh,osm_cache:Indore
22.7279099,75.8942038,,hospital,Madhya Pradesh,osm_cache:Indore
22.728114,75.8942185,,doctors,Madhya Pradesh,osm_cache:Indore
22.7281561,75.8942775,,hospital,Madhya Pradesh,osm_cache:Indore
22.7291085,75.8945498,,clinic,Madhya Pradesh,osm_cache:Indore
22.7288469,75.8945188,,doctors,Madhya Pradesh,osm_cache:Indore
22.7288884,75.8945122,,clinic,Madhya Pradesh,osm_cache:Indore
22.7284292,75.8949472,,clinic,Madhya Pradesh,osm_cache:Indore
22.7294524,75.8966553,,hospital,Madhya Pradesh,osm_cache:Indore
22.7292199,75.8968699,,doctors,Madhya Pradesh,osm_cache:Indore
22.7293906,75.8971917,,clinic,Madhya Pradesh,osm_cache:Indore
22.7296182,75.8969799,,clinic,Madhya Pradesh,osm_cache:Indore
22.7303851,75.8970523,,clinic,Madhya Pradesh,osm_cache:Indore
22.7315831,75.9012801,,hospital,Madhya Pradesh,osm_cache:Indore
22.727691,75.8946343,,clinic,Madhya Pradesh,osm_cache:Indore
22.7284999,75.8955261,,clinic,Madhya Pradesh,osm_cache:Indore
22.7287201,75.8959204,,clinic,Madhya Pradesh,osm_cache:Indore
22.7293071,75.892567,,hospital,Madhya Pradesh,osm_cache:Indore
22.7404769,75.8813412,,hospital,Madhya Pradesh,osm_cache:Indore
22.7281759,75.8949615,,clinic,Madhya Pradesh,osm_cache:Indore
22.7284468,75.894814,,hospital,Madhya Pradesh,osm_cache:Indore
22.7281598,75.89494,,clinic,Madhya Pradesh,osm_cache:Indore
22.7281388,75.8948502,,doctors,Madhya Pradesh,osm_cache:Indore
22.7429111,75.875093,,clinic,Madhya Pradesh,osm_cache:Indore
22.7425895,75.8756134,,clinic,Madhya Pradesh,osm_cache:Indore
22.742258,75.8761874,,clinic,Madhya Pradesh,osm_cache:Indore
22.7447762,75.8764395,,hospital,Madhya Pradesh,osm_cache:Indore
22.7452363,75.8751037,,clinic,Madhya Pradesh,osm_cache:Indore
22.745736,75.8757367,,clinic,Madhya Pradesh,osm_cache:Indore
22.7369166,75.8908422,,clinic,Madhya Pradesh,osm_cache:Indore
22.7391498,75.8822464,,doctors,Madhya Pradesh,osm_cache:Indore
22.7427812,75.8938873,,hospital,Madhya Pradesh,osm_cache:Indore
22.7413972,75.8953457,,clinic,Madhya Pradesh,osm_cache:Indore
22.7414813,75.8951989,,clinic,Madhya Pradesh,osm_cache:Indore
22.7409445,75.9037605,,clinic,Madhya Pradesh,osm_cache:Indore
22.7611505,75.9054808,,hospital,Madhya Pradesh,osm_cache:Indore
22.7433254,75.8956683,,clinic,Madhya Pradesh,osm_cache:Indore
22.7440069,75.873371,,doctors,Madhya Pradesh,osm_cache:Indore
22.7437496,75.8738002,,clinic,Madhya Pradesh,osm_cache:Indore
22.7297283,75.8775244,,clinic,Madhya Pradesh,osm_cache:Indore
22.7320352,75.8799827,,clinic,Madhya Pradesh,osm_cache:Indore
22.7369754,75.8780944,,clinic,Madhya Pradesh,osm_cache:Indore
22.7391931,75.8805594,,clinic,Madhya Pradesh,osm_cache:Indore
22.7452351,75.9004104,,clinic,Madhya Pradesh,osm_cache:Indore
22.7431869,75.898844,,clinic,Madhya Pradesh,osm_cache:Indore
22.7387614,75.882811,,clinic,Madhya Pradesh,osm_cache:Indore
22.7476332,75.8997251,,clinic,Madhya Pradesh,osm_cache:Indore
22.7374578,75.8852975,,hospital,Madhya Pradesh,osm_cache:Indore
22.7478274,75.8966768,,clinic,Madhya Pradesh,osm_cache:Indore
22.7376755,75.8854262,,hospital,Madhya Pradesh,osm_cache:Indore
22.7377546,75.8855549,,doctors,Madhya Pradesh,osm_cache:Indore
22.7318434,75.8749542,,clinic,Madhya Pradesh,osm_cache:Indore
22.7309529,75.8749402,,clinic,Madhya Pradesh,osm_cache:Indore
22.7305558,75.8744842,,clinic,Madhya Pradesh,osm_cache:Indore
22.7300228,75.8732499,,clinic,Madhya Pradesh,osm_cache:Indore
22.7283837,75.8728373,,clinic,Madhya Pradesh,osm_cache:Indore
22.7283639,75.8746719,,clinic,Madhya Pradesh,osm_cache:Indore
22.7279236,75.8803368,,clinic,Madhya Pradesh,osm_cache:Indore
22.7388827,75.8864025,,clinic,Madhya Pradesh,osm_cache:Indore
22.7381405,75.8878616,,doctors,Madhya Pradesh,osm_cache:Indore
22.737352,75.8908423,,clinic,Madhya Pradesh,osm_cache:Indore
22.7341428,75.8896869,,doctors,Madhya Pradesh,osm_cache:Indore
22.7424166,75.8950078,,clinic,Madhya Pradesh,osm_cache:Indore
22.7342072,75.8895233,,hospital,Madhya Pradesh,osm_cache:Indore
22.741699,75.8958238,,clinic,Madhya Pradesh,osm_cache:Indore
22.7344373,75.8893869,,doctors,Madhya Pradesh,osm_cache:Indore
22.7348504,75.8886436,,clinic,Madhya Pradesh,osm_cache:Indore
22.7355964,75.8957801,,clinic,Madhya Pradesh,osm_cache:Indore
22.7355923,75.8882396,,doctors,Madhya Pradesh,osm_cache:Indore
22.7358622,75.8871428,,clinic,Madhya Pradesh,osm_cache:Indore
22.7369927,75.9000188,,clinic,Madhya Pradesh,osm_cache:Indore
22.7379197,75.8980874,,clinic,Madhya Pradesh,osm_cache:Indore
22.7319834,75.8732514,,hospital,Madhya Pradesh,osm_cache:Indore
22.7320181,75.87325,,clinic,Madhya Pradesh,osm_cache:Indore
22.7319406,75.8738291,,clinic,Madhya Pradesh,osm_cache:Indore
22.7319719,75.8739883,,hospital,Madhya Pradesh,osm_cache:Indore
22.7323701,75.875014,,doctors,Madhya Pradesh,osm_cache:Indore
22.7332659,75.8757244,,hospital,Madhya Pradesh,osm_cache:Indore
22.7329288,75.8761621,,clinic,Madhya Pradesh,osm_cache:Indore
22.7354524,75.90237,,hospital,Madhya Pradesh,osm_cache:Indore
22.7370978,75.9008727,,hospital,Madhya Pradesh,osm_cache:Indore
22.741332,75.8994813,,clinic,Madhya Pradesh,osm_cache:Indore
22.7394956,75.9001801,,clinic,Madhya Pradesh,osm_cache:Indore
22.7402524,75.897436,,clinic,Madhya Pradesh,osm_cache:Indore
22.7325578,75.8844699,,hospital,Madhya Pradesh,osm_cache:Indore
22.7339561,75.88642,,doctors,Madhya Pradesh,osm_cache:Indore
22.732142,75.8860867,,clinic,Madhya Pradesh,osm_cache:Indore
22.732452,75.8859586,,clinic,Madhya Pradesh,osm_cache:Indore
22.7337532,75.8876592,,clinic,Madhya Pradesh,osm_cache:Indore
22.7333178,75.8878147,,doctors,Madhya Pradesh,osm_cache:Indore
22.7331694,75.8880078,,clinic,Madhya Pradesh,osm_cache:Indore
22.7316294,75.8887187,,clinic,Madhya Pradesh,osm_cache:Indore
22.7348664,75.887686,,clinic,Madhya Pradesh,osm_cache:Indore
22.7478985,75.8965836,,hospital,Madhya Pradesh,osm_cache:Indore
22.7475157,75.8984041,,clinic,Madhya Pradesh,osm_cache:Indore
22.7487476,75.8959419,,hospital,Madhya Pradesh,osm_cache:Indore
22.7479164,75.899411,,hospital,Madhya Pradesh,osm_cache:Indore
22.730695,75.8884588,,clinic,Madhya Pradesh,osm_cache:Indore
22.742451,75.8946155,,clinic,Madhya Pradesh,osm_cache:Indore
22.73106,75.8885789,,clinic,Madhya Pradesh,osm_cache:Indore
22.7415283,75.9001489,,clinic,Madhya Pradesh,osm_cache:Indore
22.7313315,75.8906538,,clinic,Madhya Pradesh,osm_cache:Indore
22.7311247,75.891481,,clinic,Madhya Pradesh,osm_cache:Indore
22.731338,75.8913145,,clinic,Madhya Pradesh,osm_cache:Indore
22.7313736,75.8913408,,clinic,Madhya Pradesh,osm_cache:Indore
22.7322076,75.8904435,,clinic,Madhya Pradesh,osm_cache:Indore
22.7323821,75.8903174,,clinic,Madhya Pradesh,osm_cache:Indore
22.7383953,75.8833555,,clinic,Madhya Pradesh,osm_cache:Indore
22.7386897,75.8822707,,clinic,Madhya Pradesh,osm_cache:Indore
22.7391226,75.8805647,,clinic,Madhya Pradesh,osm_cache:Indore
22.7395159,75.8805406,,hospital,Madhya Pradesh,osm_cache:Indore
22.7325082,75.8916738,,clinic,Madhya Pradesh,osm_cache:Indore
22.7408023,75.8834682,,clinic,Madhya Pradesh,osm_cache:Indore
22.7482244,75.8701788,,clinic,Madhya Pradesh,osm_cache:Indore
22.7479739,75.8720419,,hospital,Madhya Pradesh,osm_cache:Indore
22.7454236,75.8708805,,clinic,Madhya Pradesh,osm_cache:Indore
22.7440763,75.8733066,,clinic,Madhya Pradesh,osm_cache:Indore
22.7439317,75.8725705,,clinic,Madhya Pradesh,osm_cache:Indore
22.7450659,75.871543,,hospital,Madhya Pradesh,osm_cache:Indore
22.7437819,75.8709617,,clinic,Madhya Pradesh,osm_cache:Indore
22.741798,75.8711712,,hospital,Madhya Pradesh,osm_cache:Indore
22.7416246,75.871152,,clinic,Madhya Pradesh,osm_cache:Indore
22.7414632,75.8710293,,clinic,Madhya Pradesh,osm_cache:Indore
22.7414222,75.8710427,,clinic,Madhya Pradesh,osm_cache:Indore
22.7365524,75.8720487,,clinic,Madhya Pradesh,osm_cache:Indore
22.7338992,75.8738659,,hospital,Madhya Pradesh,osm_cache:Indore
22.7332795,75.8757797,,clinic,Madhya Pradesh,osm_cache:Indore
22.7365078,75.8828406,,clinic,Madhya Pradesh,osm_cache:Indore
22.7367057,75.8820856,,doctors,Madhya Pradesh,osm_cache:Indore
22.7348306,75.8881849,,clinic,Madhya Pradesh,osm_cache:Indore
22.73566,75.888203,,clinic,Madhya Pradesh,osm_cache:Indore
22.7357632,75.8838437,,clinic,Madhya Pradesh,osm_cache:Indore
22.7358943,75.883833,,clinic,Madhya Pradesh,osm_cache:Indore
22.7366612,75.8845894,,hospital,Madhya Pradesh,osm_cache:Indore
22.7367985,75.8858192,,hospital,Madhya Pradesh,osm_cache:Indore
22.7374776,75.8848254,,clinic,Madhya Pradesh,osm_cache:Indore
22.7329802,75.8760613,,clinic,Madhya Pradesh,osm_cache:Indore
22.7331063,75.8758065,,clinic,Madhya Pradesh,osm_cache:Indore
22.7316938,75.8749938,,clinic,Madhya Pradesh,osm_cache:Indore
22.7319857,75.8750045,,clinic,Madhya Pradesh,osm_cache:Indore
22.731815,75.8742776,,hospital,Madhya Pradesh,osm_cache:Indore
22.7321737,75.8759594,,clinic,Madhya Pradesh,osm_cache:Indore
22.7309615,75.87457,,clinic,Madhya Pradesh,osm_cache:Indore
22.7310171,75.8830511,,hospital,Madhya Pradesh,osm_cache:Indore
22.7298433,75.8820641,,hospital,Madhya Pradesh,osm_cache:Indore
22.7266279,75.8823364,,doctors,Madhya Pradesh,osm_cache:Indore
22.7309033,75.8884411,,clinic,Madhya Pradesh,osm_cache:Indore
22.7309837,75.8882788,,clinic,Madhya Pradesh,osm_cache:Indore
22.7349988,75.8895019,,clinic,Madhya Pradesh,osm_cache:Indore
22.7268251,75.8818603,,clinic,Madhya Pradesh,osm_cache:Indore
22.727357,75.8853384,,clinic,Madhya Pradesh,osm_cache:Indore
22.7271208,75.8835393,,clinic,Madhya Pradesh,osm_cache:Indore
22.7270366,75.8838076,,clinic,Madhya Pradesh,osm_cache:Indore
22.7273954,75.885376,,clinic,Madhya Pradesh,osm_cache:Indore
22.7269525,75.8834642,,clinic,Madhya Pradesh,osm_cache:Indore
22.7268437,75.8829814,,clinic,Madhya Pradesh,osm_cache:Indore
22.7314167,75.8752406,,hospital,Madhya Pradesh,osm_cache:Indore
22.7292322,75.8728829,,hospital,Madhya Pradesh,osm_cache:Indore
22.7345943,75.8891518,,hospital,Madhya Pradesh,osm_cache:Indore
22.7353315,75.8879435,,clinic,Madhya Pradesh,osm_cache:Indore
22.7335603,75.8867418,,doctors,Madhya Pradesh,osm_cache:Indore
22.7321143,75.8776653,,hospital,Madhya Pradesh,osm_cache:Indore
22.7282155,75.8798647,,clinic,Madhya Pradesh,osm_cache:Indore
22.7285915,75.8795857,,clinic,Madhya Pradesh,osm_cache:Indore
22.7282254,75.8782875,,clinic,Madhya Pradesh,osm_cache:Indore
22.7290566,75.8792853,,hospital,Madhya Pradesh,osm_cache:Indore
22.7296108,75.8765066,,clinic,Madhya Pradesh,osm_cache:Indore
22.7372623,75.9003259,,clinic,Madhya Pradesh,osm_cache:Indore
22.7404509,75.8974526,,clinic,Madhya Pradesh,osm_cache:Indore
22.7400385,75.8995937,,clinic,Madhya Pradesh,osm_cache:Indore
22.7410391,75.8973138,,clinic,Madhya Pradesh,osm_cache:Indore
22.7362555,75.8954423,,clinic,Madhya Pradesh,osm_cache:Indore
22.7373526,75.895626,,clinic,Madhya Pradesh,osm_cache:Indore
22.7311941,75.8745432,,hospital,Madhya Pradesh,osm_cache:Indore
22.7351076,75.8888152,,clinic,Madhya Pradesh,osm_cache:Indore
22.714837,75.8937009,,doctors,Madhya Pradesh,osm_cache:Indore
22.7168472,75.8939122,,hospital,Madhya Pradesh,osm_cache:Indore
22.7153047,75.892522,,doctors,Madhya Pradesh,osm_cache:Indore
22.7169531,75.8953833,,clinic,Madhya Pradesh,osm_cache:Indore
22.7177102,75.8972286,,clinic,Madhya Pradesh,osm_cache:Indore
22.7188681,75.8972045,,clinic,Madhya Pradesh,osm_cache:Indore
22.7261457,75.8888595,,clinic,Madhya Pradesh,osm_cache:Indore
22.7256574,75.888362,,clinic,Madhya Pradesh,osm_cache:Indore
22.7256283,75.8885149,,hospital,Madhya Pradesh,osm_cache:Indore
22.7256481,75.8883472,,clinic,Madhya Pradesh,osm_cache:Indore
22.7190289,75.8962335,,clinic,Madhya Pradesh,osm_cache:Indore
22.7258294,75.8872247,,clinic,Madhya Pradesh,osm_cache:Indore
22.7190784,75.8963328,,clinic,Madhya Pradesh,osm_cache:Indore
22.7243314,75.8891458,,clinic,Madhya Pradesh,osm_cache:Indore
22.7225414,75.8884136,,hospital,Madhya Pradesh,osm_cache:Indore
22.7190329,75.8965098,,hospital,Madhya Pradesh,osm_cache:Indore
22.7083731,75.8892256,,hospital,Madhya Pradesh,osm_cache:Indore
22.7129529,75.884407,,hospital,Madhya Pradesh,osm_cache:Indore
22.7102189,75.8849931,,clinic,Madhya Pradesh,osm_cache:Indore
22.710424,75.8839822,,clinic,Madhya Pradesh,osm_cache:Indore
22.7187494,75.8974379,,hospital,Madhya Pradesh,osm_cache:Indore
22.7232873,75.8888924,,clinic,Madhya Pradesh,osm_cache:Indore
22.7189411,75.8982103,,clinic,Madhya Pradesh,osm_cache:Indore
22.7223831,75.8908209,,hospital,Madhya Pradesh,osm_cache:Indore
22.7189639,75.8982314,,clinic,Madhya Pradesh,osm_cache:Indore
22.7232604,75.8819649,,doctors,Madhya Pradesh,osm_cache:Indore
22.7231216,75.8820802,,clinic,Madhya Pradesh,osm_cache:Indore
22.723088,75.8820446,,doctors,Madhya Pradesh,osm_cache:Indore
22.7262351,75.8810945,,hospital,Madhya Pradesh,osm_cache:Indore
22.7149843,75.8857548,,clinic,Madhya Pradesh,osm_cache:Indore
22.7128961,75.8831262,,clinic,Madhya Pradesh,osm_cache:Indore
22.7184085,75.8834803,,clinic,Madhya Pradesh,osm_cache:Indore
22.7187054,75.8868116,,clinic,Madhya Pradesh,osm_cache:Indore
22.7177577,75.8882915,,hospital,Madhya Pradesh,osm_cache:Indore
22.7173496,75.8838987,,clinic,Madhya Pradesh,osm_cache:Indore
22.7167563,75.8844184,,hospital,Madhya Pradesh,osm_cache:Indore
22.7181512,75.8845639,,clinic,Madhya Pradesh,osm_cache:Indore
22.7179038,75.8827507,,clinic,Madhya Pradesh,osm_cache:Indore
22.7179137,75.8824126,,clinic,Madhya Pradesh,osm_cache:Indore
22.7184481,75.8874929,,hospital,Madhya Pradesh,osm_cache:Indore
22.7182699,75.884918,,doctors,Madhya Pradesh,osm_cache:Indore
22.7181283,75.8874493,,hospital,Madhya Pradesh,osm_cache:Indore
22.7197717,75.9014296,,clinic,Madhya Pradesh,osm_cache:Indore
22.7159146,75.8999061,,clinic,Madhya Pradesh,osm_cache:Indore
22.7146082,75.9004426,,doctors,Madhya Pradesh,osm_cache:Indore
22.71455,75.9000195,,clinic,Madhya Pradesh,osm_cache:Indore
22.7179879,75.8828151,,clinic,Madhya Pradesh,osm_cache:Indore
22.7174584,75.8839631,,clinic,Madhya Pradesh,osm_cache:Indore
22.7137979,75.8839269,,hospital,Madhya Pradesh,osm_cache:Indore
22.714628,75.9002522,,clinic,Madhya Pradesh,osm_cache:Indore
22.7191724,75.8959841,,clinic,Madhya Pradesh,osm_cache:Indore
22.7191062,75.8959619,,clinic,Madhya Pradesh,osm_cache:Indore
22.70963,75.8844795,,clinic,Madhya Pradesh,osm_cache:Indore
22.7098428,75.8893704,,clinic,Madhya Pradesh,osm_cache:Indore
22.7129604,75.8841187,,clinic,Madhya Pradesh,osm_cache:Indore
22.7116515,75.8814606,,hospital,Madhya Pradesh,osm_cache:Indore
22.7239229,75.8836201,,hospital,Madhya Pradesh,osm_cache:Indore
22.7237715,75.8742877,,clinic,Madhya Pradesh,osm_cache:Indore
22.7238009,75.8743854,,doctors,Madhya Pradesh,osm_cache:Indore
22.7262718,75.8793773,,clinic,Madhya Pradesh,osm_cache:Indore
22.7265012,75.8795225,,doctors,Madhya Pradesh,osm_cache:Indore
22.7265264,75.8795755,,hospital,Madhya Pradesh,osm_cache:Indore
22.7265515,75.8795873,,doctors,Madhya Pradesh,osm_cache:Indore
22.7265522,75.8795323,,clinic,Madhya Pradesh,osm_cache:Indore
22.7276169,75.8788638,,doctors,Madhya Pradesh,osm_cache:Indore
22.7276533,75.877727,,clinic,Madhya Pradesh,osm_cache:Indore
22.7128169,75.8851969,,clinic,Madhya Pradesh,osm_cache:Indore
22.727656,75.8894423,,clinic,Madhya Pradesh,osm_cache:Indore
22.7179724,75.8825087,,clinic,Madhya Pradesh,osm_cache:Indore
22.7166432,75.8850098,,clinic,Madhya Pradesh,osm_cache:Indore
22.7188917,75.8866868,,clinic,Madhya Pradesh,osm_cache:Indore
22.7188161,75.8866957,,clinic,Madhya Pradesh,osm_cache:Indore
22.7100952,75.8774252,,clinic,Madhya Pradesh,osm_cache:Indore
22.7101076,75.8774628,,clinic,Madhya Pradesh,osm_cache:Indore
22.7076259,75.8771583,,hospital,Madhya Pradesh,osm_cache:Indore
22.7078647,75.8755249,,clinic,Madhya Pradesh,osm_cache:Indore
22.7091253,75.8757019,,clinic,Madhya Pradesh,osm_cache:Indore
22.7115074,75.8717128,,hospital,Madhya Pradesh,osm_cache:Indore
22.7106686,75.8708169,,hospital,Madhya Pradesh,osm_cache:Indore
22.7275988,75.8893648,,clinic,Madhya Pradesh,osm_cache:Indore
22.7255734,75.8883651,,clinic,Madhya Pradesh,osm_cache:Indore
22.7163846,75.8760777,,hospital,Madhya Pradesh,osm_cache:Indore
22.7134599,75.8810934,,hospital,Madhya Pradesh,osm_cache:Indore
22.7135344,75.8795567,,hospital,Madhya Pradesh,osm_cache:Indore
22.7138334,75.8787151,,hospital,Madhya Pradesh,osm_cache:Indore
22.7226652,75.8741393,,clinic,Madhya Pradesh,osm_cache:Indore
22.7251265,75.8894677,,hospital,Madhya Pradesh,osm_cache:Indore
22.7195099,75.896241,,hospital,Madhya Pradesh,osm_cache:Indore
22.7233461,75.8890892,,hospital,Madhya Pradesh,osm_cache:Indore
22.7116292,75.8793551,,clinic,Madhya Pradesh,osm_cache:Indore
22.711216,75.8803395,,clinic,Madhya Pradesh,osm_cache:Indore
22.7125744,75.8789957,,clinic,Madhya Pradesh,osm_cache:Indore
22.7116156,75.8778236,,clinic,Madhya Pradesh,osm_cache:Indore
22.7086107,75.8786416,,hospital,Madhya Pradesh,osm_cache:Indore
22.7102016,75.8780006,,doctors,Madhya Pradesh,osm_cache:Indore
22.7102754,75.8789957,,clinic,Madhya Pradesh,osm_cache:Indore
22.7160297,75.8986637,,clinic,Madhya Pradesh,osm_cache:Indore
22.7146285,75.8957672,,clinic,Madhya Pradesh,osm_cache:Indore
22.7152567,75.8973146,,clinic,Madhya Pradesh,osm_cache:Indore
22.7075059,75.875262,,clinic,Madhya Pradesh,osm_cache:Indore
22.7077929,75.8754659,,clinic,Madhya Pradesh,osm_cache:Indore
22.708654,75.8751547,,clinic,Madhya Pradesh,osm_cache:Indore
22.7092948,75.8758306,,hospital,Madhya Pradesh,osm_cache:Indore
22.7089014,75.873819,,clinic,Madhya Pradesh,osm_cache:Indore
22.7175671,75.9057116,,hospital,Madhya Pradesh,osm_cache:Indore
22.7187831,75.8963004,,clinic,Madhya Pradesh,osm_cache:Indore
22.7177656,75.8962679,,clinic,Madhya Pradesh,osm_cache:Indore
22.7171802,75.8957443,,clinic,Madhya Pradesh,osm_cache:Indore
22.7166959,75.8961706,,clinic,Madhya Pradesh,osm_cache:Indore
22.7167751,75.8957612,,clinic,Madhya Pradesh,osm_cache:Indore
22.7231988,75.88795,,clinic,Madhya Pradesh,osm_cache:Indore
22.7125175,75.8791057,,clinic,Madhya Pradesh,osm_cache:Indore
22.71131,75.8779201,,clinic,Madhya Pradesh,osm_cache:Indore
22.7111418,75.877963,,clinic,Madhya Pradesh,osm_cache:Indore
22.7107335,75.8782661,,clinic,Madhya Pradesh,osm_cache:Indore
22.7102325,75.8780636,,clinic,Madhya Pradesh,osm_cache:Indore
22.7075813,75.8774346,,clinic,Madhya Pradesh,osm_cache:Indore
22.7191416,75.8778054,,hospital,Madhya Pradesh,osm_cache:Indore
22.7137146,75.8790282,,hospital,Madhya Pradesh,osm_cache:Indore
22.7134571,75.8785115,,hospital,Madhya Pradesh,osm_cache:Indore
22.7186888,75.8693101,,clinic,Madhya Pradesh,osm_cache:Indore
22.7188069,75.869274,,clinic,Madhya Pradesh,osm_cache:Indore
22.7214658,75.872165,,clinic,Madhya Pradesh,osm_cache:Indore
22.721514,75.872098,,clinic,Madhya Pradesh,osm_cache:Indore
22.7229633,75.8742039,,clinic,Madhya Pradesh,osm_cache:Indore
22.7239078,75.8743348,,clinic,Madhya Pradesh,osm_cache:Indore
22.720822,75.8991646,,clinic,Madhya Pradesh,osm_cache:Indore
22.7205111,75.9011467,,clinic,Madhya Pradesh,osm_cache:Indore
22.7205102,75.9012299,,clinic,Madhya Pradesh,osm_cache:Indore
22.7210761,75.8969148,,clinic,Madhya Pradesh,osm_cache:Indore
22.7210019,75.8976068,,clinic,Madhya Pradesh,osm_cache:Indore
22.7209673,75.8980359,,clinic,Madhya Pradesh,osm_cache:Indore
22.7258108,75.8946624,,clinic,Madhya Pradesh,osm_cache:Indore
22.7260594,75.8945578,,doctors,Madhya Pradesh,osm_cache:Indore
22.7260322,75.8944143,,clinic,Madhya Pradesh,osm_cache:Indore
22.7268412,75.8944479,,clinic,Madhya Pradesh,osm_cache:Indore
22.727164,75.8942789,,clinic,Madhya Pradesh,osm_cache:Indore
22.7278171,75.8942762,,clinic,Madhya Pradesh,osm_cache:Indore
22.7218846,75.8932389,,clinic,Madhya Pradesh,osm_cache:Indore
22.7228705,75.8962919,,hospital,Madhya Pradesh,osm_cache:Indore
22.7230009,75.8971025,,clinic,Madhya Pradesh,osm_cache:Indore
22.7237233,75.8985938,,clinic,Madhya Pradesh,osm_cache:Indore
22.7220162,75.8990686,,clinic,Madhya Pradesh,osm_cache:Indore
22.7212394,75.8952263,,clinic,Madhya Pradesh,osm_cache:Indore
22.7225655,75.8952572,,clinic,Madhya Pradesh,osm_cache:Indore
22.7223329,75.8949514,,clinic,Madhya Pradesh,osm_cache:Indore
22.7227238,75.8949621,,clinic,Madhya Pradesh,osm_cache:Indore
22.7245249,75.8939483,,clinic,Madhya Pradesh,osm_cache:Indore
22.7254304,75.8953672,,hospital,Madhya Pradesh,osm_cache:Indore
22.7252646,75.8941467,,clinic,Madhya Pradesh,osm_cache:Indore
22.7252275,75.8942272,,clinic,Madhya Pradesh,osm_cache:Indore
22.7208442,75.9016805,,clinic,Madhya Pradesh,osm_cache:Indore
22.7208789,75.9015839,,clinic,Madhya Pradesh,osm_cache:Indore
22.7209506,75.901254,,clinic,Madhya Pradesh,osm_cache:Indore
22.7212691,75.8976604,,clinic,Madhya Pradesh,osm_cache:Indore
22.7269065,75.8943524,,clinic,Madhya Pradesh,osm_cache:Indore
22.7255571,75.8919726,,clinic,Madhya Pradesh,osm_cache:Indore
22.7254301,75.8919443,,clinic,Madhya Pradesh,osm_cache:Indore
22.7249295,75.8938073,,clinic,Madhya Pradesh,osm_cache:Indore
22.7252603,75.8941963,,clinic,Madhya Pradesh,osm_cache:Indore
22.7255928,75.8938961,,clinic,Madhya Pradesh,osm_cache:Indore
22.7256344,75.8940309,,clinic,Madhya Pradesh,osm_cache:Indore
22.7256691,75.894033,,clinic,Madhya Pradesh,osm_cache:Indore
22.721084,75.8950816,,clinic,Madhya Pradesh,osm_cache:Indore
22.7208424,75.8952922,,clinic,Madhya Pradesh,osm_cache:Indore
22.7211554,75.8928528,,clinic,Madhya Pradesh,osm_cache:Indore
22.7224764,75.8932724,,clinic,Madhya Pradesh,osm_cache:Indore
22.723082,75.8928845,,clinic,Madhya Pradesh,osm_cache:Indore
22.7255376,75.8949166,,doctors,Madhya Pradesh,osm_cache:Indore
22.7246414,75.894981,,clinic,Madhya Pradesh,osm_cache:Indore
22.7232532,75.8988029,,clinic,Madhya Pradesh,osm_cache:Indore
22.7231311,75.8977386,,clinic,Madhya Pradesh,osm_cache:Indore
22.7230842,75.8974006,,clinic,Madhya Pradesh,osm_cache:Indore
22.7227274,75.8962578,,clinic,Madhya Pradesh,osm_cache:Indore
22.7230806,75.8953643,,clinic,Madhya Pradesh,osm_cache:Indore
22.7246128,75.897013,,clinic,Madhya Pradesh,osm_cache:Indore
22.7254586,75.8955129,,clinic,Madhya Pradesh,osm_cache:Indore
22.7031498,75.8615593,,hospital,Madhya Pradesh,osm_cache:Indore
22.7039425,75.8611353,,clinic,Madhya Pradesh,osm_cache:Indore
22.7203185,75.8418792,,clinic,Madhya Pradesh,osm_cache:Indore
22.7199276,75.8404469,,hospital,Madhya Pradesh,osm_cache:Indore
22.7090723,75.8462678,,clinic,Madhya Pradesh,osm_cache:Indore
22.7128005,75.8464933,,clinic,Madhya Pradesh,osm_cache:Indore
22.7199839,75.8474904,,clinic,Madhya Pradesh,osm_cache:Indore
22.7118198,75.8641013,,clinic,Madhya Pradesh,osm_cache:Indore
22.7153599,75.844982,,clinic,Madhya Pradesh,osm_cache:Indore
22.7203525,75.8490676,,clinic,Madhya Pradesh,osm_cache:Indore
22.7160178,75.844029,,clinic,Madhya Pradesh,osm_cache:Indore
22.7159093,75.8439293,,doctors,Madhya Pradesh,osm_cache:Indore
22.7159829,75.8437977,,clinic,Madhya Pradesh,osm_cache:Indore
22.7159921,75.8435025,,clinic,Madhya Pradesh,osm_cache:Indore
22.7185662,75.8692308,,clinic,Madhya Pradesh,osm_cache:Indore
22.7227356,75.8460279,,clinic,Madhya Pradesh,osm_cache:Indore
22.7229064,75.8460118,,clinic,Madhya Pradesh,osm_cache:Indore
22.7218226,75.8462076,,clinic,Madhya Pradesh,osm_cache:Indore
22.7154451,75.8436717,,doctors,Madhya Pradesh,osm_cache:Indore
22.7159056,75.8418492,,clinic,Madhya Pradesh,osm_cache:Indore
22.7210804,75.8618134,,clinic,Madhya Pradesh,osm_cache:Indore
22.723402,75.8621376,,clinic,Madhya Pradesh,osm_cache:Indore
22.7132681,75.8438472,,hospital,Madhya Pradesh,osm_cache:Indore
22.7123381,75.859667,,clinic,Madhya Pradesh,osm_cache:Indore
22.7163355,75.8580663,,clinic,Madhya Pradesh,osm_cache:Indore
22.7165424,75.8569563,,clinic,Madhya Pradesh,osm_cache:Indore
22.7165553,75.8566602,,clinic,Madhya Pradesh,osm_cache:Indore
22.71593,75.8557072,,clinic,Madhya Pradesh,osm_cache:Indore
22.7076993,75.825177,,clinic,Madhya Pradesh,osm_cache:Indore
22.7087705,75.8283466,,clinic,Madhya Pradesh,osm_cache:Indore
22.7162654,75.854975,,hospital,Madhya Pradesh,osm_cache:Indore
22.7183795,75.8524135,,clinic,Madhya Pradesh,osm_cache:Indore
22.7163822,75.8542932,,clinic,Madhya Pradesh,osm_cache:Indore
22.7089914,75.8291085,,clinic,Madhya Pradesh,osm_cache:Indore
22.716325,75.853944,,doctors,Madhya Pradesh,osm_cache:Indore
22.7191479,75.8563593,,hospital,Madhya Pradesh,osm_cache:Indore
22.7088254,75.8308062,,hospital,Madhya Pradesh,osm_cache:Indore
22.7201948,75.8339426,,clinic,Madhya Pradesh,osm_cache:Indore
22.7213518,75.835021,,doctors,Madhya Pradesh,osm_cache:Indore
22.7247049,75.8376467,,clinic,Madhya Pradesh,osm_cache:Indore
22.7236287,75.8388899,,clinic,Madhya Pradesh,osm_cache:Indore
22.7188884,75.8552581,,clinic,Madhya Pradesh,osm_cache:Indore
22.7099932,75.8315987,,hospital,Madhya Pradesh,osm_cache:Indore
22.7189305,75.8549765,,clinic,Madhya Pradesh,osm_cache:Indore
22.7142301,75.8308512,,clinic,Madhya Pradesh,osm_cache:Indore
22.718826,75.8538999,,clinic,Madhya Pradesh,osm_cache:Indore
22.7189904,75.8531524,,hospital,Madhya Pradesh,osm_cache:Indore
22.7190047,75.853058,,clinic,Madhya Pradesh,osm_cache:Indore
22.715425,75.8491913,,clinic,Madhya Pradesh,osm_cache:Indore
22.7246183,75.8255741,,clinic,Madhya Pradesh,osm_cache:Indore
22.7264293,75.8271593,,clinic,Madhya Pradesh,osm_cache:Indore
22.7155645,75.8491423,,clinic,Madhya Pradesh,osm_cache:Indore
22.7153284,75.8488627,,clinic,Madhya Pradesh,osm_cache:Indore
22.7222378,75.8286126,,clinic,Madhya Pradesh,osm_cache:Indore
22.7238768,75.8272444,,hospital,Madhya Pradesh,osm_cache:Indore
22.715359,75.8488019,,hospital,Madhya Pradesh,osm_cache:Indore
22.7155577,75.8482066,,clinic,Madhya Pradesh,osm_cache:Indore
22.715549,75.8479933,,clinic,Madhya Pradesh,osm_cache:Indore
22.7215258,75.8372658,,clinic,Madhya Pradesh,osm_cache:Indore
22.72208,75.8371532,,hospital,Madhya Pradesh,osm_cache:Indore
22.7192048,75.8515373,,doctors,Madhya Pradesh,osm_cache:Indore
22.719457,75.8491141,,clinic,Madhya Pradesh,osm_cache:Indore
22.7192342,75.8490394,,clinic,Madhya Pradesh,osm_cache:Indore
22.7193208,75.8489207,,clinic,Madhya Pradesh,osm_cache:Indore
22.7191593,75.8465275,,clinic,Madhya Pradesh,osm_cache:Indore
22.7216446,75.8492922,,clinic,Madhya Pradesh,osm_cache:Indore
22.7204397,75.841957,,clinic,Madhya Pradesh,osm_cache:Indore
22.720431,75.8419316,,clinic,Madhya Pradesh,osm_cache:Indore
22.7199826,75.847595,,clinic,Madhya Pradesh,osm_cache:Indore
22.7188934,75.8654451,,clinic,Madhya Pradesh,osm_cache:Indore
22.7181017,75.8653593,,hospital,Madhya Pradesh,osm_cache:Indore
22.7251639,75.8622492,,clinic,Madhya Pradesh,osm_cache:Indore
22.698822,75.8546304,,hospital,Madhya Pradesh,osm_cache:Indore
22.6975242,75.8545446,,clinic,Madhya Pradesh,osm_cache:Indore
22.6980179,75.8554566,,clinic,Madhya Pradesh,osm_cache:Indore
22.6980871,75.8562439,,clinic,Madhya Pradesh,osm_cache:Indore
22.6978916,75.8577526,,clinic,Madhya Pradesh,osm_cache:Indore
22.6898456,75.8641027,,clinic,Madhya Pradesh,osm_cache:Indore
22.6905038,75.8645895,,hospital,Madhya Pradesh,osm_cache:Indore
22.6918563,75.8661372,,hospital,Madhya Pradesh,osm_cache:Indore
22.6940017,75.8666388,,hospital,Madhya Pradesh,osm_cache:Indore
22.699703,75.8681669,,clinic,Madhya Pradesh,osm_cache:Indore
22.6997648,75.868191,,clinic,Madhya Pradesh,osm_cache:Indore
22.6998915,75.8681052,,doctors,Madhya Pradesh,osm_cache:Indore
22.6985177,75.8658957,,clinic,Madhya Pradesh,osm_cache:Indore
22.6988468,75.8667158,,clinic,Madhya Pradesh,osm_cache:Indore
22.6987106,75.865193,,clinic,Madhya Pradesh,osm_cache:Indore
22.6990023,75.8643469,,clinic,Madhya Pradesh,osm_cache:Indore
22.7010391,75.8570552,,clinic,Madhya Pradesh,osm_cache:Indore
22.7012569,75.8573019,,clinic,Madhya Pradesh,osm_cache:Indore
22.7246462,75.8571168,,clinic,Madhya Pradesh,osm_cache:Indore
22.7229082,75.8541732,,clinic,Madhya Pradesh,osm_cache:Indore
22.7210279,75.8543663,,clinic,Madhya Pradesh,osm_cache:Indore
22.7128369,75.8547631,,clinic,Madhya Pradesh,osm_cache:Indore
22.7119941,75.8551746,,doctors,Madhya Pradesh,osm_cache:Indore
22.7223218,75.8518478,,clinic,Madhya Pradesh,osm_cache:Indore
22.6990707,75.8354325,,clinic,Madhya Pradesh,osm_cache:Indore
22.6993689,75.836543,,clinic,Madhya Pradesh,osm_cache:Indore
22.7000073,75.8366905,,hospital,Madhya Pradesh,osm_cache:Indore
22.7005875,75.8374073,,clinic,Madhya Pradesh,osm_cache:Indore
22.7024842,75.8400607,,clinic,Madhya Pradesh,osm_cache:Indore
22.7025634,75.842303,,hospital,Madhya Pradesh,osm_cache:Indore
22.7030583,75.8422387,,clinic,Madhya Pradesh,osm_cache:Indore
22.7001706,75.8351402,,clinic,Madhya Pradesh,osm_cache:Indore
22.70035,75.8347573,,clinic,Madhya Pradesh,osm_cache:Indore
22.6966494,75.8321106,,clinic,Madhya Pradesh,osm_cache:Indore
22.6965331,75.8309787,,hospital,Madhya Pradesh,osm_cache:Indore
22.6960902,75.8308715,,clinic,Madhya Pradesh,osm_cache:Indore
22.6954507,75.831771,,doctors,Madhya Pradesh,osm_cache:Indore
22.694976,75.8308044,,clinic,Madhya Pradesh,osm_cache:Indore
22.7037115,75.825617,,hospital,Madhya Pradesh,osm_cache:Indore
22.7134736,75.8566421,,clinic,Madhya Pradesh,osm_cache:Indore
22.7080139,75.8557033,,doctors,Madhya Pradesh,osm_cache:Indore
22.7200192,75.8405529,,clinic,Madhya Pradesh,osm_cache:Indore
22.722585,75.832157,,clinic,Madhya Pradesh,osm_cache:Indore
22.7226306,75.8320855,,clinic,Madhya Pradesh,osm_cache:Indore
22.7232579,75.829552,,hospital,Madhya Pradesh,osm_cache:Indore
22.7227829,75.8256256,,clinic,Madhya Pradesh,osm_cache:Indore
22.7242506,75.826908,,clinic,Madhya Pradesh,osm_cache:Indore
22.7242635,75.8272381,,clinic,Madhya Pradesh,osm_cache:Indore
22.7244363,75.8270956,,doctors,Madhya Pradesh,osm_cache:Indore
22.7248979,75.8272134,,clinic,Madhya Pradesh,osm_cache:Indore
22.7278392,75.827137,,clinic,Madhya Pradesh,osm_cache:Indore
22.7285905,75.8266615,,clinic,Madhya Pradesh,osm_cache:Indore
22.7293591,75.8264619,,clinic,Madhya Pradesh,osm_cache:Indore
22.7183887,75.8565643,,clinic,Madhya Pradesh,osm_cache:Indore
22.7096387,75.8508244,,clinic,Madhya Pradesh,osm_cache:Indore
22.7079339,75.8505187,,clinic,Madhya Pradesh,osm_cache:Indore
22.7136413,75.8491309,,clinic,Madhya Pradesh,osm_cache:Indore
22.7183689,75.8562291,,clinic,Madhya Pradesh,osm_cache:Indore
22.7088964,75.8467377,,clinic,Madhya Pradesh,osm_cache:Indore
22.7182996,75.856111,,clinic,Madhya Pradesh,osm_cache:Indore
22.7033081,75.8551052,,clinic,Madhya Pradesh,osm_cache:Indore
22.6952451,75.8386472,,hospital,Madhya Pradesh,osm_cache:Indore
22.6947738,75.8386163,,clinic,Madhya Pradesh,osm_cache:Indore
22.694556,75.8385801,,clinic,Madhya Pradesh,osm_cache:Indore
22.6951152,75.8359046,,hospital,Madhya Pradesh,osm_cache:Indore
22.6952841,75.8361151,,hospital,Madhya Pradesh,osm_cache:Indore
22.6964787,75.8343435,,hospital,Madhya Pradesh,osm_cache:Indore
22.6963426,75.832053,,clinic,Madhya Pradesh,osm_cache:Indore
22.6955483,75.8311477,,hospital,Madhya Pradesh,osm_cache:Indore
22.6935965,75.8300104,,clinic,Madhya Pradesh,osm_cache:Indore
22.6893074,75.8284642,,hospital,Madhya Pradesh,osm_cache:Indore
22.7014827,75.8293902,,hospital,Madhya Pradesh,osm_cache:Indore
22.7000766,75.8539385,,clinic,Madhya Pradesh,osm_cache:Indore
22.7003686,75.8544373,,hospital,Madhya Pradesh,osm_cache:Indore
22.7004255,75.8545607,,clinic,Madhya Pradesh,osm_cache:Indore
22.6965913,75.8391447,,doctors,Madhya Pradesh,osm_cache:Indore
22.6965344,75.839138,,clinic,Madhya Pradesh,osm_cache:Indore
22.6963451,75.8390509,,hospital,Madhya Pradesh,osm_cache:Indore
22.696243,75.839015,,hospital,Madhya Pradesh,osm_cache:Indore
22.6959702,75.8389167,,doctors,Madhya Pradesh,osm_cache:Indore
22.6962572,75.8380262,,hospital,Madhya Pradesh,osm_cache:Indore
22.6984929,75.8521655,,clinic,Madhya Pradesh,osm_cache:Indore
22.6985523,75.8377955,,hospital,Madhya Pradesh,osm_cache:Indore
22.697664,75.8389395,,hospital,Madhya Pradesh,osm_cache:Indore
22.696475,75.8389784,,doctors,Madhya Pradesh,osm_cache:Indore
22.6956813,75.8389201,,clinic,Madhya Pradesh,osm_cache:Indore
22.6950237,75.8383427,,clinic,Madhya Pradesh,osm_cache:Indore
22.6949444,75.8387914,,clinic,Madhya Pradesh,osm_cache:Indore
22.6945189,75.8385466,,clinic,Madhya Pradesh,osm_cache:Indore
22.6946674,75.8378143,,clinic,Madhya Pradesh,osm_cache:Indore
22.6945436,75.8377473,,clinic,Madhya Pradesh,osm_cache:Indore
22.6946674,75.8371787,,clinic,Madhya Pradesh,osm_cache:Indore
22.6952266,75.8362077,,clinic,Madhya Pradesh,osm_cache:Indore
22.6962956,75.8351241,,clinic,Madhya Pradesh,osm_cache:Indore
22.6964143,75.8348344,,clinic,Madhya Pradesh,osm_cache:Indore
22.6938235,75.8458328,,clinic,Madhya Pradesh,osm_cache:Indore
22.69562,75.8444542,,clinic,Madhya Pradesh,osm_cache:Indore
22.6979708,75.8443173,,clinic,Madhya Pradesh,osm_cache:Indore
22.7152874,75.8436951,,clinic,Madhya Pradesh,osm_cache:Indore
22.7154166,75.8465034,,clinic,Madhya Pradesh,osm_cache:Indore
22.714007,75.8436229,,clinic,Madhya Pradesh,osm_cache:Indore
22.7157364,75.8419704,,hospital,Madhya Pradesh,osm_cache:Indore
22.7156393,75.845342,,hospital,Madhya Pradesh,osm_cache:Indore
22.7150906,75.846156,,clinic,Madhya Pradesh,osm_cache:Indore
22.7148445,75.8439043,,clinic,Madhya Pradesh,osm_cache:Indore
22.6985821,75.8665281,,clinic,Madhya Pradesh,osm_cache:Indore
22.698639,75.8672335,,clinic,Madhya Pradesh,osm_cache:Indore
22.6994679,75.8683868,,hospital,Madhya Pradesh,osm_cache:Indore
22.6989204,75.8679322,,clinic,Madhya Pradesh,osm_cache:Indore
22.6984435,75.867037,,hospital,Madhya Pradesh,osm_cache:Indore
22.6982913,75.8668969,,clinic,Madhya Pradesh,osm_cache:Indore
22.6977283,75.8660902,,hospital,Madhya Pradesh,osm_cache:Indore
22.698055,75.8688804,,hospital,Madhya Pradesh,osm_cache:Indore
22.696506,75.8675017,,clinic,Madhya Pradesh,osm_cache:Indore
22.6963179,75.8668365,,clinic,Madhya Pradesh,osm_cache:Indore
22.6970379,75.865995,,hospital,Madhya Pradesh,osm_cache:Indore
22.6924573,75.8629536,,clinic,Madhya Pradesh,osm_cache:Indore
22.6968449,75.8552366,,clinic,Madhya Pradesh,osm_cache:Indore
22.6971567,75.8551294,,clinic,Madhya Pradesh,osm_cache:Indore
22.7005591,75.8503456,,clinic,Madhya Pradesh,osm_cache:Indore
22.6999826,75.868364,,clinic,Madhya Pradesh,osm_cache:Indore
22.7001595,75.8700042,,clinic,Madhya Pradesh,osm_cache:Indore
22.7107088,75.8883727,,hospital,Madhya Pradesh,osm_cache:Indore
22.7177553,75.855757,,clinic,Madhya Pradesh,osm_cache:Indore
22.7191606,75.8513904,,clinic,Madhya Pradesh,osm_cache:Indore
22.7119113,75.8381469,,hospital,Madhya Pradesh,osm_cache:Indore
22.7110689,75.8405059,,hospital,Madhya Pradesh,osm_cache:Indore
22.7117765,75.8400097,,hospital,Madhya Pradesh,osm_cache:Indore
22.7085309,75.8390683,,clinic,Madhya Pradesh,osm_cache:Indore
22.7192794,75.8510363,,doctors,Madhya Pradesh,osm_cache:Indore
22.7065613,75.84189,,hospital,Madhya Pradesh,osm_cache:Indore
22.7192561,75.8507884,,clinic,Madhya Pradesh,osm_cache:Indore
22.7194494,75.8495613,,clinic,Madhya Pradesh,osm_cache:Indore
22.7081257,75.8263814,,clinic,Madhya Pradesh,osm_cache:Indore
22.7225501,75.8492278,,clinic,Madhya Pradesh,osm_cache:Indore
22.7226812,75.8493351,,clinic,Madhya Pradesh,osm_cache:Indore
22.7086403,75.8278513,,clinic,Madhya Pradesh,osm_cache:Indore
22.7247043,75.852934,,clinic,Madhya Pradesh,osm_cache:Indore
22.7005727,75.8383461,,clinic,Madhya Pradesh,osm_cache:Indore
22.7013088,75.8377104,,clinic,Madhya Pradesh,osm_cache:Indore
22.6993738,75.8362479,,clinic,Madhya Pradesh,osm_cache:Indore
22.6994858,75.8359683,,hospital,Madhya Pradesh,osm_cache:Indore
22.6979791,75.8332202,,clinic,Madhya Pradesh,osm_cache:Indore
22.7255629,75.8525887,,clinic,Madhya Pradesh,osm_cache:Indore
22.7259029,75.8524612,,clinic,Madhya Pradesh,osm_cache:Indore
22.730917,75.8505642,,hospital,Madhya Pradesh,osm_cache:Indore
22.7099542,75.8314508,,clinic,Madhya Pradesh,osm_cache:Indore
22.7087591,75.8282053,,hospital,Madhya Pradesh,osm_cache:Indore
22.7119586,75.8549802,,clinic,Madhya Pradesh,osm_cache:Indore
22.7279968,75.8348312,,clinic,Madhya Pradesh,osm_cache:Indore
22.7281915,75.8320452,,clinic,Madhya Pradesh,osm_cache:Indore
22.7282079,75.8318039,,clinic,Madhya Pradesh,osm_cache:Indore
22.7211931,75.8492822,,clinic,Madhya Pradesh,osm_cache:Indore
22.7203298,75.8487446,,clinic,Madhya Pradesh,osm_cache:Indore
22.7202132,75.8475609,,clinic,Madhya Pradesh,osm_cache:Indore
22.7136358,75.849211,,hospital,Madhya Pradesh,osm_cache:Indore
22.7173619,75.8557248,,clinic,Madhya Pradesh,osm_cache:Indore
22.7125311,75.8465958,,hospital,Madhya Pradesh,osm_cache:Indore
22.7193703,75.845696,,clinic,Madhya Pradesh,osm_cache:Indore
22.7009618,75.8415996,,hospital,Madhya Pradesh,osm_cache:Indore
22.6987268,75.8400406,,clinic,Madhya Pradesh,osm_cache:Indore
22.6950429,75.8438157,,clinic,Madhya Pradesh,osm_cache:Indore
22.6934041,75.8469486,,doctors,Madhya Pradesh,osm_cache:Indore
22.6944088,75.848826,,hospital,Madhya Pradesh,osm_cache:Indore
22.7119447,75.84178,,clinic,Madhya Pradesh,osm_cache:Indore
22.7084624,75.8515208,,clinic,Madhya Pradesh,osm_cache:Indore
22.7079376,75.8560312,,clinic,Madhya Pradesh,osm_cache:Indore
22.7088283,75.8464429,,hospital,Madhya Pradesh,osm_cache:Indore
22.692937,75.8316386,,hospital,Madhya Pradesh,osm_cache:Indore
22.6915742,75.8332251,,hospital,Madhya Pradesh,osm_cache:Indore
22.6914999,75.8353172,,clinic,Madhya Pradesh,osm_cache:Indore
22.691787,75.8384768,,clinic,Madhya Pradesh,osm_cache:Indore
22.6905831,75.843687,,doctors,Madhya Pradesh,osm_cache:Indore
22.6899731,75.8438802,,clinic,Madhya Pradesh,osm_cache:Indore
22.6967162,75.8376239,,clinic,Madhya Pradesh,osm_cache:Indore
22.6958403,75.8272586,,hospital,Madhya Pradesh,osm_cache:Indore
22.6950806,75.8273846,,hospital,Madhya Pradesh,osm_cache:Indore
22.6904841,75.8374402,,clinic,Madhya Pradesh,osm_cache:Indore
22.6903208,75.8373812,,hospital,Madhya Pradesh,osm_cache:Indore
22.6916509,75.8372326,,hospital,Madhya Pradesh,osm_cache:Indore
22.6922064,75.8369882,,clinic,Madhya Pradesh,osm_cache:Indore
22.6918185,75.8382153,,hospital,Madhya Pradesh,osm_cache:Indore
22.6933008,75.8382288,,clinic,Madhya Pradesh,osm_cache:Indore
22.7021081,75.8393687,,hospital,Madhya Pradesh,osm_cache:Indore
22.7018186,75.8389677,,clinic,Madhya Pradesh,osm_cache:Indore
22.7022974,75.8383005,,clinic,Madhya Pradesh,osm_cache:Indore
22.7013645,75.834414,,clinic,Madhya Pradesh,osm_cache:Indore
22.7005826,75.8345601,,hospital,Madhya Pradesh,osm_cache:Indore
22.6927892,75.8445628,,clinic,Madhya Pradesh,osm_cache:Indore
22.720993,75.8607889,,clinic,Madhya Pradesh,osm_cache:Indore
22.7163558,75.8474784,,clinic,Madhya Pradesh,osm_cache:Indore
22.7191705,75.8548128,,hospital,Madhya Pradesh,osm_cache:Indore
22.7154364,75.8490246,,hospital,Madhya Pradesh,osm_cache:Indore
22.719499,75.8468011,,clinic,Madhya Pradesh,osm_cache:Indore
22.7135751,75.8692981,,clinic,Madhya Pradesh,osm_cache:Indore
22.7139668,75.8691728,,clinic,Madhya Pradesh,osm_cache:Indore
22.716859,75.8699106,,hospital,Madhya Pradesh,osm_cache:Indore
22.7145421,75.8577074,,clinic,Madhya Pradesh,osm_cache:Indore
22.716052,75.8540846,,clinic,Madhya Pradesh,osm_cache:Indore
22.7161261,75.8546814,,clinic,Madhya Pradesh,osm_cache:Indore
22.7153536,75.8495316,,hospital,Madhya Pradesh,osm_cache:Indore
22.7153375,75.8495812,,clinic,Madhya Pradesh,osm_cache:Indore
22.6807265,75.8248059,,clinic,Madhya Pradesh,osm_cache:Indore
22.6800742,75.8512187,,hospital,Madhya Pradesh,osm_cache:Indore
22.6804405,75.8504462,,clinic,Madhya Pradesh,osm_cache:Indore
22.6751852,75.8477707,,clinic,Madhya Pradesh,osm_cache:Indore
22.676787,75.8313723,,clinic,Madhya Pradesh,osm_cache:Indore
22.6766119,75.8339495,,clinic,Madhya Pradesh,osm_cache:Indore
22.6779106,75.834328,,clinic,Madhya Pradesh,osm_cache:Indore
22.6767085,75.8319282,,clinic,Madhya Pradesh,osm_cache:Indore
22.676461,75.8323681,,clinic,Madhya Pradesh,osm_cache:Indore
22.6768638,75.8340592,,clinic,Madhya Pradesh,osm_cache:Indore
22.6778766,75.8339345,,clinic,Madhya Pradesh,osm_cache:Indore
22.6821432,75.8263385,,clinic,Madhya Pradesh,osm_cache:Indore
22.6815999,75.8347774,,clinic,Madhya Pradesh,osm_cache:Indore
22.6831497,75.8371519,,clinic,Madhya Pradesh,osm_cache:Indore
22.6881938,75.8370888,,clinic,Madhya Pradesh,osm_cache:Indore
22.6886863,75.8368045,,hospital,Madhya Pradesh,osm_cache:Indore
22.6865444,75.8355385,,hospital,Madhya Pradesh,osm_cache:Indore
22.6866608,75.8362891,,doctors,Madhya Pradesh,osm_cache:Indore
22.6872776,75.8365095,,clinic,Madhya Pradesh,osm_cache:Indore
22.6815448,75.8345507,,doctors,Madhya Pradesh,osm_cache:Indore
22.6802859,75.8345836,,clinic,Madhya Pradesh,osm_cache:Indore
22.6809157,75.8347124,,clinic,Madhya Pradesh,osm_cache:Indore
22.6830318,75.8364174,,clinic,Madhya Pradesh,osm_cache:Indore
22.6851722,75.8359355,,doctors,Madhya Pradesh,osm_cache:Indore
22.6798385,75.849551,,clinic,Madhya Pradesh,osm_cache:Indore
22.6994704,75.8678665,,clinic,Madhya Pradesh,osm_cache:Indore
22.6996387,75.8678236,,clinic,Madhya Pradesh,osm_cache:Indore
22.6990296,75.8666034,,clinic,Madhya Pradesh,osm_cache:Indore
22.6992823,75.8665146,,clinic,Madhya Pradesh,osm_cache:Indore
22.6996387,75.8670913,,clinic,Madhya Pradesh,osm_cache:Indore
22.700762,75.8688677,,clinic,Madhya Pradesh,osm_cache:Indore
22.7025238,75.8687711,,hospital,Madhya Pradesh,osm_cache:Indore
22.6970998,75.8653486,,clinic,Madhya Pradesh,osm_cache:Indore
22.6980351,75.8556108,,clinic,Madhya Pradesh,osm_cache:Indore
22.7011975,75.8566797,,clinic,Madhya Pradesh,osm_cache:Indore
22.7075344,75.857656,,clinic,Madhya Pradesh,osm_cache:Indore
22.7005245,75.8630741,,clinic,Madhya Pradesh,osm_cache:Indore
22.698613,75.8661143,,clinic,Madhya Pradesh,osm_cache:Indore
22.6985746,75.8660098,,clinic,Madhya Pradesh,osm_cache:Indore
22.698436,75.8642971,,clinic,Madhya Pradesh,osm_cache:Indore
22.6990794,75.8639538,,clinic,Madhya Pradesh,osm_cache:Indore
22.7023982,75.8620072,,hospital,Madhya Pradesh,osm_cache:Indore
22.6978323,75.8595443,,clinic,Madhya Pradesh,osm_cache:Indore
22.6978323,75.858171,,clinic,Madhya Pradesh,osm_cache:Indore
22.6986637,75.8650803,,clinic,Madhya Pradesh,osm_cache:Indore
22.677076,75.8383669,,clinic,Madhya Pradesh,osm_cache:Indore
22.6768768,75.8447921,,clinic,Madhya Pradesh,osm_cache:Indore
22.67606,75.8371666,,hospital,Madhya Pradesh,osm_cache:Indore
22.6861497,75.8292845,,hospital,Madhya Pradesh,osm_cache:Indore
22.6840415,75.8289919,,clinic,Madhya Pradesh,osm_cache:Indore
22.6840191,75.8299984,,clinic,Madhya Pradesh,osm_cache:Indore
22.6833827,75.8302878,,clinic,Madhya Pradesh,osm_cache:Indore
22.681756,75.8345079,,clinic,Madhya Pradesh,osm_cache:Indore
22.6814772,75.8347596,,clinic,Madhya Pradesh,osm_cache:Indore
22.6820986,75.8264308,,clinic,Madhya Pradesh,osm_cache:Indore
22.6852577,75.8236012,,clinic,Madhya Pradesh,osm_cache:Indore
22.6858679,75.8240665,,clinic,Madhya Pradesh,osm_cache:Indore
22.6868485,75.8247887,,clinic,Madhya Pradesh,osm_cache:Indore
22.6885766,75.8291148,,clinic,Madhya Pradesh,osm_cache:Indore
22.6939789,75.8287794,,clinic,Madhya Pradesh,osm_cache:Indore
22.6801868,75.8516103,,hospital,Madhya Pradesh,osm_cache:Indore
22.6844991,75.8329046,,clinic,Madhya Pradesh,osm_cache:Indore
22.6841261,75.8296806,,hospital,Madhya Pradesh,osm_cache:Indore
22.6799971,75.8511561,,hospital,Madhya Pradesh,osm_cache:Indore
22.6832492,75.8361506,,clinic,Madhya Pradesh,osm_cache:Indore
22.6809532,75.8351311,,clinic,Madhya Pradesh,osm_cache:Indore
22.6818949,75.8350444,,clinic,Madhya Pradesh,osm_cache:Indore
22.6877141,75.8345344,,clinic,Madhya Pradesh,osm_cache:Indore
22.6877296,75.8361982,,doctors,Madhya Pradesh,osm_cache:Indore
22.6873421,75.8340984,,clinic,Madhya Pradesh,osm_cache:Indore
22.6839689,75.8283113,,clinic,Madhya Pradesh,osm_cache:Indore
22.6870344,75.8296778,,clinic,Madhya Pradesh,osm_cache:Indore
22.6879154,75.8286532,,clinic,Madhya Pradesh,osm_cache:Indore
22.6884004,75.829136,,clinic,Madhya Pradesh,osm_cache:Indore
22.6888805,75.8294901,,clinic,Madhya Pradesh,osm_cache:Indore
22.6876853,75.8256109,,clinic,Madhya Pradesh,osm_cache:Indore
22.6854259,75.8241941,,hospital,Madhya Pradesh,osm_cache:Indore
22.677881,75.8365851,,clinic,Madhya Pradesh,osm_cache:Indore
22.6777417,75.8379444,,clinic,Madhya Pradesh,osm_cache:Indore
22.6729701,75.8313972,,clinic,Madhya Pradesh,osm_cache:Indore
22.6726236,75.8301875,,clinic,Madhya Pradesh,osm_cache:Indore
22.6722301,75.8299287,,clinic,Madhya Pradesh,osm_cache:Indore
22.6722374,75.8300491,,clinic,Madhya Pradesh,osm_cache:Indore
22.6717983,75.8292836,,hospital,Madhya Pradesh,osm_cache:Indore
22.6708367,75.8294003,,doctors,Madhya Pradesh,osm_cache:Indore
22.6703999,75.8285514,,clinic,Madhya Pradesh,osm_cache:Indore
22.6666818,75.8258926,,clinic,Madhya Pradesh,osm_cache:Indore
22.7776994,75.8890829,,clinic,Madhya Pradesh,osm_cache:Indore
22.7699439,75.889174,,clinic,Madhya Pradesh,osm_cache:Indore
22.7709313,75.8918455,,clinic,Madhya Pradesh,osm_cache:Indore
22.7695488,75.888759,,hospital,Madhya Pradesh,osm_cache:Indore
22.7724036,75.8832228,,clinic,Madhya Pradesh,osm_cache:Indore
22.7690346,75.8913867,,clinic,Madhya Pradesh,osm_cache:Indore
22.7630557,75.9236323,,doctors,Madhya Pradesh,osm_cache:Indore
22.7630761,75.9235109,,clinic,Madhya Pradesh,osm_cache:Indore
22.7630415,75.9236437,,doctors,Madhya Pradesh,osm_cache:Indore
22.7606349,75.9299442,,clinic,Madhya Pradesh,osm_cache:Indore
22.7623069,75.9267738,,hospital,Madhya Pradesh,osm_cache:Indore
22.7625295,75.9269589,,clinic,Madhya Pradesh,osm_cache:Indore
22.7621536,75.9258753,,clinic,Madhya Pradesh,osm_cache:Indore
22.7969251,75.8979811,,clinic,Madhya Pradesh,osm_cache:Indore
22.7971348,75.8983093,,clinic,Madhya Pradesh,osm_cache:Indore
22.7604123,75.9296706,,clinic,Madhya Pradesh,osm_cache:Indore
22.760813,75.9296599,,clinic,Madhya Pradesh,osm_cache:Indore
22.7622179,75.9270233,,clinic,Madhya Pradesh,osm_cache:Indore
22.7623613,75.925473,,clinic,Madhya Pradesh,osm_cache:Indore
22.7640132,75.9213103,,clinic,Madhya Pradesh,osm_cache:Indore
22.769117,75.8804575,,clinic,Madhya Pradesh,osm_cache:Indore
22.7686645,75.8914009,,clinic,Madhya Pradesh,osm_cache:Indore
22.7687931,75.8907679,,clinic,Madhya Pradesh,osm_cache:Indore
22.7696438,75.8881903,,clinic,Madhya Pradesh,osm_cache:Indore
22.7709794,75.8917952,,clinic,Madhya Pradesh,osm_cache:Indore
22.7765017,75.8908684,,clinic,Madhya Pradesh,osm_cache:Indore
22.7630706,75.9234325,,hospital,Madhya Pradesh,osm_cache:Indore
22.7621579,75.9260007,,hospital,Madhya Pradesh,osm_cache:Indore
22.7618393,75.9273772,,hospital,Madhya Pradesh,osm_cache:Indore
22.7356179,75.9192794,,clinic,Madhya Pradesh,osm_cache:Indore
22.7341244,75.9204004,,clinic,Madhya Pradesh,osm_cache:Indore
22.7316313,75.9208364,,clinic,Madhya Pradesh,osm_cache:Indore
22.7314877,75.9186628,,clinic,Madhya Pradesh,osm_cache:Indore
22.7317117,75.9157355,,clinic,Madhya Pradesh,osm_cache:Indore
22.7404829,75.9167071,,clinic,Madhya Pradesh,osm_cache:Indore
22.7399547,75.9177367,,clinic,Madhya Pradesh,osm_cache:Indore
22.7411771,75.9178422,,clinic,Madhya Pradesh,osm_cache:Indore
22.6684422,75.9122229,,clinic,Madhya Pradesh,osm_cache:Indore
22.6655501,75.9150512,,clinic,Madhya Pradesh,osm_cache:Indore
22.6656231,75.9150177,,clinic,Madhya Pradesh,osm_cache:Indore
22.6649091,75.9150593,,clinic,Madhya Pradesh,osm_cache:Indore
22.6919173,75.9079668,,hospital,Madhya Pradesh,osm_cache:Indore
22.6925775,75.9056929,,hospital,Madhya Pradesh,osm_cache:Indore
22.6723279,75.9150392,,hospital,Madhya Pradesh,osm_cache:Indore
22.692667,75.9038231,,clinic,Madhya Pradesh,osm_cache:Indore
22.6935748,75.9000458,,clinic,Madhya Pradesh,osm_cache:Indore
22.6678083,75.8874788,,doctors,Madhya Pradesh,osm_cache:Indore
22.6924477,75.9011507,,clinic,Madhya Pradesh,osm_cache:Indore
22.6919627,75.9057963,,clinic,Madhya Pradesh,osm_cache:Indore
22.6927638,75.9028023,,clinic,Madhya Pradesh,osm_cache:Indore
22.6726801,75.8802516,,hospital,Madhya Pradesh,osm_cache:Indore
22.6640267,75.894193,,clinic,Madhya Pradesh,osm_cache:Indore
22.6644945,75.8887267,,clinic,Madhya Pradesh,osm_cache:Indore
22.7888436,75.894307,,clinic,Madhya Pradesh,osm_cache:Indore
22.796932,75.8975928,,clinic,Madhya Pradesh,osm_cache:Indore
22.7914123,75.907537,,clinic,Madhya Pradesh,osm_cache:Indore
22.7865037,75.9060122,,clinic,Madhya Pradesh,osm_cache:Indore
22.7706615,75.9048629,,hospital,Madhya Pradesh,osm_cache:Indore
22.7654541,75.904022,,clinic,Madhya Pradesh,osm_cache:Indore
22.7646404,75.9037564,,clinic,Madhya Pradesh,osm_cache:Indore
22.7626272,75.9031154,,clinic,Madhya Pradesh,osm_cache:Indore
22.7626272,75.906554,,clinic,Madhya Pradesh,osm_cache:Indore
22.7863949,75.905984,,clinic,Madhya Pradesh,osm_cache:Indore
22.7567394,75.9093556,,clinic,Madhya Pradesh,osm_cache:Indore
22.7567827,75.909597,,clinic,Madhya Pradesh,osm_cache:Indore
22.6685164,75.8877397,,clinic,Madhya Pradesh,osm_cache:Indore
22.6681452,75.8897057,,doctors,Madhya Pradesh,osm_cache:Indore
22.6675536,75.8887267,,doctors,Madhya Pradesh,osm_cache:Indore
22.6675116,75.8888179,,doctors,Madhya Pradesh,osm_cache:Indore
22.6738084,75.8787213,,clinic,Madhya Pradesh,osm_cache:Indore
22.6751271,75.8716369,,clinic,Madhya Pradesh,osm_cache:Indore
22.6802017,75.8653472,,clinic,Madhya Pradesh,osm_cache:Indore
22.6792346,75.8630815,,clinic,Madhya Pradesh,osm_cache:Indore
22.6742633,75.8303297,,clinic,Madhya Pradesh,osm_cache:Indore
22.6739514,75.8313113,,hospital,Madhya Pradesh,osm_cache:Indore
22.6735703,75.8321911,,hospital,Madhya Pradesh,osm_cache:Indore
22.8067254,75.9189176,,clinic,Madhya Pradesh,osm_cache:Indore
22.8178611,75.9262133,,clinic,Madhya Pradesh,osm_cache:Indore
22.7758857,75.8420295,,clinic,Madhya Pradesh,osm_cache:Indore
22.7675366,75.8477274,,clinic,Madhya Pradesh,osm_cache:Indore
22.7982963,75.9117535,,clinic,Madhya Pradesh,osm_cache:Indore
22.6708366,75.8294851,,doctors,Madhya Pradesh,osm_cache:Indore
22.6715285,75.8290905,,hospital,Madhya Pradesh,osm_cache:Indore
22.6722734,75.8296618,,doctors,Madhya Pradesh,osm_cache:Indore
22.6720706,75.8298515,,clinic,Madhya Pradesh,osm_cache:Indore
22.7865136,75.9058955,,clinic,Madhya Pradesh,osm_cache:Indore
22.791908,75.8474904,,clinic,Madhya Pradesh,osm_cache:Indore
22.8192208,75.9272647,,clinic,Madhya Pradesh,osm_cache:Indore
22.7403131,75.8481502,,clinic,Madhya Pradesh,osm_cache:Indore
22.8194582,75.9284878,,hospital,Madhya Pradesh,osm_cache:Indore
22.8191,75.9273931,,hospital,Madhya Pradesh,osm_cache:Indore
22.7930202,75.9070435,,hospital,Madhya Pradesh,osm_cache:Indore
22.8062162,75.9177102,,clinic,Madhya Pradesh,osm_cache:Indore
22.6919132,75.9038758,,clinic,Madhya Pradesh,osm_cache:Indore
22.6938162,75.9002321,,clinic,Madhya Pradesh,osm_cache:Indore
22.7603213,75.8477999,,clinic,Madhya Pradesh,osm_cache:Indore
22.7382494,75.8344173,,hospital,Madhya Pradesh,osm_cache:Indore
22.7594211,75.8481826,,hospital,Madhya Pradesh,osm_cache:Indore
22.7297365,75.8169526,,clinic,Madhya Pradesh,osm_cache:Indore
22.7383699,75.8263539,,doctors,Madhya Pradesh,osm_cache:Indore
22.7407793,75.7921612,,clinic,Madhya Pradesh,osm_cache:Indore
22.7407083,75.7918265,,hospital,Madhya Pradesh,osm_cache:Indore
22.7370818,75.8377862,,clinic,Madhya Pradesh,osm_cache:Indore
22.7987379,75.8453831,,hospital,Madhya Pradesh,osm_cache:Indore
22.7975545,75.8452694,,hospital,Madhya Pradesh,osm_cache:Indore
22.7965377,75.8454561,,hospital,Madhya Pradesh,osm_cache:Indore
22.798237,75.8455644,,hospital,Madhya Pradesh,osm_cache:Indore
22.6665463,75.8258236,,clinic,Madhya Pradesh,osm_cache:Indore
22.6678086,75.8290717,,clinic,Madhya Pradesh,osm_cache:Indore
22.6682986,75.8272987,,clinic,Madhya Pradesh,osm_cache:Indore
22.6686575,75.8275991,,doctors,Madhya Pradesh,osm_cache:Indore
22.6687961,75.8248431,,hospital,Madhya Pradesh,osm_cache:Indore
22.6694142,75.8278527,,clinic,Madhya Pradesh,osm_cache:Indore
22.818683,75.9267912,,clinic,Madhya Pradesh,osm_cache:Indore
22.7382741,75.8261025,,clinic,Madhya Pradesh,osm_cache:Indore
22.734514,75.8281249,,clinic,Madhya Pradesh,osm_cache:Indore
22.7343012,75.8223957,,clinic,Madhya Pradesh,osm_cache:Indore
22.7321391,75.8276582,,clinic,Madhya Pradesh,osm_cache:Indore
22.7293188,75.8186889,,hospital,Madhya Pradesh,osm_cache:Indore
22.723959,75.8243497,,hospital,Madhya Pradesh,osm_cache:Indore
22.7257366,75.82165,,hospital,Madhya Pradesh,osm_cache:Indore
22.7266074,75.8191502,,clinic,Madhya Pradesh,osm_cache:Indore
22.7262313,75.8188498,,hospital,Madhya Pradesh,osm_cache:Indore
22.7267559,75.816645,,hospital,Madhya Pradesh,osm_cache:Indore
22.7301056,75.8102613,,hospital,Madhya Pradesh,osm_cache:Indore
22.741848,75.7934272,,clinic,Madhya Pradesh,osm_cache:Indore
22.7411949,75.7923221,,clinic,Madhya Pradesh,osm_cache:Indore
22.7387491,75.7910165,,clinic,Madhya Pradesh,osm_cache:Indore
22.7386724,75.7916388,,hospital,Madhya Pradesh,osm_cache:Indore
22.7401591,75.7887715,,hospital,Madhya Pradesh,osm_cache:Indore
22.7248633,75.8246447,,doctors,Madhya Pradesh,osm_cache:Indore
22.7256376,75.8212517,,clinic,Madhya Pradesh,osm_cache:Indore
22.7262549,75.8214636,,clinic,Madhya Pradesh,osm_cache:Indore
22.7259219,75.8193209,,clinic,Madhya Pradesh,osm_cache:Indore
22.7291729,75.8185655,,clinic,Madhya Pradesh,osm_cache:Indore
22.6863437,75.8914533,,clinic,Madhya Pradesh,osm_cache:Indore
22.6871856,75.887389,,hospital,Madhya Pradesh,osm_cache:Indore
22.6901627,75.8665659,,clinic,Madhya Pradesh,osm_cache:Indore
22.6901233,75.8666712,,clinic,Madhya Pradesh,osm_cache:Indore
22.6882542,75.8671936,,clinic,Madhya Pradesh,osm_cache:Indore
22.6870255,75.8676137,,clinic,Madhya Pradesh,osm_cache:Indore
22.6836429,75.8639968,,clinic,Madhya Pradesh,osm_cache:Indore
22.6833868,75.8640946,,clinic,Madhya Pradesh,osm_cache:Indore
22.6819507,75.863847,,clinic,Madhya Pradesh,osm_cache:Indore
22.7418882,75.8386739,,clinic,Madhya Pradesh,osm_cache:Indore
22.737339,75.846734,,clinic,Madhya Pradesh,osm_cache:Indore
22.7383682,75.8475159,,clinic,Madhya Pradesh,osm_cache:Indore
22.7395951,75.848397,,hospital,Madhya Pradesh,osm_cache:Indore
22.7399649,75.8478438,,clinic,Madhya Pradesh,osm_cache:Indore
22.74711,75.8936432,,hospital,Madhya Pradesh,osm_cache:Indore
22.7470061,75.8937452,,doctors,Madhya Pradesh,osm_cache:Indore
22.6618436,75.890041,,hospital,Madhya Pradesh,osm_cache:Indore
22.6597101,75.8913553,,hospital,Madhya Pradesh,osm_cache:Indore
22.6525071,75.8847463,,hospital,Madhya Pradesh,osm_cache:Indore
22.6611339,75.883877,,hospital,Madhya Pradesh,osm_cache:Indore
22.731813,75.8960718,,hospital,Madhya Pradesh,osm_cache:Indore
22.7297122,75.8117151,,hospital,Madhya Pradesh,osm_cache:Indore
22.747177,75.8593785,,hospital,Madhya Pradesh,osm_cache:Indore
22.7243756,75.8642986,,hospital,Madhya Pradesh,osm_cache:Indore
22.7198683,75.8480845,,hospital,Madhya Pradesh,osm_cache:Indore
22.7053287,75.8598755,,clinic,Madhya Pradesh,osm_cache:Indore
22.6962261,75.880098,,hospital,Madhya Pradesh,osm_cache:Indore
22.694495,75.8809226,,hospital,Madhya Pradesh,osm_cache:Indore
22.6901264,75.8814088,,hospital,Madhya Pradesh,osm_cache:Indore
22.6843682,75.8641018,,hospital,Madhya Pradesh,osm_cache:Indore
22.7026988,75.9212545,,hospital,Madhya Pradesh,osm_cache:Indore
22.7012433,75.916167,,hospital,Madhya Pradesh,osm_cache:Indore
22.6975038,75.85456,,hospital,Madhya Pradesh,osm_cache:Indore
22.7204139,75.9026229,,hospital,Madhya Pradesh,osm_cache:Indore
22.7248088,75.9061034,,hospital,Madhya Pradesh,osm_cache:Indore
22.7594679,75.8788991,,hospital,Madhya Pradesh,osm_cache:Indore
22.7481044,75.8781052,,hospital,Madhya Pradesh,osm_cache:Indore
22.6980203,75.9059384,,hospital,Madhya Pradesh,osm_cache:Indore
22.6968388,75.8810972,,hospital,Madhya Pradesh,osm_cache:Indore
22.7013052,75.8722378,,hospital,Madhya Pradesh,osm_cache:Indore
22.7112848,75.8717825,,hospital,Madhya Pradesh,osm_cache:Indore
22.7134478,75.8544863,,hospital,Madhya Pradesh,osm_cache:Indore
22.6860297,75.8629815,,hospital,Madhya Pradesh,osm_cache:Indore
22.7460315,75.8688274,,hospital,Madhya Pradesh,osm_cache:Indore
22.7442938,75.8778611,,hospital,Madhya Pradesh,osm_cache:Indore
22.7419092,75.8789796,,hospital,Madhya Pradesh,osm_cache:Indore
22.7355776,75.8888072,,clinic,Madhya Pradesh,osm_cache:Indore
22.7315645,75.9120298,,hospital,Madhya Pradesh,osm_cache:Indore
22.7265484,75.8897678,,hospital,Madhya Pradesh,osm_cache:Indore
22.7217481,75.900954,,clinic,Madhya Pradesh,osm_cache:Indore
22.7181319,75.906609,,hospital,Madhya Pradesh,osm_cache:Indore
22.719197,75.8708472,,hospital,Madhya Pradesh,osm_cache:Indore
22.7166172,75.8754538,,hospital,Madhya Pradesh,osm_cache:Indore
22.7184246,75.875773,,hospital,Madhya Pradesh,osm_cache:Indore
22.7203166,75.8817375,,hospital,Madhya Pradesh,osm_cache:Indore
22.7307958,75.8749375,,hospital,Madhya Pradesh,osm_cache:Indore
22.727242,75.8853042,,hospital,Madhya Pradesh,osm_cache:Indore
22.7331571,75.9063959,,hospital,Madhya Pradesh,osm_cache:Indore
22.7318268,75.9126158,,hospital,Madhya Pradesh,osm_cache:Indore
22.7327817,75.9143003,,hospital,Madhya Pradesh,osm_cache:Indore
22.7164613,75.8551294,,hospital,Madhya Pradesh,osm_cache:Indore
22.7246041,75.8504362,,clinic,Madhya Pradesh,osm_cache:Indore
22.715481,75.8471149,,clinic,Madhya Pradesh,osm_cache:Indore
22.7154278,75.8440833,,clinic,Madhya Pradesh,osm_cache:Indore
22.7172456,75.8404067,,hospital,Madhya Pradesh,osm_cache:Indore
22.7215283,75.8352837,,clinic,Madhya Pradesh,osm_cache:Indore
22.7246653,75.8254158,,hospital,Madhya Pradesh,osm_cache:Indore
22.761931,75.8747256,,hospital,Madhya Pradesh,osm_cache:Indore
22.7554576,75.8626409,,hospital,Madhya Pradesh,osm_cache:Indore
22.7569383,75.911993,,hospital,Madhya Pradesh,osm_cache:Indore
22.7202492,75.8554512,,hospital,Madhya Pradesh,osm_cache:Indore
22.7158601,75.8432405,,doctors,Madhya Pradesh,osm_cache:Indore
22.7059891,75.8201399,,clinic,Madhya Pradesh,osm_cache:Indore
22.7062836,75.820105,,clinic,Madhya Pradesh,osm_cache:Indore
22.7062465,75.819932,,clinic,Madhya Pradesh,osm_cache:Indore
22.7061883,75.8197778,,clinic,Madhya Pradesh,osm_cache:Indore
22.7292503,75.8962678,,doctors,Madhya Pradesh,osm_cache:Indore
22.7389024,75.8488838,,hospital,Madhya Pradesh,osm_cache:Indore
22.7660113,75.9004875,,hospital,Madhya Pradesh,osm_cache:Indore
22.7353489,75.8880649,,hospital,Madhya Pradesh,osm_cache:Indore
22.7248979,75.8641174,,clinic,Madhya Pradesh,osm_cache:Indore
22.7024137,75.8729996,,clinic,Madhya Pradesh,osm_cache:Indore
22.7363415,75.885791,,hospital,Madhya Pradesh,osm_cache:Indore
22.6981069,75.8280069,,hospital,Madhya Pradesh,osm_cache:Indore
22.7492225,75.8732879,,hospital,Madhya Pradesh,osm_cache:Indore
22.6995978,75.8296202,,clinic,Madhya Pradesh,osm_cache:Indore
22.7300412,75.8820587,,hospital,Madhya Pradesh,osm_cache:Indore
22.6909716,75.8806881,,hospital,Madhya Pradesh,osm_cache:Indore
22.7419383,75.8711844,,hospital,Madhya Pradesh,osm_cache:Indore
22.7025658,75.8686081,,hospital,Madhya Pradesh,osm_cache:Indore
22.7160382,75.8523338,,hospital,Madhya Pradesh,osm_cache:Indore
22.6265252,75.8063272,,hospital,Madhya Pradesh,osm_cache:Indore
22.7116503,75.8780193,,hospital,Madhya Pradesh,osm_cache:Indore
22.7246134,75.8645828,,clinic,Madhya Pradesh,osm_cache:Indore
22.7022776,75.8723344,,hospital,Madhya Pradesh,osm_cache:Indore
22.7008028,75.8409995,,hospital,Madhya Pradesh,osm_cache:Indore
22.7194352,75.8494095,,clinic,Madhya Pradesh,osm_cache:Indore
22.7157791,75.8501874,,hospital,Madhya Pradesh,osm_cache:Indore
22.725368,75.8818978,,hospital,Madhya Pradesh,osm_cache:Indore
22.7168535,75.8626637,,clinic,Madhya Pradesh,osm_cache:Indore
22.7164799,75.8547941,,hospital,Madhya Pradesh,osm_cache:Indore
22.716449,75.8546975,,doctors,Madhya Pradesh,osm_cache:Indore
22.7177788,75.8788575,,clinic,Madhya Pradesh,osm_cache:Indore
22.7180817,75.8809376,,hospital,Madhya Pradesh,osm_cache:Indore
22.7317604,75.8891881,,hospital,Madhya Pradesh,osm_cache:Indore
22.7238452,75.8601022,,clinic,Madhya Pradesh,osm_cache:Indore
22.7167717,75.8753751,,hospital,Madhya Pradesh,osm_cache:Indore
22.7305681,75.8829913,,hospital,Madhya Pradesh,osm_cache:Indore
22.7161224,75.8717966,,hospital,Madhya Pradesh,osm_cache:Indore
22.6900127,75.9304874,,hospital,Madhya Pradesh,osm_cache:Indore
22.7205745,75.8819179,,hospital,Madhya Pradesh,osm_cache:Indore
22.7209988,75.881816,,clinic,Madhya Pradesh,osm_cache:Indore
22.7178011,75.8778986,,hospital,Madhya Pradesh,osm_cache:Indore
22.7426884,75.894067,,clinic,Madhya Pradesh,osm_cache:Indore
22.7147801,75.8859251,,doctors,Madhya Pradesh,osm_cache:Indore
22.7219179,75.8779979,,hospital,Madhya Pradesh,osm_cache:Indore
22.6942343,75.8812085,,hospital,Madhya Pradesh,osm_cache:Indore
22.7164848,75.8546828,,clinic,Madhya Pradesh,osm_cache:Indore
22.7379859,75.8674622,,hospital,Madhya Pradesh,osm_cache:Indore
22.7571611,75.8872837,,clinic,Madhya Pradesh,osm_cache:Indore
22.7217997,75.8348296,,hospital,Madhya Pradesh,osm_cache:Indore
22.7160507,75.8431479,,hospital,Madhya Pradesh,osm_cache:Indore
22.7367917,75.8843835,,clinic,Madhya Pradesh,osm_cache:Indore
22.6980871,75.8443268,,hospital,Madhya Pradesh,osm_cache:Indore
22.7972182,75.8451918,,hospital,Madhya Pradesh,osm_cache:Indore
22.7012259,75.8700854,,clinic,Madhya Pradesh,osm_cache:Indore
22.7229917,75.8984531,,hospital,Madhya Pradesh,osm_cache:Indore
22.7218957,75.880888,,hospital,Madhya Pradesh,osm_cache:Indore
22.7581443,75.8753425,,clinic,Madhya Pradesh,osm_cache:Indore
22.7168683,75.838436,,hospital,Madhya Pradesh,osm_cache:Indore
22.7278382,75.8253226,,hospital,Madhya Pradesh,osm_cache:Indore
22.6835599,75.7560512,,hospital,Madhya Pradesh,osm_cache:Indore
22.7260706,75.8824047,,hospital,Madhya Pradesh,osm_cache:Indore
22.7043895,75.8607808,,hospital,Madhya Pradesh,osm_cache:Indore
22.7203321,75.8402491,,clinic,Madhya Pradesh,osm_cache:Indore
22.7440997,75.8715405,,clinic,Madhya Pradesh,osm_cache:Indore
22.714049,75.8822733,,hospital,Madhya Pradesh,osm_cache:Indore
22.6199494,75.9425519,,hospital,Madhya Pradesh,osm_cache:Indore
22.7139222,75.8566964,,clinic,Madhya Pradesh,osm_cache:Indore
22.645318,75.827975,,clinic,Madhya Pradesh,osm_cache:Indore
22.6289668,75.8064153,,hospital,Madhya Pradesh,osm_cache:Indore
22.6588533,75.8042773,,hospital,Madhya Pradesh,osm_cache:Indore
22.6369986,75.8097168,,hospital,Madhya Pradesh,osm_cache:Indore
22.7176578,75.8667444,,hospital,Madhya Pradesh,osm_cache:Indore
22.707529,75.906239,,hospital,Madhya Pradesh,osm_cache:Indore
22.6978522,75.8787458,,hospital,Madhya Pradesh,osm_cache:Indore
22.756213,75.878223,,hospital,Madhya Pradesh,osm_cache:Indore
22.6916724,75.8805333,,hospital,Madhya Pradesh,osm_cache:Indore
22.7269554,75.8837297,,hospital,Madhya Pradesh,osm_cache:Indore
22.724923,75.889949,,clinic,Madhya Pradesh,osm_cache:Indore
22.710007,75.84975,,hospital,Madhya Pradesh,osm_cache:Indore
22.703622,75.8557083,,hospital,Madhya Pradesh,osm_cache:Indore
22.7580312,75.8854799,,hospital,Madhya Pradesh,osm_cache:Indore
22.743113,75.890916,,hospital,Madhya Pradesh,osm_cache:Indore
22.7296764,75.8969984,,hospital,Madhya Pradesh,osm_cache:Indore
22.726928,75.884611,,hospital,Madhya Pradesh,osm_cache:Indore
22.695929,75.903254,,hospital,Madhya Pradesh,osm_cache:Indore
22.747934,75.846147,,hospital,Madhya Pradesh,osm_cache:Indore
22.745733,75.8930833,,hospital,Madhya Pradesh,osm_cache:Indore
22.721783,75.8797006,,hospital,Madhya Pradesh,osm_cache:Indore
22.708065,75.855639,,hospital,Madhya Pradesh,osm_cache:Indore
22.7590431,75.8890908,,hospital,Madhya Pradesh,osm_cache:Indore
22.6942612,75.9083786,,hospital,Madhya Pradesh,osm_cache:Indore
22.7551567,75.8671865,,hospital,Madhya Pradesh,osm_cache:Indore
22.740934,75.837147,,hospital,Madhya Pradesh,osm_cache:Indore
22.7288625,75.879375,,hospital,Madhya Pradesh,osm_cache:Indore
22.813053,75.848227,,hospital,Madhya Pradesh,osm_cache:Indore
22.7192985,75.8477414,,clinic,Madhya Pradesh,osm_cache:Indore
22.7478805,75.9065268,,clinic,Madhya Pradesh,osm_cache:Indore
22.745538,75.871324,,hospital,Madhya Pradesh,osm_cache:Indore
22.7399638,75.8400928,,hospital,Madhya Pradesh,osm_cache:Indore
22.7558629,75.8965994,,doctors,Madhya Pradesh,osm_cache:Indore
22.7122042,75.9062226,,hospital,Madhya Pradesh,osm_cache:Indore
22.7153907,75.9097279,,clinic,Madhya Pradesh,osm_cache:Indore
22.6845473,75.8816383,,hospital,Madhya Pradesh,osm_cache:Indore
22.6727689,75.8769455,,doctors,Madhya Pradesh,osm_cache:Indore
22.7059545,75.8598028,,doctors,Madhya Pradesh,osm_cache:Indore
22.7051713,75.8599117,,doctors,Madhya Pradesh,osm_cache:Indore
22.7051274,75.855838,,doctors,Madhya Pradesh,osm_cache:Indore
22.7059019,75.85886,,doctors,Madhya Pradesh,osm_cache:Indore
22.696983,75.8820931,,hospital,Madhya Pradesh,osm_cache:Indore
22.7299552,75.9036384,,hospital,Madhya Pradesh,osm_cache:Indore
22.754573,75.9036966,,hospital,Madhya Pradesh,osm_cache:Indore
22.7530113,75.8921148,,hospital,Madhya Pradesh,osm_cache:Indore
22.6912589,75.9008636,,hospital,Madhya Pradesh,osm_cache:Indore
22.6919903,75.9015468,,hospital,Madhya Pradesh,osm_cache:Indore
22.7238412,75.8387246,,clinic,Madhya Pradesh,osm_cache:Indore
22.7247432,75.8251753,,hospital,Madhya Pradesh,osm_cache:Indore
22.7175126,75.8409474,,hospital,Madhya Pradesh,osm_cache:Indore
22.7160122,75.840465,,hospital,Madhya Pradesh,osm_cache:Indore
22.727799,75.8877303,,hospital,Madhya Pradesh,osm_cache:Indore
22.7546676,75.9034643,,hospital,Madhya Pradesh,osm_cache:Indore
22.7323685,75.8891546,,hospital,Madhya Pradesh,osm_cache:Indore
22.7332434,75.8904615,,hospital,Madhya Pradesh,osm_cache:Indore
22.7145423,75.8792591,,hospital,Madhya Pradesh,osm_cache:Indore
22.6889853,75.8525638,,hospital,Madhya Pradesh,osm_cache:Indore
22.714584,75.8808574,,hospital,Madhya Pradesh,osm_cache:Indore
22.758485,75.8890844,,hospital,Madhya Pradesh,osm_cache:Indore
22.7623514,75.8844319,,hospital,Madhya Pradesh,osm_cache:Indore
22.7576093,75.8851751,,hospital,Madhya Pradesh,osm_cache:Indore
22.7560942,75.8796099,,hospital,Madhya Pradesh,osm_cache:Indore
22.7552501,75.8776433,,hospital,Madhya Pradesh,osm_cache:Indore
22.7371566,75.9008409,,hospital,Madhya Pradesh,osm_cache:Indore
22.7189064,75.8779023,,hospital,Madhya Pradesh,osm_cache:Indore
22.7269069,75.8836655,,doctors,Madhya Pradesh,osm_cache:Indore
22.725011,75.89445,,hospital,Madhya Pradesh,osm_cache:Indore
22.7594608,75.8793194,,clinic,Madhya Pradesh,osm_cache:Indore
22.7529659,75.8885919,,hospital,Madhya Pradesh,osm_cache:Indore
26.465464,80.305789,,hospital,Uttar Pradesh,osm_cache:Kanpur
26.464244,80.314388,,hospital,Uttar Pradesh,osm_cache:Kanpur
26.468763,80.318223,,hospital,Uttar Pradesh,osm_cache:Kanpur
26.4640528,80.294101,,doctors,Uttar Pradesh,osm_cache:Kanpur
26.4781242,80.3114319,,hospital,Uttar Pradesh,osm_cache:Kanpur
26.4712772,80.3267936,,clinic,Uttar Pradesh,osm_cache:Kanpur
26.4791725,80.3056219,,hospital,Uttar Pradesh,osm_cache:Kanpur
26.468316,80.3357461,,hospital,Uttar Pradesh,osm_cache:Kanpur
26.4945033,80.2790838,,hospital,Uttar Pradesh,osm_cache:Kanpur
26.409045,80.3274326,,hospital,Uttar Pradesh,osm_cache:Kanpur
26.4527897,80.302311,,hospital,Uttar Pradesh,osm_cache:Kanpur
26.5671937,80.2208604,,hospital,Uttar Pradesh,osm_cache:Kanpur
26.4718516,80.3020616,,hospital,Uttar Pradesh,osm_cache:Kanpur
26.4794961,80.344069,,hospital,Uttar Pradesh,osm_cache:Kanpur
26.4795897,80.3106406,,hospital,Uttar Pradesh,osm_cache:Kanpur
26.439615,80.3091238,,clinic,Uttar Pradesh,osm_cache:Kanpur
26.4201391,80.3293204,,hospital,Uttar Pradesh,osm_cache:Kanpur
26.4984456,80.2374639,,hospital,Uttar Pradesh,osm_cache:Kanpur
26.4721229,80.3406358,,hospital,Uttar Pradesh,osm_cache:Kanpur
26.4793574,80.3015634,,hospital,Uttar Pradesh,osm_cache:Kanpur
26.4808825,80.2994223,,hospital,Uttar Pradesh,osm_cache:Kanpur
26.479268,80.3160292,,hospital,Uttar Pradesh,osm_cache:Kanpur
26.4635912,80.359061,,hospital,Uttar Pradesh,osm_cache:Kanpur
26.4309735,80.307937,,hospital,Uttar Pradesh,osm_cache:Kanpur
26.4983439,80.3117881,,clinic,Uttar Pradesh,osm_cache:Kanpur
26.4952396,80.269344,,hospital,Uttar Pradesh,osm_cache:Kanpur
26.4743257,80.350167,,hospital,Uttar Pradesh,osm_cache:Kanpur
26.4581507,80.3603929,,hospital,Uttar Pradesh,osm_cache:Kanpur
26.422144,80.3196676,,hospital,Uttar Pradesh,osm_cache:Kanpur
26.4311536,80.4056311,,hospital,Uttar Pradesh,osm_cache:Kanpur
26.4841176,80.3198902,,hospital,Uttar Pradesh,osm_cache:Kanpur
26.4137606,80.3832681,,hospital,Uttar Pradesh,osm_cache:Kanpur
26.4817924,80.3022359,,clinic,Uttar Pradesh,osm_cache:Kanpur
26.4727891,80.2927013,,hospital,Uttar Pradesh,osm_cache:Kanpur
26.4044301,80.315024,,hospital,Uttar Pradesh,osm_cache:Kanpur
26.4204133,80.3195925,,hospital,Uttar Pradesh,osm_cache:Kanpur
26.426279,80.400032,,hospital,Uttar Pradesh,osm_cache:Kanpur
26.4728672,80.3254947,,clinic,Uttar Pradesh,osm_cache:Kanpur
26.4387576,80.3438169,,hospital,Uttar Pradesh,osm_cache:Kanpur
26.4807217,80.3000928,,clinic,Uttar Pradesh,osm_cache:Kanpur
26.4879419,80.2893063,,hospital,Uttar Pradesh,osm_cache:Kanpur
26.4788514,80.3229298,,hospital,Uttar Pradesh,osm_cache:Kanpur
26.4765274,80.2951455,,clinic,Uttar Pradesh,osm_cache:Kanpur
26.4193612,80.3895941,,hospital,Uttar Pradesh,osm_cache:Kanpur
26.4694313,80.3202832,,hospital,Uttar Pradesh,osm_cache:Kanpur
26.500529,80.2570769,,hospital,Uttar Pradesh,osm_cache:Kanpur
26.5000165,80.3053232,,hospital,Uttar Pradesh,osm_cache:Kanpur
26.3994503,80.3146715,,hospital,Uttar Pradesh,osm_cache:Kanpur
26.4812162,80.3034604,,hospital,Uttar Pradesh,osm_cache:Kanpur
26.4854512,80.325028,,hospital,Uttar Pradesh,osm_cache:Kanpur
26.4152055,80.3902982,,clinic,Uttar Pradesh,osm_cache:Kanpur
26.5020967,80.2507339,,hospital,Uttar Pradesh,osm_cache:Kanpur
26.4240594,80.3202206,,hospital,Uttar Pradesh,osm_cache:Kanpur
26.4756865,80.3560156,,hospital,Uttar Pradesh,osm_cache:Kanpur
26.4795518,80.3175304,,hospital,Uttar Pradesh,osm_cache:Kanpur
26.4693047,80.3149804,,clinic,Uttar Pradesh,osm_cache:Kanpur
26.4629904,80.3057024,,hospital,Uttar Pradesh,osm_cache:Kanpur
26.4819618,80.3172376,,hospital,Uttar Pradesh,osm_cache:Kanpur
26.4799462,80.3040625,,clinic,Uttar Pradesh,osm_cache:Kanpur
26.4796137,80.3437733,,hospital,Uttar Pradesh,osm_cache:Kanpur
26.4602956,80.2594098,,hospital,Uttar Pradesh,osm_cache:Kanpur
26.4396126,80.3244178,,hospital,Uttar Pradesh,osm_cache:Kanpur
26.413784,80.3150207,,hospital,Uttar Pradesh,osm_cache:Kanpur
26.4289487,80.3065369,,clinic,Uttar Pradesh,osm_cache:Kanpur
26.4381365,80.327277,,clinic,Uttar Pradesh,osm_cache:Kanpur
26.441433,80.3266427,,hospital,Uttar Pradesh,osm_cache:Kanpur
26.4252711,80.3092469,,hospital,Uttar Pradesh,osm_cache:Kanpur
26.4829828,80.313289,,hospital,Uttar Pradesh,osm_cache:Kanpur
26.4945687,80.2792176,,hospital,Uttar Pradesh,osm_cache:Kanpur
26.4625053,80.243741,,hospital,Uttar Pradesh,osm_cache:Kanpur
26.4714566,80.2940364,,clinic,Uttar Pradesh,osm_cache:Kanpur
26.4824454,80.3145647,,clinic,Uttar Pradesh,osm_cache:Kanpur
26.4758744,80.2943628,,hospital,Uttar Pradesh,osm_cache:Kanpur
26.4763701,80.383193,,hospital,Uttar Pradesh,osm_cache:Kanpur
26.4351094,80.3350957,,clinic,Uttar Pradesh,osm_cache:Kanpur
26.3958316,80.3241523,,hospital,Uttar Pradesh,osm_cache:Kanpur
26.4453476,80.2900936,,hospital,Uttar Pradesh,osm_cache:Kanpur
26.4921475,80.2837479,,hospital,Uttar Pradesh,osm_cache:Kanpur
26.4878566,80.3206587,,hospital,Uttar Pradesh,osm_cache:Kanpur
26.4231234,80.3551532,,hospital,Uttar Pradesh,osm_cache:Kanpur
26.5010511,80.2575342,,hospital,Uttar Pradesh,osm_cache:Kanpur
26.4727615,80.3232202,,clinic,Uttar Pradesh,osm_cache:Kanpur
26.4142909,80.3936067,,clinic,Uttar Pradesh,osm_cache:Kanpur
26.4805524,80.2997737,,hospital,Uttar Pradesh,osm_cache:Kanpur
26.4493968,80.2986109,,clinic,Uttar Pradesh,osm_cache:Kanpur
26.4402574,80.3094497,,clinic,Uttar Pradesh,osm_cache:Kanpur
26.4728846,80.3205447,,hospital,Uttar Pradesh,osm_cache:Kanpur
26.4788118,80.3056209,,hospital,Uttar Pradesh,osm_cache:Kanpur
26.4919941,80.2473673,,hospital,Uttar Pradesh,osm_cache:Kanpur
26.4294214,80.301827,,hospital,Uttar Pradesh,osm_cache:Kanpur
26.473014,80.3235877,,clinic,Uttar Pradesh,osm_cache:Kanpur
26.4757531,80.3248114,,hospital,Uttar Pradesh,osm_cache:Kanpur
26.4857146,80.2759342,,clinic,Uttar Pradesh,osm_cache:Kanpur
26.4795707,80.2935573,,hospital,Uttar Pradesh,osm_cache:Kanpur
26.4828719,80.33714,,clinic,Uttar Pradesh,osm_cache:Kanpur
26.4599666,80.247132,,hospital,Uttar Pradesh,osm_cache:Kanpur
26.4352451,80.3177847,,hospital,Uttar Pradesh,osm_cache:Kanpur
26.4392169,80.2926692,,hospital,Uttar Pradesh,osm_cache:Kanpur
26.4677746,80.3070136,,hospital,Uttar Pradesh,osm_cache:Kanpur
26.4760088,80.3465098,,clinic,Uttar Pradesh,osm_cache:Kanpur
26.4104791,80.3783557,,clinic,Uttar Pradesh,osm_cache:Kanpur
26.407704,80.3314365,,hospital,Uttar Pradesh,osm_cache:Kanpur
26.4689307,80.3303629,,clinic,Uttar Pradesh,osm_cache:Kanpur
26.4796845,80.3224813,,hospital,Uttar Pradesh,osm_cache:Kanpur
26.4201982,80.328964,,clinic,Uttar Pradesh,osm_cache:Kanpur
26.4304314,80.2998844,,hospital,Uttar Pradesh,osm_cache:Kanpur
26.4957485,80.2880752,,hospital,Uttar Pradesh,osm_cache:Kanpur
26.4665567,80.3367707,,hospital,Uttar Pradesh,osm_cache:Kanpur
26.4633734,80.2436337,,hospital,Uttar Pradesh,osm_cache:Kanpur
26.4095507,80.3285672,,clinic,Uttar Pradesh,osm_cache:Kanpur
26.4810191,80.3075287,,hospital,Uttar Pradesh,osm_cache:Kanpur
26.4478043,80.303913,,clinic,Uttar Pradesh,osm_cache:Kanpur
26.4230462,80.3882737,,clinic,Uttar Pradesh,osm_cache:Kanpur
26.4795045,80.314271,,hospital,Uttar Pradesh,osm_cache:Kanpur
26.4706637,80.3196408,,clinic,Uttar Pradesh,osm_cache:Kanpur
26.4805512,80.3372837,,hospital,Uttar Pradesh,osm_cache:Kanpur
26.4840275,80.2497008,,hospital,Uttar Pradesh,osm_cache:Kanpur
26.4792296,80.3140309,,hospital,Uttar Pradesh,osm_cache:Kanpur
26.4144909,80.3815126,,hospital,Uttar Pradesh,osm_cache:Kanpur
26.4213129,80.3920779,,hospital,Uttar Pradesh,osm_cache:Kanpur
26.4727543,80.3489359,,hospital,Uttar Pradesh,osm_cache:Kanpur
26.4348052,80.3015697,,hospital,Uttar Pradesh,osm_cache:Kanpur
26.41613,80.2969922,,hospital,Uttar Pradesh,osm_cache:Kanpur
26.4211347,80.3180405,,hospital,Uttar Pradesh,osm_cache:Kanpur
26.4809198,80.2459457,,hospital,Uttar Pradesh,osm_cache:Kanpur
26.4965306,80.2535283,,hospital,Uttar Pradesh,osm_cache:Kanpur
26.446065,80.292013,,hospital,Uttar Pradesh,osm_cache:Kanpur
26.4520246,80.3068255,,hospital,Uttar Pradesh,osm_cache:Kanpur
26.4235699,80.3201424,,hospital,Uttar Pradesh,osm_cache:Kanpur
26.4789036,80.304545,,hospital,Uttar Pradesh,osm_cache:Kanpur
26.4908616,80.2508829,,hospital,Uttar Pradesh,osm_cache:Kanpur
26.4643404,80.3024695,,hospital,Uttar Pradesh,osm_cache:Kanpur
26.4292042,80.3021013,,hospital,Uttar Pradesh,osm_cache:Kanpur
26.467618,80.2487713,,hospital,Uttar Pradesh,osm_cache:Kanpur
26.490033,80.246573,,hospital,Uttar Pradesh,osm_cache:Kanpur
26.4363234,80.3039944,,hospital,Uttar Pradesh,osm_cache:Kanpur
26.4420488,80.2977356,,hospital,Uttar Pradesh,osm_cache:Kanpur
26.4412092,80.2931634,,hospital,Uttar Pradesh,osm_cache:Kanpur
26.4082916,80.3226006,,hospital,Uttar Pradesh,osm_cache:Kanpur
26.425111,80.3263608,,hospital,Uttar Pradesh,osm_cache:Kanpur
26.4226298,80.302848,,hospital,Uttar Pradesh,osm_cache:Kanpur
26.4762302,80.2868425,,hospital,Uttar Pradesh,osm_cache:Kanpur
26.428073,80.3208681,,hospital,Uttar Pradesh,osm_cache:Kanpur
26.4407734,80.29936,,hospital,Uttar Pradesh,osm_cache:Kanpur
26.4341246,80.3016336,,hospital,Uttar Pradesh,osm_cache:Kanpur
26.4779926,80.244155,,hospital,Uttar Pradesh,osm_cache:Kanpur
26.4844728,80.2508067,,hospital,Uttar Pradesh,osm_cache:Kanpur
26.4840826,80.2446146,,hospital,Uttar Pradesh,osm_cache:Kanpur
26.396746,80.323418,,hospital,Uttar Pradesh,osm_cache:Kanpur
26.496557,80.2436952,,hospital,Uttar Pradesh,osm_cache:Kanpur
26.4395556,80.3108157,,hospital,Uttar Pradesh,osm_cache:Kanpur
26.4354633,80.2874106,,hospital,Uttar Pradesh,osm_cache:Kanpur
26.4793556,80.3160697,,hospital,Uttar Pradesh,osm_cache:Kanpur
26.4947458,80.2547548,,hospital,Uttar Pradesh,osm_cache:Kanpur
26.4927666,80.2527644,,hospital,Uttar Pradesh,osm_cache:Kanpur
26.4939082,80.2490212,,hospital,Uttar Pradesh,osm_cache:Kanpur
26.4848634,80.2562763,,hospital,Uttar Pradesh,osm_cache:Kanpur
26.4980692,80.2405193,,hospital,Uttar Pradesh,osm_cache:Kanpur
26.4655444,80.2619627,,hospital,Uttar Pradesh,osm_cache:Kanpur
26.4380686,80.2714112,,hospital,Uttar Pradesh,osm_cache:Kanpur
26.471595,80.242583,,hospital,Uttar Pradesh,osm_cache:Kanpur
26.4966226,80.2529902,,hospital,Uttar Pradesh,osm_cache:Kanpur
26.4668348,80.3065835,,hospital,Uttar Pradesh,osm_cache:Kanpur
26.435452,80.3089165,,hospital,Uttar Pradesh,osm_cache:Kanpur
26.4271922,80.3350672,,hospital,Uttar Pradesh,osm_cache:Kanpur
26.473978,80.293236,,hospital,Uttar Pradesh,osm_cache:Kanpur
26.4506626,80.3063278,,hospital,Uttar Pradesh,osm_cache:Kanpur
26.4151589,80.319435,,hospital,Uttar Pradesh,osm_cache:Kanpur
26.4811998,80.3436045,,hospital,Uttar Pradesh,osm_cache:Kanpur
26.4486148,80.3090486,,hospital,Uttar Pradesh,osm_cache:Kanpur
26.4298594,80.2898738,,hospital,Uttar Pradesh,osm_cache:Kanpur
26.4820398,80.30321,,hospital,Uttar Pradesh,osm_cache:Kanpur
26.436185,80.2730833,,hospital,Uttar Pradesh,osm_cache:Kanpur
26.424901,80.303751,,hospital,Uttar Pradesh,osm_cache:Kanpur
26.4647984,80.3060965,,hospital,Uttar Pradesh,osm_cache:Kanpur
26.413303,80.2988164,,hospital,Uttar Pradesh,osm_cache:Kanpur
26.3970138,80.3286391,,hospital,Uttar Pradesh,osm_cache:Kanpur
26.4960542,80.2521237,,hospital,Uttar Pradesh,osm_cache:Kanpur
26.3929574,80.3171224,,hospital,Uttar Pradesh,osm_cache:Kanpur
26.4405956,80.2812601,,hospital,Uttar Pradesh,osm_cache:Kanpur
26.4782262,80.3486214,,hospital,Uttar Pradesh,osm_cache:Kanpur
26.4334214,80.3145196,,hospital,Uttar Pradesh,osm_cache:Kanpur
26.3881898,80.3095276,,hospital,Uttar Pradesh,osm_cache:Kanpur
26.4345552,80.3027312,,hospital,Uttar Pradesh,osm_cache:Kanpur
26.432604,80.297997,,hospital,Uttar Pradesh,osm_cache:Kanpur
26.4294583,80.3300111,,hospital,Uttar Pradesh,osm_cache:Kanpur
26.4434516,80.2864849,,hospital,Uttar Pradesh,osm_cache:Kanpur
26.4423466,80.2938076,,hospital,Uttar Pradesh,osm_cache:Kanpur
26.3943803,80.3128923,,hospital,Uttar Pradesh,osm_cache:Kanpur
26.440292,80.2796814,,hospital,Uttar Pradesh,osm_cache:Kanpur
26.4842178,80.256,,hospital,Uttar Pradesh,osm_cache:Kanpur
26.412936,80.3246691,,hospital,Uttar Pradesh,osm_cache:Kanpur
26.4412496,80.3208933,,hospital,Uttar Pradesh,osm_cache:Kanpur
26.4637792,80.2966156,,hospital,Uttar Pradesh,osm_cache:Kanpur
26.4041953,80.3033404,,hospital,Uttar Pradesh,osm_cache:Kanpur
26.4633274,80.2435715,,hospital,Uttar Pradesh,osm_cache:Kanpur
26.4382968,80.3333814,,hospital,Uttar Pradesh,osm_cache:Kanpur
26.4949552,80.2495592,,hospital,Uttar Pradesh,osm_cache:Kanpur
26.411717,80.332896,,hospital,Uttar Pradesh,osm_cache:Kanpur
26.3939435,80.3118793,,hospital,Uttar Pradesh,osm_cache:Kanpur
26.485006,80.2489416,,hospital,Uttar Pradesh,osm_cache:Kanpur
26.429673,80.3012719,,hospital,Uttar Pradesh,osm_cache:Kanpur
26.4731026,80.2959961,,hospital,Uttar Pradesh,osm_cache:Kanpur
26.4298823,80.2901908,,hospital,Uttar Pradesh,osm_cache:Kanpur
26.388799,80.31303,,hospital,Uttar Pradesh,osm_cache:Kanpur
26.4373156,80.2826888,,hospital,Uttar Pradesh,osm_cache:Kanpur
26.4826868,80.2811825,,hospital,Uttar Pradesh,osm_cache:Kanpur
26.489764,80.265679,,hospital,Uttar Pradesh,osm_cache:Kanpur
26.4753348,80.2860444,,hospital,Uttar Pradesh,osm_cache:Kanpur
26.3902964,80.3116336,,hospital,Uttar Pradesh,osm_cache:Kanpur
26.4622903,80.244649,,hospital,Uttar Pradesh,osm_cache:Kanpur
26.4758309,80.3005286,,hospital,Uttar Pradesh,osm_cache:Kanpur
26.4773044,80.2725991,,hospital,Uttar Pradesh,osm_cache:Kanpur
26.4164054,80.3281649,,hospital,Uttar Pradesh,osm_cache:Kanpur
26.4742698,80.2837909,,hospital,Uttar Pradesh,osm_cache:Kanpur
26.3998309,80.3146522,,hospital,Uttar Pradesh,osm_cache:Kanpur
26.3948501,80.3131154,,hospital,Uttar Pradesh,osm_cache:Kanpur
26.4512764,80.3004194,,hospital,Uttar Pradesh,osm_cache:Kanpur
26.4832658,80.2875474,,hospital,Uttar Pradesh,osm_cache:Kanpur
26.3972276,80.3146814,,hospital,Uttar Pradesh,osm_cache:Kanpur
26.4298416,80.2921882,,hospital,Uttar Pradesh,osm_cache:Kanpur
26.4723152,80.3505315,,hospital,Uttar Pradesh,osm_cache:Kanpur
26.4363952,80.2863142,,hospital,Uttar Pradesh,osm_cache:Kanpur
26.418948,80.3133719,,hospital,Uttar Pradesh,osm_cache:Kanpur
26.4313268,80.2969058,,hospital,Uttar Pradesh,osm_cache:Kanpur
26.4883816,80.246312,,hospital,Uttar Pradesh,osm_cache:Kanpur
26.414795,80.3005119,,hospital,Uttar Pradesh,osm_cache:Kanpur
26.4753148,80.2860992,,hospital,Uttar Pradesh,osm_cache:Kanpur
26.5493938,80.2590829,,hospital,Uttar Pradesh,osm_cache:Kanpur
26.4802958,80.2376196,,hospital,Uttar Pradesh,osm_cache:Kanpur
26.4236203,80.3201758,,hospital,Uttar Pradesh,osm_cache:Kanpur
26.4217223,80.3194895,,hospital,Uttar Pradesh,osm_cache:Kanpur
26.464995,80.3059435,,hospital,Uttar Pradesh,osm_cache:Kanpur
26.5117507,80.2640495,,hospital,Uttar Pradesh,osm_cache:Kanpur
26.4808782,80.3219459,,doctors,Uttar Pradesh,osm_cache:Kanpur
26.4667971,80.3055051,,doctors,Uttar Pradesh,osm_cache:Kanpur
26.5053109,80.2336663,,hospital,Uttar Pradesh,osm_cache:Kanpur
26.4473919,80.3774628,,hospital,Uttar Pradesh,osm_cache:Kanpur
10.01816,76.34672,,hospital,Kerala,osm_cache:Kochi
10.0252315,76.3388796,,hospital,Kerala,osm_cache:Kochi
9.9432462,76.3741513,,hospital,Kerala,osm_cache:Kochi
9.9502203,76.3179964,,hospital,Kerala,osm_cache:Kochi
9.9377796,76.3227155,,hospital,Kerala,osm_cache:Kochi
9.9585788,76.3192419,,hospital,Kerala,osm_cache:Kochi
9.9538555,76.3423588,,hospital,Kerala,osm_cache:Kochi
9.9438728,76.349062,,hospital,Kerala,osm_cache:Kochi
9.9859833,76.2814393,,hospital,Kerala,osm_cache:Kochi
9.9787245,76.2867126,,hospital,Kerala,osm_cache:Kochi
9.9849328,76.2832964,,hospital,Kerala,osm_cache:Kochi
10.0213004,76.3080439,,hospital,Kerala,osm_cache:Kochi
9.9446102,76.3727576,,hospital,Kerala,osm_cache:Kochi
9.9468667,76.2560419,,hospital,Kerala,osm_cache:Kochi
9.9478979,76.2558553,,hospital,Kerala,osm_cache:Kochi
9.9517801,76.3582407,,clinic,Kerala,osm_cache:Kochi
9.9812391,76.2834857,,hospital,Kerala,osm_cache:Kochi
9.9770906,76.3170085,,hospital,Kerala,osm_cache:Kochi
10.0596791,76.2892867,,clinic,Kerala,osm_cache:Kochi
9.9690057,76.299672,,hospital,Kerala,osm_cache:Kochi
9.9647734,76.3191089,,hospital,Kerala,osm_cache:Kochi
9.9879592,76.2942771,,hospital,Kerala,osm_cache:Kochi
10.0210207,76.3100405,,clinic,Kerala,osm_cache:Kochi
9.9194425,76.3128645,,hospital,Kerala,osm_cache:Kochi
9.9880943,76.2827224,,hospital,Kerala,osm_cache:Kochi
9.914624,76.3650399,,doctors,Kerala,osm_cache:Kochi
10.0160984,76.2888545,,hospital,Kerala,osm_cache:Kochi
9.9641496,76.3050675,,hospital,Kerala,osm_cache:Kochi
10.006847,76.3052486,,hospital,Kerala,osm_cache:Kochi
9.9606957,76.2427028,,doctors,Kerala,osm_cache:Kochi
9.9242502,76.3579443,,hospital,Kerala,osm_cache:Kochi
9.912541,76.2936908,,clinic,Kerala,osm_cache:Kochi
9.9696286,76.3380557,,hospital,Kerala,osm_cache:Kochi
9.8781612,76.3033573,,hospital,Kerala,osm_cache:Kochi
9.9467902,76.3522044,,hospital,Kerala,osm_cache:Kochi
9.9428842,76.2606941,,hospital,Kerala,osm_cache:Kochi
9.9700978,76.2991192,,hospital,Kerala,osm_cache:Kochi
9.9244655,76.2558179,,hospital,Kerala,osm_cache:Kochi
9.9653574,76.3003696,,hospital,Kerala,osm_cache:Kochi
9.9015883,76.3916751,,clinic,Kerala,osm_cache:Kochi
10.0515389,76.296743,,hospital,Kerala,osm_cache:Kochi
10.0099874,76.3126431,,hospital,Kerala,osm_cache:Kochi
9.9883115,76.2957781,,hospital,Kerala,osm_cache:Kochi
10.0190155,76.3436562,,hospital,Kerala,osm_cache:Kochi
9.9280376,76.3912795,,hospital,Kerala,osm_cache:Kochi
9.9942959,76.2954314,,hospital,Kerala,osm_cache:Kochi
9.9869551,76.3167563,,hospital,Kerala,osm_cache:Kochi
10.0601909,76.3014141,,hospital,Kerala,osm_cache:Kochi
9.9719005,76.2844183,,clinic,Kerala,osm_cache:Kochi
10.0078069,76.3156834,,clinic,Kerala,osm_cache:Kochi
9.9905344,76.2860182,,hospital,Kerala,osm_cache:Kochi
10.0441967,76.2977904,,hospital,Kerala,osm_cache:Kochi
10.0234595,76.3410974,,hospital,Kerala,osm_cache:Kochi
9.9885361,76.3101165,,clinic,Kerala,osm_cache:Kochi
10.0594005,76.2478738,,hospital,Kerala,osm_cache:Kochi
9.9599096,76.2903858,,hospital,Kerala,osm_cache:Kochi
9.9014932,76.275571,,hospital,Kerala,osm_cache:Kochi
10.0340046,76.3331406,,hospital,Kerala,osm_cache:Kochi
10.0355497,76.3160053,,clinic,Kerala,osm_cache:Kochi
10.0192427,76.3045053,,hospital,Kerala,osm_cache:Kochi
9.9757639,76.2821645,,clinic,Kerala,osm_cache:Kochi
9.9809006,76.313999,,hospital,Kerala,osm_cache:Kochi
9.9855128,76.2795923,,clinic,Kerala,osm_cache:Kochi
10.0032624,76.2953791,,hospital,Kerala,osm_cache:Kochi
9.9634535,76.3010952,,hospital,Kerala,osm_cache:Kochi
10.0262289,76.4479498,,clinic,Kerala,osm_cache:Kochi
9.9766807,76.2809636,,clinic,Kerala,osm_cache:Kochi
9.9417653,76.3469619,,hospital,Kerala,osm_cache:Kochi
9.9000429,76.3965886,,hospital,Kerala,osm_cache:Kochi
9.9011502,76.3874512,,hospital,Kerala,osm_cache:Kochi
9.9010103,76.3843557,,hospital,Kerala,osm_cache:Kochi
9.938384,76.3301431,,hospital,Kerala,osm_cache:Kochi
9.9350137,76.3273095,,hospital,Kerala,osm_cache:Kochi
9.9544308,76.3276624,,hospital,Kerala,osm_cache:Kochi
9.9778718,76.314372,,clinic,Kerala,osm_cache:Kochi
9.9872487,76.312411,,clinic,Kerala,osm_cache:Kochi
10.0234813,76.3117954,,clinic,Kerala,osm_cache:Kochi
9.9883939,76.3091576,,hospital,Kerala,osm_cache:Kochi
10.0015916,76.3138432,,clinic,Kerala,osm_cache:Kochi
10.0334447,76.3140197,,clinic,Kerala,osm_cache:Kochi
10.0274658,76.3110466,,clinic,Kerala,osm_cache:Kochi
10.0495861,76.3173511,,hospital,Kerala,osm_cache:Kochi
10.0644837,76.322621,,clinic,Kerala,osm_cache:Kochi
10.0625454,76.3229797,,clinic,Kerala,osm_cache:Kochi
9.9233882,76.3901726,,hospital,Kerala,osm_cache:Kochi
9.9645322,76.3407869,,clinic,Kerala,osm_cache:Kochi
9.9652942,76.3404336,,clinic,Kerala,osm_cache:Kochi
9.9333953,76.3879899,,hospital,Kerala,osm_cache:Kochi
9.9710749,76.3564597,,clinic,Kerala,osm_cache:Kochi
10.0162035,76.2848802,,clinic,Kerala,osm_cache:Kochi
9.8586269,76.4013253,,clinic,Kerala,osm_cache:Kochi
9.95858,76.3585398,,clinic,Kerala,osm_cache:Kochi
9.840361,76.4157952,,hospital,Kerala,osm_cache:Kochi
9.9572164,76.3569735,,clinic,Kerala,osm_cache:Kochi
9.9531464,76.3583545,,clinic,Kerala,osm_cache:Kochi
9.9517542,76.3458182,,hospital,Kerala,osm_cache:Kochi
9.9669403,76.3045248,,clinic,Kerala,osm_cache:Kochi
9.96675,76.3039899,,clinic,Kerala,osm_cache:Kochi
9.9014725,76.2936578,,clinic,Kerala,osm_cache:Kochi
10.0192312,76.3038944,,clinic,Kerala,osm_cache:Kochi
9.9447406,76.2572569,,clinic,Kerala,osm_cache:Kochi
10.0257156,76.3496557,,clinic,Kerala,osm_cache:Kochi
10.0512687,76.2962954,,hospital,Kerala,osm_cache:Kochi
10.0517171,76.2968834,,hospital,Kerala,osm_cache:Kochi
10.0167335,76.3457529,,doctors,Kerala,osm_cache:Kochi
10.0166947,76.345878,,clinic,Kerala,osm_cache:Kochi
10.0165468,76.3460282,,clinic,Kerala,osm_cache:Kochi
10.070068,76.278966,,clinic,Kerala,osm_cache:Kochi
10.0269055,76.3066287,,clinic,Kerala,osm_cache:Kochi
10.0172719,76.4283668,,hospital,Kerala,osm_cache:Kochi
10.0681667,76.3632029,,clinic,Kerala,osm_cache:Kochi
10.0049411,76.402038,,doctors,Kerala,osm_cache:Kochi
10.0037817,76.3976039,,hospital,Kerala,osm_cache:Kochi
10.027905,76.388979,,hospital,Kerala,osm_cache:Kochi
9.9674326,76.3012127,,hospital,Kerala,osm_cache:Kochi
9.832089,76.424072,,clinic,Kerala,osm_cache:Kochi
9.986819,76.285434,,hospital,Kerala,osm_cache:Kochi
10.0455936,76.220118,,clinic,Kerala,osm_cache:Kochi
9.965001,76.241904,,hospital,Kerala,osm_cache:Kochi
9.9720847,76.3326414,,clinic,Kerala,osm_cache:Kochi
10.041118,76.318412,,clinic,Kerala,osm_cache:Kochi
10.033897,76.3294623,,hospital,Kerala,osm_cache:Kochi
10.0196125,76.3046442,,hospital,Kerala,osm_cache:Kochi
9.8314397,76.4251261,,clinic,Kerala,osm_cache:Kochi
9.9409952,76.2554458,,clinic,Kerala,osm_cache:Kochi
9.9824178,76.3241707,,hospital,Kerala,osm_cache:Kochi
9.9997548,76.2350221,,hospital,Kerala,osm_cache:Kochi
9.978757,76.286691,,hospital,Kerala,osm_cache:Kochi
10.0146072,76.2933848,,hospital,Kerala,osm_cache:Kochi
10.0320122,76.304213,,hospital,Kerala,osm_cache:Kochi
10.067339,76.2124295,,clinic,Kerala,osm_cache:Kochi
9.9885642,76.2950623,,clinic,Kerala,osm_cache:Kochi
10.0632087,76.3187175,,hospital,Kerala,osm_cache:Kochi
10.0456311,76.2205404,,clinic,Kerala,osm_cache:Kochi
9.9932055,76.3146743,,hospital,Kerala,osm_cache:Kochi
9.9689594,76.2932547,,hospital,Kerala,osm_cache:Kochi
10.0227609,76.3311678,,clinic,Kerala,osm_cache:Kochi
9.852067,76.402843,,clinic,Kerala,osm_cache:Kochi
10.0444686,76.3187368,,clinic,Kerala,osm_cache:Kochi
9.9730963,76.2860427,,hospital,Kerala,osm_cache:Kochi
9.988625,76.2815897,,clinic,Kerala,osm_cache:Kochi
9.9413298,76.2557025,,hospital,Kerala,osm_cache:Kochi
9.874805,76.265615,,hospital,Kerala,osm_cache:Kochi
9.9172926,76.2792219,,hospital,Kerala,osm_cache:Kochi
10.054538,76.319607,,hospital,Kerala,osm_cache:Kochi
9.9658517,76.2878457,,clinic,Kerala,osm_cache:Kochi
9.9651653,76.3156016,,hospital,Kerala,osm_cache:Kochi
10.0090884,76.3034525,,hospital,Kerala,osm_cache:Kochi
9.8488868,76.3079554,,hospital,Kerala,osm_cache:Kochi
9.8778836,76.3033526,,hospital,Kerala,osm_cache:Kochi
10.0181369,76.2842889,,clinic,Kerala,osm_cache:Kochi
9.9168471,76.3159622,,clinic,Kerala,osm_cache:Kochi
9.8691166,76.3984417,,clinic,Kerala,osm_cache:Kochi
10.0479903,76.3183609,,clinic,Kerala,osm_cache:Kochi
10.0438538,76.217612,,hospital,Kerala,osm_cache:Kochi
9.9062493,76.2950036,,hospital,Kerala,osm_cache:Kochi
9.9634654,76.2456297,,clinic,Kerala,osm_cache:Kochi
9.9542828,76.3289044,,hospital,Kerala,osm_cache:Kochi
10.0238379,76.3412942,,hospital,Kerala,osm_cache:Kochi
9.9690891,76.4232657,,hospital,Kerala,osm_cache:Kochi
9.9688903,76.4230156,,clinic,Kerala,osm_cache:Kochi
9.9697259,76.4233299,,clinic,Kerala,osm_cache:Kochi
9.9697729,76.4244743,,clinic,Kerala,osm_cache:Kochi
9.9639438,76.2463522,,clinic,Kerala,osm_cache:Kochi
9.9471843,76.2561621,,doctors,Kerala,osm_cache:Kochi
10.0458685,76.2211399,,clinic,Kerala,osm_cache:Kochi
9.9952236,76.3085194,,clinic,Kerala,osm_cache:Kochi
10.0435109,76.3232099,,hospital,Kerala,osm_cache:Kochi
9.9738196,76.2436858,,clinic,Kerala,osm_cache:Kochi
9.8622787,76.3260994,,hospital,Kerala,osm_cache:Kochi
9.9784164,76.3340708,,hospital,Kerala,osm_cache:Kochi
9.9595968,76.4210607,,clinic,Kerala,osm_cache:Kochi
9.9336989,76.3532833,,hospital,Kerala,osm_cache:Kochi
9.893069,76.4324751,,hospital,Kerala,osm_cache:Kochi
10.0222321,76.3166833,,hospital,Kerala,osm_cache:Kochi
10.0534587,76.3543132,,hospital,Kerala,osm_cache:Kochi
10.0566983,76.3018712,,hospital,Kerala,osm_cache:Kochi
9.8532765,76.2668448,,clinic,Kerala,osm_cache:Kochi
10.0061874,76.2849195,,hospital,Kerala,osm_cache:Kochi
9.9692699,76.4384413,,clinic,Kerala,osm_cache:Kochi
9.9642981,76.288373,,hospital,Kerala,osm_cache:Kochi
9.8527089,76.402688,,clinic,Kerala,osm_cache:Kochi
9.9933803,76.3144506,,hospital,Kerala,osm_cache:Kochi
9.8625823,76.399447,,clinic,Kerala,osm_cache:Kochi
9.9703714,76.4426382,,clinic,Kerala,osm_cache:Kochi
9.969199,76.4385314,,clinic,Kerala,osm_cache:Kochi
9.9698405,76.4395688,,clinic,Kerala,osm_cache:Kochi
10.0572971,76.2181225,,hospital,Kerala,osm_cache:Kochi
10.0558672,76.2151066,,hospital,Kerala,osm_cache:Kochi
10.0484564,76.2169453,,clinic,Kerala,osm_cache:Kochi
10.0479327,76.2202664,,hospital,Kerala,osm_cache:Kochi
10.0669091,76.410449,,hospital,Kerala,osm_cache:Kochi
9.9364863,76.2555454,,hospital,Kerala,osm_cache:Kochi
9.977367,76.4270432,,hospital,Kerala,osm_cache:Kochi
10.0401542,76.2661684,,clinic,Kerala,osm_cache:Kochi
9.9597832,76.2598371,,hospital,Kerala,osm_cache:Kochi
9.9338058,76.2588377,,clinic,Kerala,osm_cache:Kochi
9.9835441,76.3139575,,hospital,Kerala,osm_cache:Kochi
9.979997,76.320338,,hospital,Kerala,osm_cache:Kochi
9.9935425,76.2883583,,hospital,Kerala,osm_cache:Kochi
10.0196448,76.3169704,,hospital,Kerala,osm_cache:Kochi
9.989758,76.3065874,,hospital,Kerala,osm_cache:Kochi
9.9509907,76.2494468,,hospital,Kerala,osm_cache:Kochi
9.954131,76.3287701,,hospital,Kerala,osm_cache:Kochi
9.9360022,76.2549759,,hospital,Kerala,osm_cache:Kochi
10.0527471,76.3553898,,hospital,Kerala,osm_cache:Kochi
9.9538492,76.2547957,,hospital,Kerala,osm_cache:Kochi
9.8477655,76.4099553,,hospital,Kerala,osm_cache:Kochi
9.9338036,76.3501871,,clinic,Kerala,osm_cache:Kochi
9.9207109,76.3617036,,clinic,Kerala,osm_cache:Kochi
9.9417074,76.3469456,,clinic,Kerala,osm_cache:Kochi
9.9756999,76.3279275,,clinic,Kerala,osm_cache:Kochi
9.9560245,76.3713185,,clinic,Kerala,osm_cache:Kochi
9.9679331,76.358991,,clinic,Kerala,osm_cache:Kochi
9.9466279,76.3460719,,clinic,Kerala,osm_cache:Kochi
9.9632872,76.3580176,,clinic,Kerala,osm_cache:Kochi
9.9385157,76.3509371,,clinic,Kerala,osm_cache:Kochi
9.9351177,76.3527903,,clinic,Kerala,osm_cache:Kochi
9.9638374,76.3367423,,clinic,Kerala,osm_cache:Kochi
9.9489684,76.3473354,,clinic,Kerala,osm_cache:Kochi
9.9465204,76.3462484,,hospital,Kerala,osm_cache:Kochi
9.9534349,76.3425567,,clinic,Kerala,osm_cache:Kochi
10.0402557,76.3105798,,hospital,Kerala,osm_cache:Kochi
9.8681877,76.320485,,hospital,Kerala,osm_cache:Kochi
9.8468759,76.3239656,,hospital,Kerala,osm_cache:Kochi
10.0111007,76.2872002,,clinic,Kerala,osm_cache:Kochi
9.8499249,76.3270393,,hospital,Kerala,osm_cache:Kochi
9.8529474,76.3267243,,hospital,Kerala,osm_cache:Kochi
10.063749,76.2464597,,hospital,Kerala,osm_cache:Kochi
10.0009723,76.2447972,,hospital,Kerala,osm_cache:Kochi
10.0007893,76.245324,,hospital,Kerala,osm_cache:Kochi
9.8696981,76.304603,,hospital,Kerala,osm_cache:Kochi
9.855144,76.3072388,,hospital,Kerala,osm_cache:Kochi
9.8483763,76.3073569,,hospital,Kerala,osm_cache:Kochi
9.8663127,76.3047634,,hospital,Kerala,osm_cache:Kochi
9.8477898,76.307437,,hospital,Kerala,osm_cache:Kochi
9.9294302,76.2702904,,hospital,Kerala,osm_cache:Kochi
9.9431005,76.246642,,clinic,Kerala,osm_cache:Kochi
9.9896091,76.3067297,,hospital,Kerala,osm_cache:Kochi
9.9807774,76.3201955,,hospital,Kerala,osm_cache:Kochi
9.8917005,76.3844212,,doctors,Kerala,osm_cache:Kochi
9.992906,76.4122204,,clinic,Kerala,osm_cache:Kochi
9.9681447,76.3389561,,clinic,Kerala,osm_cache:Kochi
9.9617178,76.4105859,,hospital,Kerala,osm_cache:Kochi
9.9545669,76.3025012,,clinic,Kerala,osm_cache:Kochi
9.9544936,76.3022265,,clinic,Kerala,osm_cache:Kochi
9.9580375,76.3021655,,clinic,Kerala,osm_cache:Kochi
9.9660294,76.3059002,,clinic,Kerala,osm_cache:Kochi
9.9651437,76.2973151,,clinic,Kerala,osm_cache:Kochi
9.9648929,76.295843,,clinic,Kerala,osm_cache:Kochi
9.9643846,76.2925786,,clinic,Kerala,osm_cache:Kochi
9.962967,76.3017359,,clinic,Kerala,osm_cache:Kochi
9.9569298,76.2959645,,clinic,Kerala,osm_cache:Kochi
9.9410006,76.2956753,,clinic,Kerala,osm_cache:Kochi
9.9582882,76.295017,,clinic,Kerala,osm_cache:Kochi
9.9608627,76.2952932,,clinic,Kerala,osm_cache:Kochi
9.964205,76.2953158,,clinic,Kerala,osm_cache:Kochi
9.9632942,76.2950103,,clinic,Kerala,osm_cache:Kochi
9.962644,76.2955699,,clinic,Kerala,osm_cache:Kochi
9.9456016,76.2956072,,clinic,Kerala,osm_cache:Kochi
9.9462196,76.2955783,,clinic,Kerala,osm_cache:Kochi
10.0079415,76.3035506,,hospital,Kerala,osm_cache:Kochi
9.9618287,76.2963613,,clinic,Kerala,osm_cache:Kochi
9.9685486,76.3049163,,clinic,Kerala,osm_cache:Kochi
9.962874,76.3566938,,hospital,Kerala,osm_cache:Kochi
9.9937799,76.281254,,doctors,Kerala,osm_cache:Kochi
9.9635637,76.297574,,clinic,Kerala,osm_cache:Kochi
9.9559453,76.3006441,,clinic,Kerala,osm_cache:Kochi
9.974097,76.2831221,,doctors,Kerala,osm_cache:Kochi
10.0428217,76.3287168,,clinic,Kerala,osm_cache:Kochi
9.9709107,76.2831267,,clinic,Kerala,osm_cache:Kochi
9.9726487,76.2825033,,clinic,Kerala,osm_cache:Kochi
9.9769058,76.287288,,clinic,Kerala,osm_cache:Kochi
9.9828529,76.2823196,,doctors,Kerala,osm_cache:Kochi
9.9643974,76.2885344,,hospital,Kerala,osm_cache:Kochi
9.9480765,76.291049,,clinic,Kerala,osm_cache:Kochi
9.9617126,76.2915516,,clinic,Kerala,osm_cache:Kochi
9.9675444,76.3018344,,clinic,Kerala,osm_cache:Kochi
9.9573279,76.2968639,,clinic,Kerala,osm_cache:Kochi
9.9701207,76.2985582,,clinic,Kerala,osm_cache:Kochi
9.9449108,76.2932465,,clinic,Kerala,osm_cache:Kochi
9.9727248,76.3072826,,clinic,Kerala,osm_cache:Kochi
9.972444,76.3040237,,clinic,Kerala,osm_cache:Kochi
9.9292264,76.3017447,,hospital,Kerala,osm_cache:Kochi
9.9646202,76.2943495,,clinic,Kerala,osm_cache:Kochi
9.9648803,76.2941063,,clinic,Kerala,osm_cache:Kochi
9.9619995,76.2977535,,clinic,Kerala,osm_cache:Kochi
10.0169457,76.303057,,hospital,Kerala,osm_cache:Kochi
9.9631784,76.2957518,,clinic,Kerala,osm_cache:Kochi
9.9604605,76.2990659,,clinic,Kerala,osm_cache:Kochi
9.9715289,76.2842974,,doctors,Kerala,osm_cache:Kochi
9.9150756,76.3641896,,clinic,Kerala,osm_cache:Kochi
9.9680778,76.3012394,,clinic,Kerala,osm_cache:Kochi
10.048915,76.3704631,,clinic,Kerala,osm_cache:Kochi
9.9861021,76.2815438,,doctors,Kerala,osm_cache:Kochi
10.0229254,76.3416252,,clinic,Kerala,osm_cache:Kochi
9.9427125,76.346905,,doctors,Kerala,osm_cache:Kochi
9.9455633,76.2936985,,doctors,Kerala,osm_cache:Kochi
9.9437108,76.2945987,,clinic,Kerala,osm_cache:Kochi
9.9431989,76.2949384,,clinic,Kerala,osm_cache:Kochi
10.0010134,76.3499765,,clinic,Kerala,osm_cache:Kochi
9.956463,76.2916783,,clinic,Kerala,osm_cache:Kochi
10.0237598,76.4027396,,doctors,Kerala,osm_cache:Kochi
9.937231,76.318555,,clinic,Kerala,osm_cache:Kochi
9.9455961,76.3485135,,hospital,Kerala,osm_cache:Kochi
10.0462217,76.3639309,,clinic,Kerala,osm_cache:Kochi
10.0300666,76.3448473,,clinic,Kerala,osm_cache:Kochi
10.028484,76.3420542,,hospital,Kerala,osm_cache:Kochi
9.9189889,76.3192057,,hospital,Kerala,osm_cache:Kochi
10.0326403,76.2925041,,hospital,Kerala,osm_cache:Kochi
10.0533957,76.3557689,,hospital,Kerala,osm_cache:Kochi
9.9573652,76.2508184,,hospital,Kerala,osm_cache:Kochi
10.0066809,76.2774219,,hospital,Kerala,osm_cache:Kochi
9.9880913,76.2882344,,hospital,Kerala,osm_cache:Kochi
10.0439478,76.396595,,hospital,Kerala,osm_cache:Kochi
9.9935077,76.2913376,,hospital,Kerala,osm_cache:Kochi
9.9593629,76.2599549,,hospital,Kerala,osm_cache:Kochi
9.9607555,76.2695962,,hospital,Kerala,osm_cache:Kochi
10.0098954,76.2301844,,clinic,Kerala,osm_cache:Kochi
10.0435323,76.2234884,,hospital,Kerala,osm_cache:Kochi
10.063569,76.2163859,,clinic,Kerala,osm_cache:Kochi
10.0434755,76.277446,,hospital,Kerala,osm_cache:Kochi
10.0328142,76.2918572,,hospital,Kerala,osm_cache:Kochi
9.971842,76.2840685,,hospital,Kerala,osm_cache:Kochi
9.9243065,76.3123376,,hospital,Kerala,osm_cache:Kochi
9.854655,76.3073016,,clinic,Kerala,osm_cache:Kochi
9.9000925,76.3623814,,hospital,Kerala,osm_cache:Kochi
9.9003232,76.3089443,,clinic,Kerala,osm_cache:Kochi
9.8630303,76.2683686,,hospital,Kerala,osm_cache:Kochi
9.9033473,76.3182553,,hospital,Kerala,osm_cache:Kochi
9.8312102,76.2971579,,hospital,Kerala,osm_cache:Kochi
10.0363353,76.4094564,,hospital,Kerala,osm_cache:Kochi
9.8839272,76.286894,,clinic,Kerala,osm_cache:Kochi
10.0706873,76.3971783,,hospital,Kerala,osm_cache:Kochi
9.9470284,76.2825142,,hospital,Kerala,osm_cache:Kochi
9.9680068,76.3153834,,hospital,Kerala,osm_cache:Kochi
9.9572454,76.2401122,,hospital,Kerala,osm_cache:Kochi
9.9527869,76.340669,,hospital,Kerala,osm_cache:Kochi
10.0689087,76.2119929,,hospital,Kerala,osm_cache:Kochi
9.9648215,76.2873632,,hospital,Kerala,osm_cache:Kochi
9.9547092,76.2928663,,hospital,Kerala,osm_cache:Kochi
9.9664176,76.2968938,,hospital,Kerala,osm_cache:Kochi
10.0372148,76.2249557,,hospital,Kerala,osm_cache:Kochi
9.9720127,76.2810367,,hospital,Kerala,osm_cache:Kochi
9.9688313,76.2985894,,hospital,Kerala,osm_cache:Kochi
9.994072,76.2853802,,hospital,Kerala,osm_cache:Kochi
9.9615207,76.2877981,,hospital,Kerala,osm_cache:Kochi
9.9664259,76.2836918,,hospital,Kerala,osm_cache:Kochi
9.9750574,76.2852227,,hospital,Kerala,osm_cache:Kochi
10.042347,76.222607,,hospital,Kerala,osm_cache:Kochi
9.966259,76.3467394,,hospital,Kerala,osm_cache:Kochi
10.0262527,76.4479502,,clinic,Kerala,osm_cache:Kochi
9.9139602,76.2773456,,clinic,Kerala,osm_cache:Kochi
9.8400037,76.4157828,,hospital,Kerala,osm_cache:Kochi
9.8402221,76.4157127,,hospital,Kerala,osm_cache:Kochi
9.8402677,76.4158753,,hospital,Kerala,osm_cache:Kochi
9.840153,76.4155564,,hospital,Kerala,osm_cache:Kochi
9.8681718,76.3206568,,hospital,Kerala,osm_cache:Kochi
9.8528227,76.355385,,hospital,Kerala,osm_cache:Kochi
9.909005,76.2946443,,hospital,Kerala,osm_cache:Kochi
9.9062593,76.2949838,,hospital,Kerala,osm_cache:Kochi
10.0172527,76.2760601,,clinic,Kerala,osm_cache:Kochi
9.8804983,76.2870017,,hospital,Kerala,osm_cache:Kochi
10.030715,76.4083929,,clinic,Kerala,osm_cache:Kochi
10.0065732,76.2779853,,doctors,Kerala,osm_cache:Kochi
10.0246027,76.3072703,,clinic,Kerala,osm_cache:Kochi
10.0438365,76.3975376,,hospital,Kerala,osm_cache:Kochi
10.0438872,76.3968218,,hospital,Kerala,osm_cache:Kochi
10.0177501,76.3027079,,hospital,Kerala,osm_cache:Kochi
9.9419341,76.2602654,,hospital,Kerala,osm_cache:Kochi
9.9630324,76.4091596,,hospital,Kerala,osm_cache:Kochi
9.9363674,76.2977801,,clinic,Kerala,osm_cache:Kochi
9.95522,76.2963161,,clinic,Kerala,osm_cache:Kochi
9.8709704,76.3804224,,hospital,Kerala,osm_cache:Kochi
10.0635724,76.2163346,,clinic,Kerala,osm_cache:Kochi
10.0410263,76.3196521,,hospital,Kerala,osm_cache:Kochi
9.9980512,76.2217686,,hospital,Kerala,osm_cache:Kochi
10.0189642,76.2250242,,hospital,Kerala,osm_cache:Kochi
9.8665704,76.3062197,,clinic,Kerala,osm_cache:Kochi
10.0356116,76.3361728,,clinic,Kerala,osm_cache:Kochi
9.911405,76.273739,,hospital,Kerala,osm_cache:Kochi
9.9588153,76.3566975,,clinic,Kerala,osm_cache:Kochi
9.9063602,76.4343075,,clinic,Kerala,osm_cache:Kochi
9.9424765,76.3462665,,hospital,Kerala,osm_cache:Kochi
10.0239588,76.4447559,,hospital,Kerala,osm_cache:Kochi
9.9741154,76.3816688,,hospital,Kerala,osm_cache:Kochi
9.9437898,76.3490837,,hospital,Kerala,osm_cache:Kochi
9.9517435,76.3457843,,hospital,Kerala,osm_cache:Kochi
9.885916,76.4470913,,hospital,Kerala,osm_cache:Kochi
9.9773273,76.4268689,,clinic,Kerala,osm_cache:Kochi
9.9432699,76.2605664,,hospital,Kerala,osm_cache:Kochi
9.965665,76.2456966,,hospital,Kerala,osm_cache:Kochi
9.9783804,76.2405728,,clinic,Kerala,osm_cache:Kochi
10.0600459,76.2892803,,hospital,Kerala,osm_cache:Kochi
10.0192138,76.350064,,hospital,Kerala,osm_cache:Kochi
10.0120821,76.2604724,,hospital,Kerala,osm_cache:Kochi
9.8859735,76.4346273,,hospital,Kerala,osm_cache:Kochi
9.8733223,76.394403,,clinic,Kerala,osm_cache:Kochi
10.034538,76.2203288,,hospital,Kerala,osm_cache:Kochi
10.060294,76.2141002,,clinic,Kerala,osm_cache:Kochi
10.0696007,76.2755788,,hospital,Kerala,osm_cache:Kochi
10.0536416,76.2614067,,hospital,Kerala,osm_cache:Kochi
9.9304594,76.3543607,,clinic,Kerala,osm_cache:Kochi
9.9302263,76.3546597,,clinic,Kerala,osm_cache:Kochi
9.9350792,76.3527121,,clinic,Kerala,osm_cache:Kochi
9.9710162,76.3564529,,clinic,Kerala,osm_cache:Kochi
9.9172014,76.3144939,,hospital,Kerala,osm_cache:Kochi
9.9376992,76.3227814,,hospital,Kerala,osm_cache:Kochi
10.0180415,76.3485948,,clinic,Kerala,osm_cache:Kochi
9.9201836,76.3932547,,hospital,Kerala,osm_cache:Kochi
9.9417292,76.3469904,,clinic,Kerala,osm_cache:Kochi
9.9024173,76.3228639,,clinic,Kerala,osm_cache:Kochi
9.9720939,76.3019514,,hospital,Kerala,osm_cache:Kochi
9.9552593,76.292582,,clinic,Kerala,osm_cache:Kochi
9.9349483,76.2607737,,hospital,Kerala,osm_cache:Kochi
9.9630418,76.4090851,,hospital,Kerala,osm_cache:Kochi
9.9612635,76.3182091,,clinic,Kerala,osm_cache:Kochi
10.0432263,76.3550403,,clinic,Kerala,osm_cache:Kochi
9.972716,76.2825357,,hospital,Kerala,osm_cache:Kochi
9.8914334,76.4377565,,hospital,Kerala,osm_cache:Kochi
9.96172,76.2889572,,hospital,Kerala,osm_cache:Kochi
9.9450455,76.2957507,,clinic,Kerala,osm_cache:Kochi
9.9282151,76.3016951,,clinic,Kerala,osm_cache:Kochi
9.9586232,76.2943675,,clinic,Kerala,osm_cache:Kochi
9.9649247,76.3083481,,hospital,Kerala,osm_cache:Kochi
9.9713047,76.3008725,,clinic,Kerala,osm_cache:Kochi
10.0121013,76.3577973,,clinic,Kerala,osm_cache:Kochi
10.0529268,76.3827777,,hospital,Kerala,osm_cache:Kochi
9.9893433,76.2890543,,hospital,Kerala,osm_cache:Kochi
9.8332025,76.3690123,,clinic,Kerala,osm_cache:Kochi
22.5727398,88.3600196,,hospital,West Bengal,osm_cache:Kolkata
22.5722242,88.3614363,,hospital,West Bengal,osm_cache:Kolkata
22.4987178,88.3163322,,hospital,West Bengal,osm_cache:Kolkata
22.5843732,88.4289579,,hospital,West Bengal,osm_cache:Kolkata
22.4951399,88.3121663,,hospital,West Bengal,osm_cache:Kolkata
22.4580817,88.3836982,,hospital,West Bengal,osm_cache:Kolkata
22.4908706,88.3106772,,clinic,West Bengal,osm_cache:Kolkata
22.4809641,88.3938205,,hospital,West Bengal,osm_cache:Kolkata
22.5728078,88.4134692,,hospital,West Bengal,osm_cache:Kolkata
22.6225187,88.4506765,,hospital,West Bengal,osm_cache:Kolkata
22.5909895,88.4122473,,hospital,West Bengal,osm_cache:Kolkata
22.5912273,88.4110886,,hospital,West Bengal,osm_cache:Kolkata
22.5908731,88.4105441,,hospital,West Bengal,osm_cache:Kolkata
22.5896424,88.4089267,,hospital,West Bengal,osm_cache:Kolkata
22.5855232,88.4914262,,hospital,West Bengal,osm_cache:Kolkata
22.5264408,88.3471209,,hospital,West Bengal,osm_cache:Kolkata
22.5259264,88.3470069,,hospital,West Bengal,osm_cache:Kolkata
22.5252694,88.3466423,,hospital,West Bengal,osm_cache:Kolkata
22.5291683,88.3451221,,clinic,West Bengal,osm_cache:Kolkata
22.5263392,88.3641593,,clinic,West Bengal,osm_cache:Kolkata
22.5895694,88.3507269,,hospital,West Bengal,osm_cache:Kolkata
22.5812129,88.4254218,,doctors,West Bengal,osm_cache:Kolkata
22.5922822,88.4002766,,clinic,West Bengal,osm_cache:Kolkata
22.6109455,88.4082202,,clinic,West Bengal,osm_cache:Kolkata
22.4731537,88.3079611,,hospital,West Bengal,osm_cache:Kolkata
22.619577,88.4327899,,clinic,West Bengal,osm_cache:Kolkata
22.5728574,88.3730073,,hospital,West Bengal,osm_cache:Kolkata
22.4576646,88.3228681,,doctors,West Bengal,osm_cache:Kolkata
22.5908897,88.3989226,,doctors,West Bengal,osm_cache:Kolkata
22.5818122,88.3904367,,doctors,West Bengal,osm_cache:Kolkata
22.4866272,88.3460553,,hospital,West Bengal,osm_cache:Kolkata
22.5065586,88.3205755,,hospital,West Bengal,osm_cache:Kolkata
22.4792072,88.375858,,hospital,West Bengal,osm_cache:Kolkata
22.5907911,88.410894,,hospital,West Bengal,osm_cache:Kolkata
22.5248903,88.3493982,,clinic,West Bengal,osm_cache:Kolkata
22.5239877,88.3486944,,hospital,West Bengal,osm_cache:Kolkata
22.5627691,88.3679312,,hospital,West Bengal,osm_cache:Kolkata
22.5648794,88.3695623,,hospital,West Bengal,osm_cache:Kolkata
22.5645047,88.3686937,,hospital,West Bengal,osm_cache:Kolkata
22.5633946,88.3698611,,hospital,West Bengal,osm_cache:Kolkata
22.5652972,88.3691544,,hospital,West Bengal,osm_cache:Kolkata
22.5629472,88.367509,,hospital,West Bengal,osm_cache:Kolkata
22.5878701,88.4423075,,hospital,West Bengal,osm_cache:Kolkata
22.563659,88.3690769,,hospital,West Bengal,osm_cache:Kolkata
22.6609462,88.4355111,,hospital,West Bengal,osm_cache:Kolkata
22.4590152,88.3195026,,hospital,West Bengal,osm_cache:Kolkata
22.5012444,88.3602395,,hospital,West Bengal,osm_cache:Kolkata
22.5572974,88.3723557,,hospital,West Bengal,osm_cache:Kolkata
22.5919688,88.3639514,,clinic,West Bengal,osm_cache:Kolkata
22.4831664,88.3850406,,hospital,West Bengal,osm_cache:Kolkata
22.5339512,88.3409129,,clinic,West Bengal,osm_cache:Kolkata
22.4652784,88.3898123,,hospital,West Bengal,osm_cache:Kolkata
22.5943066,88.3394948,,clinic,West Bengal,osm_cache:Kolkata
22.6047547,88.342891,,clinic,West Bengal,osm_cache:Kolkata
22.624456,88.3785443,,hospital,West Bengal,osm_cache:Kolkata
22.5082554,88.3355954,,clinic,West Bengal,osm_cache:Kolkata
22.6007751,88.4051065,,clinic,West Bengal,osm_cache:Kolkata
22.5900155,88.3929551,,hospital,West Bengal,osm_cache:Kolkata
22.5737119,88.3859539,,clinic,West Bengal,osm_cache:Kolkata
22.4889098,88.3235926,,clinic,West Bengal,osm_cache:Kolkata
22.5474203,88.3592599,,hospital,West Bengal,osm_cache:Kolkata
22.6666317,88.3772635,,clinic,West Bengal,osm_cache:Kolkata
22.4856094,88.2868892,,clinic,West Bengal,osm_cache:Kolkata
22.5169662,88.3647182,,clinic,West Bengal,osm_cache:Kolkata
22.5234205,88.3519824,,hospital,West Bengal,osm_cache:Kolkata
22.5137804,88.34363,,hospital,West Bengal,osm_cache:Kolkata
22.6467949,88.3740078,,clinic,West Bengal,osm_cache:Kolkata
22.5198434,88.3474602,,hospital,West Bengal,osm_cache:Kolkata
22.5424238,88.3554102,,hospital,West Bengal,osm_cache:Kolkata
22.542529,88.3651547,,hospital,West Bengal,osm_cache:Kolkata
22.6036163,88.4026507,,clinic,West Bengal,osm_cache:Kolkata
22.5477696,88.3542247,,hospital,West Bengal,osm_cache:Kolkata
22.601137,88.3736761,,clinic,West Bengal,osm_cache:Kolkata
22.58174,88.3232278,,hospital,West Bengal,osm_cache:Kolkata
22.6468547,88.4322274,,hospital,West Bengal,osm_cache:Kolkata
22.5392491,88.3486591,,clinic,West Bengal,osm_cache:Kolkata
22.5713405,88.416684,,clinic,West Bengal,osm_cache:Kolkata
22.5347322,88.3743808,,hospital,West Bengal,osm_cache:Kolkata
22.5322517,88.3253306,,clinic,West Bengal,osm_cache:Kolkata
22.5772196,88.3883254,,clinic,West Bengal,osm_cache:Kolkata
22.5538559,88.354917,,clinic,West Bengal,osm_cache:Kolkata
22.5403082,88.3550012,,hospital,West Bengal,osm_cache:Kolkata
22.5720525,88.3620675,,clinic,West Bengal,osm_cache:Kolkata
22.4743339,88.3613339,,clinic,West Bengal,osm_cache:Kolkata
22.6013091,88.4075772,,hospital,West Bengal,osm_cache:Kolkata
22.5972239,88.3379249,,clinic,West Bengal,osm_cache:Kolkata
22.5440241,88.2696868,,hospital,West Bengal,osm_cache:Kolkata
22.5240061,88.3606586,,hospital,West Bengal,osm_cache:Kolkata
22.5811797,88.3745605,,clinic,West Bengal,osm_cache:Kolkata
22.663208,88.3435006,,hospital,West Bengal,osm_cache:Kolkata
22.4660881,88.3105063,,hospital,West Bengal,osm_cache:Kolkata
22.5086023,88.3380973,,hospital,West Bengal,osm_cache:Kolkata
22.5794459,88.3750211,,clinic,West Bengal,osm_cache:Kolkata
22.6349407,88.4386834,,hospital,West Bengal,osm_cache:Kolkata
22.546022,88.3515425,,hospital,West Bengal,osm_cache:Kolkata
22.6168954,88.4336328,,clinic,West Bengal,osm_cache:Kolkata
22.5187786,88.3591291,,hospital,West Bengal,osm_cache:Kolkata
22.6568859,88.3463068,,hospital,West Bengal,osm_cache:Kolkata
22.534884,88.3250094,,clinic,West Bengal,osm_cache:Kolkata
22.522012,88.3492184,,clinic,West Bengal,osm_cache:Kolkata
22.5784424,88.3917877,,clinic,West Bengal,osm_cache:Kolkata
22.6184713,88.392064,,clinic,West Bengal,osm_cache:Kolkata
22.6040075,88.3678195,,hospital,West Bengal,osm_cache:Kolkata
22.5807877,88.3880956,,hospital,West Bengal,osm_cache:Kolkata
22.5181685,88.3559132,,hospital,West Bengal,osm_cache:Kolkata
22.539975,88.3618898,,hospital,West Bengal,osm_cache:Kolkata
22.5835237,88.3613265,,clinic,West Bengal,osm_cache:Kolkata
22.5997713,88.3744177,,hospital,West Bengal,osm_cache:Kolkata
22.5395258,88.3621646,,hospital,West Bengal,osm_cache:Kolkata
22.5629144,88.3950521,,hospital,West Bengal,osm_cache:Kolkata
22.4398748,88.293448,,hospital,West Bengal,osm_cache:Kolkata
22.5810552,88.3656241,,hospital,West Bengal,osm_cache:Kolkata
22.5446657,88.3551662,,hospital,West Bengal,osm_cache:Kolkata
22.5726216,88.4090735,,hospital,West Bengal,osm_cache:Kolkata
22.5417995,88.3612588,,clinic,West Bengal,osm_cache:Kolkata
22.5380513,88.35042,,clinic,West Bengal,osm_cache:Kolkata
22.5814378,88.4606239,,hospital,West Bengal,osm_cache:Kolkata
22.4917727,88.4010842,,clinic,West Bengal,osm_cache:Kolkata
22.5065184,88.3489408,,clinic,West Bengal,osm_cache:Kolkata
22.4592477,88.3197114,,hospital,West Bengal,osm_cache:Kolkata
22.4396455,88.4431829,,clinic,West Bengal,osm_cache:Kolkata
22.4370275,88.2779373,,hospital,West Bengal,osm_cache:Kolkata
22.596824,88.3718884,,clinic,West Bengal,osm_cache:Kolkata
22.5911184,88.4111023,,hospital,West Bengal,osm_cache:Kolkata
22.5619285,88.3636942,,clinic,West Bengal,osm_cache:Kolkata
22.5782195,88.3304657,,hospital,West Bengal,osm_cache:Kolkata
22.5428721,88.3561304,,clinic,West Bengal,osm_cache:Kolkata
22.5929943,88.3406983,,clinic,West Bengal,osm_cache:Kolkata
22.552661,88.3634217,,clinic,West Bengal,osm_cache:Kolkata
22.4390827,88.4364411,,hospital,West Bengal,osm_cache:Kolkata
22.5043682,88.3162104,,clinic,West Bengal,osm_cache:Kolkata
22.4730934,88.3633871,,clinic,West Bengal,osm_cache:Kolkata
22.564549,88.357894,,clinic,West Bengal,osm_cache:Kolkata
22.5200708,88.3606486,,clinic,West Bengal,osm_cache:Kolkata
22.5386694,88.3723074,,hospital,West Bengal,osm_cache:Kolkata
22.6630636,88.3780661,,hospital,West Bengal,osm_cache:Kolkata
22.6156902,88.4320465,,clinic,West Bengal,osm_cache:Kolkata
22.5165078,88.3530888,,hospital,West Bengal,osm_cache:Kolkata
22.4580615,88.3063807,,hospital,West Bengal,osm_cache:Kolkata
22.5567342,88.3613316,,hospital,West Bengal,osm_cache:Kolkata
22.5176756,88.3713623,,clinic,West Bengal,osm_cache:Kolkata
22.6652046,88.341272,,hospital,West Bengal,osm_cache:Kolkata
22.6435164,88.4236469,,clinic,West Bengal,osm_cache:Kolkata
22.5136699,88.3483134,,hospital,West Bengal,osm_cache:Kolkata
22.5058109,88.3674172,,hospital,West Bengal,osm_cache:Kolkata
22.5544676,88.3544611,,clinic,West Bengal,osm_cache:Kolkata
22.5427124,88.3664475,,hospital,West Bengal,osm_cache:Kolkata
22.5447604,88.3708055,,hospital,West Bengal,osm_cache:Kolkata
22.504121,88.3974566,,hospital,West Bengal,osm_cache:Kolkata
22.5672178,88.2719104,,clinic,West Bengal,osm_cache:Kolkata
22.5373304,88.3641677,,hospital,West Bengal,osm_cache:Kolkata
22.5186369,88.3608012,,clinic,West Bengal,osm_cache:Kolkata
22.5927864,88.3238551,,clinic,West Bengal,osm_cache:Kolkata
22.5816657,88.3197241,,hospital,West Bengal,osm_cache:Kolkata
22.4554384,88.4386868,,clinic,West Bengal,osm_cache:Kolkata
22.6367116,88.3524277,,clinic,West Bengal,osm_cache:Kolkata
22.5631533,88.3977811,,clinic,West Bengal,osm_cache:Kolkata
22.6249162,88.4428636,,clinic,West Bengal,osm_cache:Kolkata
22.4825494,88.3257073,,clinic,West Bengal,osm_cache:Kolkata
22.5144766,88.3197763,,clinic,West Bengal,osm_cache:Kolkata
22.527795,88.3684555,,hospital,West Bengal,osm_cache:Kolkata
22.6631818,88.3771062,,hospital,West Bengal,osm_cache:Kolkata
22.5188765,88.3717764,,hospital,West Bengal,osm_cache:Kolkata
22.5812075,88.3337856,,hospital,West Bengal,osm_cache:Kolkata
22.5802119,88.3296449,,clinic,West Bengal,osm_cache:Kolkata
22.5310898,88.3532457,,hospital,West Bengal,osm_cache:Kolkata
22.5729159,88.3897726,,clinic,West Bengal,osm_cache:Kolkata
22.6644929,88.3482378,,clinic,West Bengal,osm_cache:Kolkata
22.5682569,88.3918507,,hospital,West Bengal,osm_cache:Kolkata
22.5175943,88.3575051,,clinic,West Bengal,osm_cache:Kolkata
22.5415518,88.3530942,,clinic,West Bengal,osm_cache:Kolkata
22.5031868,88.3414158,,hospital,West Bengal,osm_cache:Kolkata
22.5029093,88.3610965,,hospital,West Bengal,osm_cache:Kolkata
22.5196582,88.3547008,,clinic,West Bengal,osm_cache:Kolkata
22.6205424,88.4329529,,hospital,West Bengal,osm_cache:Kolkata
22.4851657,88.339032,,clinic,West Bengal,osm_cache:Kolkata
22.5032339,88.3644935,,hospital,West Bengal,osm_cache:Kolkata
22.566876,88.3931999,,hospital,West Bengal,osm_cache:Kolkata
22.5353788,88.3518905,,hospital,West Bengal,osm_cache:Kolkata
22.562627,88.3187538,,hospital,West Bengal,osm_cache:Kolkata
22.5697343,88.3257383,,hospital,West Bengal,osm_cache:Kolkata
22.520098,88.3617966,,clinic,West Bengal,osm_cache:Kolkata
22.5097756,88.3214307,,clinic,West Bengal,osm_cache:Kolkata
22.5819362,88.355944,,hospital,West Bengal,osm_cache:Kolkata
22.5925889,88.3421754,,hospital,West Bengal,osm_cache:Kolkata
22.6639501,88.4265019,,clinic,West Bengal,osm_cache:Kolkata
22.5997076,88.3735091,,clinic,West Bengal,osm_cache:Kolkata
22.534982,88.3817637,,clinic,West Bengal,osm_cache:Kolkata
22.4674584,88.3739229,,hospital,West Bengal,osm_cache:Kolkata
22.5925956,88.3648288,,clinic,West Bengal,osm_cache:Kolkata
22.5055997,88.3487061,,clinic,West Bengal,osm_cache:Kolkata
22.596013,88.341794,,hospital,West Bengal,osm_cache:Kolkata
22.5714259,88.3297522,,hospital,West Bengal,osm_cache:Kolkata
22.4814755,88.3756904,,hospital,West Bengal,osm_cache:Kolkata
22.5738494,88.328214,,hospital,West Bengal,osm_cache:Kolkata
22.5017644,88.3629365,,clinic,West Bengal,osm_cache:Kolkata
22.5152875,88.3574648,,hospital,West Bengal,osm_cache:Kolkata
22.5616486,88.3668593,,clinic,West Bengal,osm_cache:Kolkata
22.5927849,88.341103,,clinic,West Bengal,osm_cache:Kolkata
22.6558773,88.3595957,,hospital,West Bengal,osm_cache:Kolkata
22.6110092,88.4288796,,clinic,West Bengal,osm_cache:Kolkata
22.6065947,88.4038757,,hospital,West Bengal,osm_cache:Kolkata
22.5016929,88.3210942,,hospital,West Bengal,osm_cache:Kolkata
22.5319734,88.3252857,,clinic,West Bengal,osm_cache:Kolkata
22.6235465,88.374517,,hospital,West Bengal,osm_cache:Kolkata
22.5043139,88.3486225,,clinic,West Bengal,osm_cache:Kolkata
22.6190928,88.3892624,,clinic,West Bengal,osm_cache:Kolkata
22.5997447,88.3720238,,clinic,West Bengal,osm_cache:Kolkata
22.593185,88.3414561,,clinic,West Bengal,osm_cache:Kolkata
22.5325631,88.3266748,,clinic,West Bengal,osm_cache:Kolkata
22.4800554,88.4076208,,hospital,West Bengal,osm_cache:Kolkata
22.5079159,88.3439103,,hospital,West Bengal,osm_cache:Kolkata
22.5198037,88.3504455,,clinic,West Bengal,osm_cache:Kolkata
22.5296568,88.3262127,,hospital,West Bengal,osm_cache:Kolkata
22.66301,88.3461586,,clinic,West Bengal,osm_cache:Kolkata
22.6385309,88.3803762,,hospital,West Bengal,osm_cache:Kolkata
22.5534735,88.3598238,,clinic,West Bengal,osm_cache:Kolkata
22.5523295,88.2705381,,clinic,West Bengal,osm_cache:Kolkata
22.5768741,88.301756,,hospital,West Bengal,osm_cache:Kolkata
22.5041947,88.3708222,,hospital,West Bengal,osm_cache:Kolkata
22.6000389,88.3735229,,clinic,West Bengal,osm_cache:Kolkata
22.5554132,88.3724515,,clinic,West Bengal,osm_cache:Kolkata
22.6362261,88.3537633,,clinic,West Bengal,osm_cache:Kolkata
22.578847,88.2555755,,hospital,West Bengal,osm_cache:Kolkata
22.6626932,88.4085602,,hospital,West Bengal,osm_cache:Kolkata
22.5983673,88.3721741,,clinic,West Bengal,osm_cache:Kolkata
22.510522,88.3486564,,clinic,West Bengal,osm_cache:Kolkata
22.5144649,88.3471169,,clinic,West Bengal,osm_cache:Kolkata
22.5185965,88.3545157,,hospital,West Bengal,osm_cache:Kolkata
22.5669126,88.392359,,clinic,West Bengal,osm_cache:Kolkata
22.6603165,88.364857,,hospital,West Bengal,osm_cache:Kolkata
22.6300129,88.3853162,,hospital,West Bengal,osm_cache:Kolkata
22.4573942,88.3045549,,hospital,West Bengal,osm_cache:Kolkata
22.5030685,88.3447391,,hospital,West Bengal,osm_cache:Kolkata
22.5133932,88.3525456,,clinic,West Bengal,osm_cache:Kolkata
22.5137686,88.3922598,,hospital,West Bengal,osm_cache:Kolkata
22.524196,88.3617255,,hospital,West Bengal,osm_cache:Kolkata
22.5111409,88.3732912,,hospital,West Bengal,osm_cache:Kolkata
22.5203148,88.3456953,,clinic,West Bengal,osm_cache:Kolkata
22.5177264,88.3214565,,hospital,West Bengal,osm_cache:Kolkata
22.5400643,88.3714922,,clinic,West Bengal,osm_cache:Kolkata
22.5710004,88.3587602,,clinic,West Bengal,osm_cache:Kolkata
22.5832265,88.3762866,,hospital,West Bengal,osm_cache:Kolkata
22.5223254,88.3711521,,hospital,West Bengal,osm_cache:Kolkata
22.4848844,88.3904962,,hospital,West Bengal,osm_cache:Kolkata
22.5859742,88.3260045,,clinic,West Bengal,osm_cache:Kolkata
22.5026069,88.3387953,,hospital,West Bengal,osm_cache:Kolkata
22.5866107,88.3539256,,hospital,West Bengal,osm_cache:Kolkata
22.5673073,88.2704237,,hospital,West Bengal,osm_cache:Kolkata
22.5366525,88.343991,,hospital,West Bengal,osm_cache:Kolkata
22.5233166,88.3525617,,hospital,West Bengal,osm_cache:Kolkata
22.5304401,88.3687308,,clinic,West Bengal,osm_cache:Kolkata
22.5877134,88.4080387,,clinic,West Bengal,osm_cache:Kolkata
22.6302583,88.3847892,,hospital,West Bengal,osm_cache:Kolkata
22.5197226,88.3632544,,clinic,West Bengal,osm_cache:Kolkata
22.5207604,88.3524887,,hospital,West Bengal,osm_cache:Kolkata
22.5847892,88.4231722,,hospital,West Bengal,osm_cache:Kolkata
22.5919035,88.3418547,,hospital,West Bengal,osm_cache:Kolkata
22.5252905,88.363941,,hospital,West Bengal,osm_cache:Kolkata
22.5837064,88.3606895,,hospital,West Bengal,osm_cache:Kolkata
22.5767533,88.3934138,,clinic,West Bengal,osm_cache:Kolkata
22.465116,88.404779,,hospital,West Bengal,osm_cache:Kolkata
22.5901136,88.3689896,,clinic,West Bengal,osm_cache:Kolkata
22.5641763,88.321133,,hospital,West Bengal,osm_cache:Kolkata
22.5200298,88.3480369,,hospital,West Bengal,osm_cache:Kolkata
22.5622368,88.3622351,,hospital,West Bengal,osm_cache:Kolkata
22.4873268,88.3934359,,hospital,West Bengal,osm_cache:Kolkata
22.5842853,88.3581018,,hospital,West Bengal,osm_cache:Kolkata
22.6118184,88.2752296,,clinic,West Bengal,osm_cache:Kolkata
22.5985716,88.3736607,,clinic,West Bengal,osm_cache:Kolkata
22.5410414,88.3618113,,hospital,West Bengal,osm_cache:Kolkata
22.5494919,88.2873284,,clinic,West Bengal,osm_cache:Kolkata
22.4712333,88.3776719,,hospital,West Bengal,osm_cache:Kolkata
22.5392157,88.3705661,,hospital,West Bengal,osm_cache:Kolkata
22.6447076,88.4624897,,hospital,West Bengal,osm_cache:Kolkata
22.4578645,88.3013537,,clinic,West Bengal,osm_cache:Kolkata
22.602305,88.3704156,,hospital,West Bengal,osm_cache:Kolkata
22.6641431,88.3413641,,clinic,West Bengal,osm_cache:Kolkata
22.5213682,88.3710073,,hospital,West Bengal,osm_cache:Kolkata
22.5858477,88.3035014,,hospital,West Bengal,osm_cache:Kolkata
22.5002449,88.3182228,,clinic,West Bengal,osm_cache:Kolkata
22.5351718,88.3438583,,doctors,West Bengal,osm_cache:Kolkata
22.5155247,88.379239,,clinic,West Bengal,osm_cache:Kolkata
22.5478931,88.3602614,,hospital,West Bengal,osm_cache:Kolkata
22.5833714,88.3748181,,hospital,West Bengal,osm_cache:Kolkata
22.4830661,88.3749845,,hospital,West Bengal,osm_cache:Kolkata
22.6146749,88.3461867,,hospital,West Bengal,osm_cache:Kolkata
22.4556049,88.3046014,,hospital,West Bengal,osm_cache:Kolkata
22.6127839,88.2962601,,clinic,West Bengal,osm_cache:Kolkata
22.6395434,88.4656236,,hospital,West Bengal,osm_cache:Kolkata
22.5211331,88.3588746,,clinic,West Bengal,osm_cache:Kolkata
22.5741097,88.3283292,,clinic,West Bengal,osm_cache:Kolkata
22.5999558,88.3677826,,hospital,West Bengal,osm_cache:Kolkata
22.5151731,88.3904963,,hospital,West Bengal,osm_cache:Kolkata
22.4849865,88.28518,,hospital,West Bengal,osm_cache:Kolkata
22.6212777,88.38925,,doctors,West Bengal,osm_cache:Kolkata
22.4708432,88.3102833,,clinic,West Bengal,osm_cache:Kolkata
22.5065159,88.3636591,,clinic,West Bengal,osm_cache:Kolkata
22.6296661,88.3788457,,hospital,West Bengal,osm_cache:Kolkata
22.5395189,88.3710095,,hospital,West Bengal,osm_cache:Kolkata
22.5939709,88.2800968,,clinic,West Bengal,osm_cache:Kolkata
22.6435005,88.3508914,,hospital,West Bengal,osm_cache:Kolkata
22.5410681,88.3669069,,clinic,West Bengal,osm_cache:Kolkata
22.5408036,88.3584841,,hospital,West Bengal,osm_cache:Kolkata
22.5113168,88.3049056,,hospital,West Bengal,osm_cache:Kolkata
22.6156723,88.4118493,,hospital,West Bengal,osm_cache:Kolkata
22.5488373,88.2812016,,clinic,West Bengal,osm_cache:Kolkata
22.5596522,88.3671007,,clinic,West Bengal,osm_cache:Kolkata
22.4963257,88.358423,,hospital,West Bengal,osm_cache:Kolkata
22.5781464,88.3741294,,hospital,West Bengal,osm_cache:Kolkata
22.4680074,88.379223,,hospital,West Bengal,osm_cache:Kolkata
22.5843828,88.3033307,,clinic,West Bengal,osm_cache:Kolkata
22.4726658,88.3072391,,hospital,West Bengal,osm_cache:Kolkata
22.620653,88.4297505,,hospital,West Bengal,osm_cache:Kolkata
22.5636355,88.3955385,,clinic,West Bengal,osm_cache:Kolkata
22.6236674,88.4067275,,hospital,West Bengal,osm_cache:Kolkata
22.6299282,88.3795155,,clinic,West Bengal,osm_cache:Kolkata
22.6615726,88.384647,,hospital,West Bengal,osm_cache:Kolkata
22.5404476,88.3698897,,hospital,West Bengal,osm_cache:Kolkata
22.6010138,88.4188646,,clinic,West Bengal,osm_cache:Kolkata
22.5133053,88.3669719,,clinic,West Bengal,osm_cache:Kolkata
22.5684451,88.3244542,,clinic,West Bengal,osm_cache:Kolkata
22.6517423,88.4356847,,doctors,West Bengal,osm_cache:Kolkata
22.5077512,88.3648047,,hospital,West Bengal,osm_cache:Kolkata
22.5400629,88.3710368,,clinic,West Bengal,osm_cache:Kolkata
22.5051617,88.3483963,,clinic,West Bengal,osm_cache:Kolkata
22.5889194,88.3701812,,clinic,West Bengal,osm_cache:Kolkata
22.6116506,88.4017099,,clinic,West Bengal,osm_cache:Kolkata
22.5341754,88.3724879,,clinic,West Bengal,osm_cache:Kolkata
22.6532287,88.4188271,,clinic,West Bengal,osm_cache:Kolkata
22.6346479,88.4348881,,hospital,West Bengal,osm_cache:Kolkata
22.5902195,88.4125239,,hospital,West Bengal,osm_cache:Kolkata
22.5665163,88.3553157,,hospital,West Bengal,osm_cache:Kolkata
22.5220804,88.3476297,,clinic,West Bengal,osm_cache:Kolkata
22.590742,88.3411409,,clinic,West Bengal,osm_cache:Kolkata
22.5827281,88.3573455,,hospital,West Bengal,osm_cache:Kolkata
22.5441888,88.3731081,,clinic,West Bengal,osm_cache:Kolkata
22.5977408,88.3453815,,clinic,West Bengal,osm_cache:Kolkata
22.5174951,88.3545975,,hospital,West Bengal,osm_cache:Kolkata
22.5671621,88.3572811,,hospital,West Bengal,osm_cache:Kolkata
22.5827554,88.3909348,,hospital,West Bengal,osm_cache:Kolkata
22.4818251,88.3544424,,hospital,West Bengal,osm_cache:Kolkata
22.5409374,88.389544,,hospital,West Bengal,osm_cache:Kolkata
22.5776362,88.4335618,,hospital,West Bengal,osm_cache:Kolkata
22.6636975,88.4251323,,clinic,West Bengal,osm_cache:Kolkata
22.6257664,88.4350772,,hospital,West Bengal,osm_cache:Kolkata
22.5932877,88.3390568,,hospital,West Bengal,osm_cache:Kolkata
22.5138962,88.3586611,,clinic,West Bengal,osm_cache:Kolkata
22.6393342,88.4310385,,clinic,West Bengal,osm_cache:Kolkata
22.4907678,88.3178513,,clinic,West Bengal,osm_cache:Kolkata
22.6248726,88.433718,,hospital,West Bengal,osm_cache:Kolkata
22.5981589,88.2740081,,hospital,West Bengal,osm_cache:Kolkata
22.6193143,88.300364,,hospital,West Bengal,osm_cache:Kolkata
22.6367774,88.3407443,,hospital,West Bengal,osm_cache:Kolkata
22.610922,88.3463274,,hospital,West Bengal,osm_cache:Kolkata
22.5899183,88.410437,,hospital,West Bengal,osm_cache:Kolkata
22.595575,88.359983,,hospital,West Bengal,osm_cache:Kolkata
22.5602924,88.3039377,,hospital,West Bengal,osm_cache:Kolkata
22.5691437,88.3657939,,hospital,West Bengal,osm_cache:Kolkata
22.569687,88.4152119,,hospital,West Bengal,osm_cache:Kolkata
22.499174,88.461902,,hospital,West Bengal,osm_cache:Kolkata
22.534245,88.324507,,hospital,West Bengal,osm_cache:Kolkata
22.5672546,88.2718829,,hospital,West Bengal,osm_cache:Kolkata
22.5671332,88.2730325,,hospital,West Bengal,osm_cache:Kolkata
22.580661,88.327107,,clinic,West Bengal,osm_cache:Kolkata
22.5311485,88.345912,,hospital,West Bengal,osm_cache:Kolkata
22.5267338,88.3884232,,hospital,West Bengal,osm_cache:Kolkata
22.5756826,88.4246568,,clinic,West Bengal,osm_cache:Kolkata
22.532648,88.34615,,hospital,West Bengal,osm_cache:Kolkata
22.508538,88.3227465,,hospital,West Bengal,osm_cache:Kolkata
22.629564,88.378271,,hospital,West Bengal,osm_cache:Kolkata
22.552075,88.363293,,hospital,West Bengal,osm_cache:Kolkata
22.5365096,88.3824758,,clinic,West Bengal,osm_cache:Kolkata
22.5444397,88.3596261,,hospital,West Bengal,osm_cache:Kolkata
22.59756,88.418108,,clinic,West Bengal,osm_cache:Kolkata
22.563724,88.3607871,,hospital,West Bengal,osm_cache:Kolkata
22.5155617,88.3525175,,hospital,West Bengal,osm_cache:Kolkata
22.514789,88.39227,,hospital,West Bengal,osm_cache:Kolkata
22.6210738,88.4018086,,clinic,West Bengal,osm_cache:Kolkata
22.5052722,88.3733781,,clinic,West Bengal,osm_cache:Kolkata
22.6258785,88.3433229,,hospital,West Bengal,osm_cache:Kolkata
22.5331915,88.3590386,,hospital,West Bengal,osm_cache:Kolkata
22.5321441,88.3432901,,hospital,West Bengal,osm_cache:Kolkata
22.5202511,88.3659743,,hospital,West Bengal,osm_cache:Kolkata
22.5117693,88.3324303,,hospital,West Bengal,osm_cache:Kolkata
22.4865885,88.3419528,,hospital,West Bengal,osm_cache:Kolkata
22.637624,88.327889,,hospital,West Bengal,osm_cache:Kolkata
22.5820094,88.4351474,,hospital,West Bengal,osm_cache:Kolkata
22.5125412,88.3676076,,hospital,West Bengal,osm_cache:Kolkata
22.659215,88.2669537,,hospital,West Bengal,osm_cache:Kolkata
22.5995598,88.4051432,,clinic,West Bengal,osm_cache:Kolkata
22.5888797,88.3993708,,hospital,West Bengal,osm_cache:Kolkata
22.5645031,88.3984031,,hospital,West Bengal,osm_cache:Kolkata
22.6193031,88.392299,,clinic,West Bengal,osm_cache:Kolkata
22.449944,88.3925129,,hospital,West Bengal,osm_cache:Kolkata
22.5662809,88.3927561,,hospital,West Bengal,osm_cache:Kolkata
22.6211511,88.4056203,,clinic,West Bengal,osm_cache:Kolkata
22.4707422,88.3544507,,clinic,West Bengal,osm_cache:Kolkata
22.6284133,88.4251354,,hospital,West Bengal,osm_cache:Kolkata
22.5759996,88.3965023,,clinic,West Bengal,osm_cache:Kolkata
22.6001567,88.31955,,clinic,West Bengal,osm_cache:Kolkata
22.6531143,88.395986,,clinic,West Bengal,osm_cache:Kolkata
22.5759341,88.3914007,,clinic,West Bengal,osm_cache:Kolkata
22.6287036,88.3929859,,hospital,West Bengal,osm_cache:Kolkata
22.5166814,88.363781,,clinic,West Bengal,osm_cache:Kolkata
22.579946,88.3896941,,clinic,West Bengal,osm_cache:Kolkata
22.6224906,88.404567,,clinic,West Bengal,osm_cache:Kolkata
22.620537,88.4123185,,clinic,West Bengal,osm_cache:Kolkata
22.5638343,88.3684915,,hospital,West Bengal,osm_cache:Kolkata
22.5582114,88.372774,,hospital,West Bengal,osm_cache:Kolkata
22.6666054,88.3922477,,doctors,West Bengal,osm_cache:Kolkata
22.6145828,88.4032096,,doctors,West Bengal,osm_cache:Kolkata
22.5403443,88.3423533,,hospital,West Bengal,osm_cache:Kolkata
22.6306498,88.3799256,,doctors,West Bengal,osm_cache:Kolkata
22.6296595,88.3802616,,clinic,West Bengal,osm_cache:Kolkata
22.6296873,88.3801335,,doctors,West Bengal,osm_cache:Kolkata
22.6292176,88.3802488,,doctors,West Bengal,osm_cache:Kolkata
22.6295635,88.3809194,,doctors,West Bengal,osm_cache:Kolkata
22.6299912,88.3808295,,doctors,West Bengal,osm_cache:Kolkata
22.5399518,88.3423509,,hospital,West Bengal,osm_cache:Kolkata
22.5802737,88.3360864,,hospital,West Bengal,osm_cache:Kolkata
22.5755725,88.3681251,,hospital,West Bengal,osm_cache:Kolkata
22.5764305,88.3703764,,hospital,West Bengal,osm_cache:Kolkata
22.5646162,88.3722142,,hospital,West Bengal,osm_cache:Kolkata
22.54614,88.3715138,,hospital,West Bengal,osm_cache:Kolkata
22.6044087,88.3783807,,hospital,West Bengal,osm_cache:Kolkata
22.5219787,88.3697632,,hospital,West Bengal,osm_cache:Kolkata
22.4992307,88.3464541,,hospital,West Bengal,osm_cache:Kolkata
22.4875202,88.364401,,hospital,West Bengal,osm_cache:Kolkata
22.4939819,88.3733198,,hospital,West Bengal,osm_cache:Kolkata
22.5386347,88.3481379,,hospital,West Bengal,osm_cache:Kolkata
22.5373841,88.3452888,,hospital,West Bengal,osm_cache:Kolkata
22.5380206,88.3404643,,hospital,West Bengal,osm_cache:Kolkata
22.5390619,88.337945,,hospital,West Bengal,osm_cache:Kolkata
22.5461073,88.3102516,,hospital,West Bengal,osm_cache:Kolkata
22.5864211,88.3094761,,hospital,West Bengal,osm_cache:Kolkata
22.6202216,88.3482647,,hospital,West Bengal,osm_cache:Kolkata
22.5324066,88.327888,,hospital,West Bengal,osm_cache:Kolkata
22.5328314,88.3283344,,hospital,West Bengal,osm_cache:Kolkata
22.5323008,88.3292461,,hospital,West Bengal,osm_cache:Kolkata
22.5326329,88.3305538,,hospital,West Bengal,osm_cache:Kolkata
22.5294225,88.3305032,,hospital,West Bengal,osm_cache:Kolkata
22.5742722,88.4015568,,hospital,West Bengal,osm_cache:Kolkata
22.5746695,88.4015713,,hospital,West Bengal,osm_cache:Kolkata
22.5752225,88.417049,,hospital,West Bengal,osm_cache:Kolkata
22.5723173,88.4127731,,hospital,West Bengal,osm_cache:Kolkata
22.5212476,88.3356877,,hospital,West Bengal,osm_cache:Kolkata
22.5892874,88.3937474,,hospital,West Bengal,osm_cache:Kolkata
22.5856693,88.3924545,,hospital,West Bengal,osm_cache:Kolkata
22.575092,88.4184005,,hospital,West Bengal,osm_cache:Kolkata
22.5762457,88.4200956,,hospital,West Bengal,osm_cache:Kolkata
22.5814256,88.4225953,,hospital,West Bengal,osm_cache:Kolkata
22.5424989,88.3550525,,hospital,West Bengal,osm_cache:Kolkata
22.5437104,88.3533696,,hospital,West Bengal,osm_cache:Kolkata
22.5780187,88.4186792,,hospital,West Bengal,osm_cache:Kolkata
22.5135311,88.4030473,,hospital,West Bengal,osm_cache:Kolkata
22.4942793,88.400994,,hospital,West Bengal,osm_cache:Kolkata
22.4940493,88.4021982,,hospital,West Bengal,osm_cache:Kolkata
22.6125901,88.4297033,,hospital,West Bengal,osm_cache:Kolkata
22.5893021,88.4109408,,hospital,West Bengal,osm_cache:Kolkata
22.5908041,88.4106056,,hospital,West Bengal,osm_cache:Kolkata
22.5781064,88.476985,,hospital,West Bengal,osm_cache:Kolkata
22.5878907,88.4019149,,clinic,West Bengal,osm_cache:Kolkata
22.4715674,88.3665029,,hospital,West Bengal,osm_cache:Kolkata
22.6152901,88.4324116,,hospital,West Bengal,osm_cache:Kolkata
22.5203111,88.4009514,,hospital,West Bengal,osm_cache:Kolkata
22.5141274,88.3991255,,hospital,West Bengal,osm_cache:Kolkata
22.5797393,88.477658,,hospital,West Bengal,osm_cache:Kolkata
22.5417528,88.3489251,,clinic,West Bengal,osm_cache:Kolkata
22.4734772,88.3686627,,hospital,West Bengal,osm_cache:Kolkata
22.4733819,88.3686069,,hospital,West Bengal,osm_cache:Kolkata
22.4735822,88.3687492,,hospital,West Bengal,osm_cache:Kolkata
22.5886696,88.3935078,,hospital,West Bengal,osm_cache:Kolkata
22.5145798,88.403259,,hospital,West Bengal,osm_cache:Kolkata
22.5625639,88.3078967,,hospital,West Bengal,osm_cache:Kolkata
22.5653618,88.3711273,,hospital,West Bengal,osm_cache:Kolkata
22.4792064,88.3757535,,hospital,West Bengal,osm_cache:Kolkata
22.5727961,88.3734874,,hospital,West Bengal,osm_cache:Kolkata
22.5740261,88.4791032,,hospital,West Bengal,osm_cache:Kolkata
22.5772869,88.4805401,,hospital,West Bengal,osm_cache:Kolkata
22.5773187,88.4737163,,hospital,West Bengal,osm_cache:Kolkata
22.5742933,88.3875618,,hospital,West Bengal,osm_cache:Kolkata
22.4912338,88.4021247,,hospital,West Bengal,osm_cache:Kolkata
22.5470051,88.3620768,,hospital,West Bengal,osm_cache:Kolkata
22.5532667,88.3543494,,hospital,West Bengal,osm_cache:Kolkata
22.5477098,88.375795,,hospital,West Bengal,osm_cache:Kolkata
22.6171522,88.3701598,,hospital,West Bengal,osm_cache:Kolkata
22.5753508,88.4175822,,hospital,West Bengal,osm_cache:Kolkata
22.5935143,88.3119335,,clinic,West Bengal,osm_cache:Kolkata
22.6390316,88.4150925,,hospital,West Bengal,osm_cache:Kolkata
22.5638683,88.3705715,,hospital,West Bengal,osm_cache:Kolkata
22.5913742,88.364716,,hospital,West Bengal,osm_cache:Kolkata
22.5434756,88.3798072,,hospital,West Bengal,osm_cache:Kolkata
22.5347655,88.3704451,,hospital,West Bengal,osm_cache:Kolkata
22.4398387,88.4334482,,hospital,West Bengal,osm_cache:Kolkata
22.5420163,88.3591358,,hospital,West Bengal,osm_cache:Kolkata
28.5854878,77.3494026,,hospital,Uttar Pradesh,osm_cache:Noida
28.5818659,77.3529095,,hospital,Uttar Pradesh,osm_cache:Noida
28.577404,77.3314139,,hospital,Uttar Pradesh,osm_cache:Noida
28.6416777,77.2052683,,hospital,Delhi,osm_cache:Noida
28.5408389,77.2834999,,hospital,Delhi,osm_cache:Noida
28.5469254,77.2445375,,hospital,Delhi,osm_cache:Noida
28.6418773,77.3790623,,doctors,Uttar Pradesh,osm_cache:Noida
28.6179569,77.2866841,,hospital,Delhi,osm_cache:Noida
28.6140205,77.2898985,,hospital,Delhi,osm_cache:Noida
28.615407,77.2861168,,doctors,Delhi,osm_cache:Noida
28.6450931,77.3287535,,hospital,Uttar Pradesh,osm_cache:Noida
28.5629027,77.2685753,,hospital,Delhi,osm_cache:Noida
28.6418223,77.3792669,,hospital,Uttar Pradesh,osm_cache:Noida
28.5726828,77.3382787,,doctors,Uttar Pradesh,osm_cache:Noida
28.5729253,77.3402993,,hospital,Uttar Pradesh,osm_cache:Noida
28.5660388,77.3355783,,hospital,Uttar Pradesh,osm_cache:Noida
28.5654904,77.3595236,,hospital,Uttar Pradesh,osm_cache:Noida
28.5148169,77.2518253,,hospital,Delhi,osm_cache:Noida
28.6293605,77.276622,,hospital,Delhi,osm_cache:Noida
28.6268496,77.2773355,,clinic,Delhi,osm_cache:Noida
28.6454365,77.2251207,,clinic,Delhi,osm_cache:Noida
28.6292249,77.2322767,,doctors,Delhi,osm_cache:Noida
28.6293653,77.2319405,,doctors,Delhi,osm_cache:Noida
28.5787478,77.3668926,,hospital,Uttar Pradesh,osm_cache:Noida
28.6526314,77.3713857,,hospital,Uttar Pradesh,osm_cache:Noida
28.6393915,77.3607146,,hospital,Uttar Pradesh,osm_cache:Noida
28.6393065,77.3605586,,clinic,Uttar Pradesh,osm_cache:Noida
28.6723029,77.4336922,,clinic,Uttar Pradesh,osm_cache:Noida
28.6491348,77.2164415,,hospital,Delhi,osm_cache:Noida
28.6467122,77.212921,,clinic,Delhi,osm_cache:Noida
28.544205,77.2659895,,hospital,Delhi,osm_cache:Noida
28.6395242,77.373357,,hospital,Uttar Pradesh,osm_cache:Noida
28.53312,77.2254277,,hospital,Delhi,osm_cache:Noida
28.5703187,77.2369366,,hospital,Delhi,osm_cache:Noida
28.6622833,77.4392583,,hospital,Uttar Pradesh,osm_cache:Noida
28.6403964,77.2934473,,hospital,Delhi,osm_cache:Noida
28.5129853,77.2355114,,clinic,Delhi,osm_cache:Noida
28.5697412,77.3702112,,hospital,Uttar Pradesh,osm_cache:Noida
28.5583994,77.2064208,,hospital,Delhi,osm_cache:Noida
28.5441982,77.2302898,,clinic,Delhi,osm_cache:Noida
28.5821004,77.2641583,,hospital,Delhi,osm_cache:Noida
28.6510976,77.2987351,,clinic,Delhi,osm_cache:Noida
28.5426418,77.2255189,,clinic,Delhi,osm_cache:Noida
28.5433572,77.2255781,,doctors,Delhi,osm_cache:Noida
28.6360093,77.3756869,,clinic,Uttar Pradesh,osm_cache:Noida
28.5420683,77.2299848,,doctors,Delhi,osm_cache:Noida
28.5437387,77.2288837,,doctors,Delhi,osm_cache:Noida
28.5438614,77.2295231,,doctors,Delhi,osm_cache:Noida
28.5425381,77.2249602,,doctors,Delhi,osm_cache:Noida
28.5436294,77.2118358,,clinic,Delhi,osm_cache:Noida
28.5555937,77.2412436,,hospital,Delhi,osm_cache:Noida
28.5434575,77.214298,,hospital,Delhi,osm_cache:Noida
28.6228832,77.2966806,,hospital,Delhi,osm_cache:Noida
28.5469888,77.2494873,,hospital,Delhi,osm_cache:Noida
28.667554,77.330627,,doctors,Uttar Pradesh,osm_cache:Noida
28.4598692,77.3010162,,doctors,Haryana,osm_cache:Noida
28.663813,77.322127,,doctors,Uttar Pradesh,osm_cache:Noida
28.666922,77.3178057,,hospital,Uttar Pradesh,osm_cache:Noida
28.5667966,77.2088857,,hospital,Delhi,osm_cache:Noida
28.5663672,77.207556,,hospital,Delhi,osm_cache:Noida
28.5315336,77.2075678,,clinic,Delhi,osm_cache:Noida
28.5143778,77.2815719,,hospital,Delhi,osm_cache:Noida
28.5268841,77.2057017,,clinic,Delhi,osm_cache:Noida
28.5163944,77.2059562,,doctors,Delhi,osm_cache:Noida
28.5164951,77.2059636,,doctors,Delhi,osm_cache:Noida
28.576653,77.3376879,,hospital,Uttar Pradesh,osm_cache:Noida
28.5309449,77.2165211,,doctors,Delhi,osm_cache:Noida
28.5309148,77.2161637,,doctors,Delhi,osm_cache:Noida
28.5332342,77.2210796,,clinic,Delhi,osm_cache:Noida
28.5357824,77.2168719,,clinic,Delhi,osm_cache:Noida
28.5307727,77.2159258,,doctors,Delhi,osm_cache:Noida
28.5341711,77.2220018,,clinic,Delhi,osm_cache:Noida
28.5342543,77.2220757,,clinic,Delhi,osm_cache:Noida
28.5346261,77.2206104,,clinic,Delhi,osm_cache:Noida
28.5341349,77.2194522,,clinic,Delhi,osm_cache:Noida
28.5328426,77.217287,,clinic,Delhi,osm_cache:Noida
28.5656044,77.2442543,,hospital,Delhi,osm_cache:Noida
28.5544846,77.2270262,,hospital,Delhi,osm_cache:Noida
28.5403869,77.2829628,,hospital,Delhi,osm_cache:Noida
28.5382694,77.2115625,,doctors,Delhi,osm_cache:Noida
28.5645418,77.2399229,,hospital,Delhi,osm_cache:Noida
28.523344,77.2312921,,hospital,Delhi,osm_cache:Noida
28.5350359,77.2148651,,hospital,Delhi,osm_cache:Noida
28.6327268,77.2804122,,clinic,Delhi,osm_cache:Noida
28.5436465,77.2288659,,doctors,Delhi,osm_cache:Noida
28.4871984,77.3124513,,hospital,Haryana,osm_cache:Noida
28.4647772,77.2990698,,hospital,Haryana,osm_cache:Noida
28.5769233,77.2660263,,hospital,Delhi,osm_cache:Noida
28.4715009,77.3204935,,hospital,Haryana,osm_cache:Noida
28.4799532,77.3110379,,hospital,Haryana,osm_cache:Noida
28.4717765,77.3112819,,hospital,Haryana,osm_cache:Noida
28.4802878,77.3143262,,hospital,Haryana,osm_cache:Noida
28.6778506,77.2241288,,clinic,Delhi,osm_cache:Noida
28.4636559,77.2924554,,hospital,Haryana,osm_cache:Noida
28.6471512,77.3412971,,hospital,Uttar Pradesh,osm_cache:Noida
28.6863918,77.4169093,,hospital,Uttar Pradesh,osm_cache:Noida
28.666936,77.4325258,,hospital,Uttar Pradesh,osm_cache:Noida
28.6520842,77.3603535,,hospital,Uttar Pradesh,osm_cache:Noida
28.6675714,77.4346152,,hospital,Uttar Pradesh,osm_cache:Noida
28.541767,77.3876511,,clinic,Uttar Pradesh,osm_cache:Noida
28.665804,77.437638,,clinic,Uttar Pradesh,osm_cache:Noida
28.6779906,77.4211961,,clinic,Uttar Pradesh,osm_cache:Noida
28.6574453,77.3587207,,hospital,Uttar Pradesh,osm_cache:Noida
28.6763916,77.4200581,,clinic,Uttar Pradesh,osm_cache:Noida
28.6627578,77.442312,,hospital,Uttar Pradesh,osm_cache:Noida
28.670379,77.4291381,,clinic,Uttar Pradesh,osm_cache:Noida
28.6371608,77.3356269,,clinic,Uttar Pradesh,osm_cache:Noida
28.6703284,77.4289886,,hospital,Uttar Pradesh,osm_cache:Noida
28.6455529,77.3717563,,hospital,Uttar Pradesh,osm_cache:Noida
28.5636424,77.3587422,,clinic,Uttar Pradesh,osm_cache:Noida
28.6701642,77.4282107,,hospital,Uttar Pradesh,osm_cache:Noida
28.6526097,77.4365316,,clinic,Uttar Pradesh,osm_cache:Noida
28.5774851,77.3286304,,doctors,Uttar Pradesh,osm_cache:Noida
28.6579608,77.4338602,,doctors,Uttar Pradesh,osm_cache:Noida
28.6861947,77.3702958,,hospital,Uttar Pradesh,osm_cache:Noida
28.5749494,77.3241417,,doctors,Uttar Pradesh,osm_cache:Noida
28.6809262,77.4412268,,clinic,Uttar Pradesh,osm_cache:Noida
28.5321788,77.384381,,hospital,Uttar Pradesh,osm_cache:Noida
28.5770068,77.3394731,,hospital,Uttar Pradesh,osm_cache:Noida
28.580606,77.3256397,,doctors,Uttar Pradesh,osm_cache:Noida
28.5811477,77.363074,,clinic,Uttar Pradesh,osm_cache:Noida
28.6600937,77.367961,,hospital,Uttar Pradesh,osm_cache:Noida
28.6623575,77.439385,,hospital,Uttar Pradesh,osm_cache:Noida
28.661683,77.360141,,hospital,Uttar Pradesh,osm_cache:Noida
28.5928579,77.3389649,,clinic,Uttar Pradesh,osm_cache:Noida
28.6603055,77.4269811,,hospital,Uttar Pradesh,osm_cache:Noida
28.6537077,77.411115,,hospital,Uttar Pradesh,osm_cache:Noida
28.6577254,77.4374302,,doctors,Uttar Pradesh,osm_cache:Noida
28.6875033,77.3394397,,hospital,Uttar Pradesh,osm_cache:Noida
28.6439075,77.4272177,,hospital,Uttar Pradesh,osm_cache:Noida
28.6141769,77.3522092,,hospital,Uttar Pradesh,osm_cache:Noida
28.6705426,77.4304739,,doctors,Uttar Pradesh,osm_cache:Noida
28.6661429,77.3310229,,hospital,Uttar Pradesh,osm_cache:Noida
28.5434748,77.3853469,,clinic,Uttar Pradesh,osm_cache:Noida
28.6374372,77.3532185,,clinic,Uttar Pradesh,osm_cache:Noida
28.6481363,77.3516937,,hospital,Uttar Pradesh,osm_cache:Noida
28.6756803,77.3698917,,clinic,Uttar Pradesh,osm_cache:Noida
28.6633309,77.4351072,,hospital,Uttar Pradesh,osm_cache:Noida
28.5799524,77.3355089,,hospital,Uttar Pradesh,osm_cache:Noida
28.6267789,77.3483944,,hospital,Uttar Pradesh,osm_cache:Noida
28.5935471,77.3701425,,hospital,Uttar Pradesh,osm_cache:Noida
28.5874352,77.3570766,,hospital,Uttar Pradesh,osm_cache:Noida
28.6142729,77.3522647,,clinic,Uttar Pradesh,osm_cache:Noida
28.642142,77.3257148,,hospital,Uttar Pradesh,osm_cache:Noida
28.5732523,77.3218819,,clinic,Uttar Pradesh,osm_cache:Noida
28.5946242,77.3403168,,doctors,Uttar Pradesh,osm_cache:Noida
28.5809728,77.3534455,,clinic,Uttar Pradesh,osm_cache:Noida
28.6013748,77.3783062,,clinic,Uttar Pradesh,osm_cache:Noida
28.5787282,77.3245709,,clinic,Uttar Pradesh,osm_cache:Noida
28.6783954,77.3657387,,hospital,Uttar Pradesh,osm_cache:Noida
28.5799765,77.3421802,,clinic,Uttar Pradesh,osm_cache:Noida
28.6837476,77.3551735,,hospital,Uttar Pradesh,osm_cache:Noida
28.5711965,77.3280893,,hospital,Uttar Pradesh,osm_cache:Noida
28.6441329,77.3418112,,clinic,Uttar Pradesh,osm_cache:Noida
28.6463402,77.3470599,,hospital,Uttar Pradesh,osm_cache:Noida
28.6711245,77.4287846,,clinic,Uttar Pradesh,osm_cache:Noida
28.6711126,77.4301839,,clinic,Uttar Pradesh,osm_cache:Noida
28.5722286,77.3505029,,clinic,Uttar Pradesh,osm_cache:Noida
28.5429868,77.3857208,,hospital,Uttar Pradesh,osm_cache:Noida
28.5601762,77.3702955,,clinic,Uttar Pradesh,osm_cache:Noida
28.6461731,77.4157552,,hospital,Uttar Pradesh,osm_cache:Noida
28.6849833,77.4407852,,doctors,Uttar Pradesh,osm_cache:Noida
28.526572,77.3755282,,clinic,Uttar Pradesh,osm_cache:Noida
28.6362843,77.3607058,,hospital,Uttar Pradesh,osm_cache:Noida
28.5119505,77.3758963,,hospital,Uttar Pradesh,osm_cache:Noida
28.644829,77.4092596,,hospital,Uttar Pradesh,osm_cache:Noida
28.574138,77.3217952,,clinic,Uttar Pradesh,osm_cache:Noida
28.5946592,77.3325131,,clinic,Uttar Pradesh,osm_cache:Noida
28.6449508,77.3391154,,hospital,Uttar Pradesh,osm_cache:Noida
28.6098891,77.3467249,,hospital,Uttar Pradesh,osm_cache:Noida
28.6841869,77.4397045,,hospital,Uttar Pradesh,osm_cache:Noida
28.5982422,77.3389501,,hospital,Uttar Pradesh,osm_cache:Noida
28.5974067,77.336034,,hospital,Uttar Pradesh,osm_cache:Noida
28.6706673,77.4313845,,clinic,Uttar Pradesh,osm_cache:Noida
28.5752097,77.3244153,,clinic,Uttar Pradesh,osm_cache:Noida
28.6501229,77.364914,,hospital,Uttar Pradesh,osm_cache:Noida
28.6395126,77.345653,,clinic,Uttar Pradesh,osm_cache:Noida
28.6454722,77.4210157,,clinic,Uttar Pradesh,osm_cache:Noida
28.5679239,77.3437352,,clinic,Uttar Pradesh,osm_cache:Noida
28.6767929,77.3727977,,doctors,Uttar Pradesh,osm_cache:Noida
28.5724267,77.3407976,,doctors,Uttar Pradesh,osm_cache:Noida
28.5989733,77.3497608,,doctors,Uttar Pradesh,osm_cache:Noida
28.5873527,77.3567507,,clinic,Uttar Pradesh,osm_cache:Noida
28.5830991,77.3351213,,hospital,Uttar Pradesh,osm_cache:Noida
28.5742086,77.3229977,,hospital,Uttar Pradesh,osm_cache:Noida
28.5794754,77.3349001,,hospital,Uttar Pradesh,osm_cache:Noida
28.6452075,77.422169,,hospital,Uttar Pradesh,osm_cache:Noida
28.6705619,77.4304456,,clinic,Uttar Pradesh,osm_cache:Noida
28.6705494,77.430567,,clinic,Uttar Pradesh,osm_cache:Noida
28.6715608,77.4177649,,hospital,Uttar Pradesh,osm_cache:Noida
28.5792305,77.3611736,,hospital,Uttar Pradesh,osm_cache:Noida
28.6827315,77.3670463,,clinic,Uttar Pradesh,osm_cache:Noida
28.6469801,77.4124877,,hospital,Uttar Pradesh,osm_cache:Noida
28.6488083,77.4085039,,hospital,Uttar Pradesh,osm_cache:Noida
28.5927705,77.3650759,,clinic,Uttar Pradesh,osm_cache:Noida
28.5679487,77.3354526,,doctors,Uttar Pradesh,osm_cache:Noida
28.5947661,77.3425665,,clinic,Uttar Pradesh,osm_cache:Noida
28.6881394,77.3614727,,clinic,Uttar Pradesh,osm_cache:Noida
28.5994808,77.3491793,,clinic,Uttar Pradesh,osm_cache:Noida
28.6405677,77.3412821,,hospital,Uttar Pradesh,osm_cache:Noida
28.5683856,77.3433517,,clinic,Uttar Pradesh,osm_cache:Noida
28.6519941,77.4105571,,hospital,Uttar Pradesh,osm_cache:Noida
28.5830114,77.3546565,,clinic,Uttar Pradesh,osm_cache:Noida
28.6429168,77.4164055,,hospital,Uttar Pradesh,osm_cache:Noida
28.6054251,77.3796433,,hospital,Uttar Pradesh,osm_cache:Noida
28.6415217,77.3622827,,hospital,Uttar Pradesh,osm_cache:Noida
28.5973899,77.3379467,,hospital,Uttar Pradesh,osm_cache:Noida
28.6137067,77.3519213,,clinic,Uttar Pradesh,osm_cache:Noida
28.5868864,77.4009032,,hospital,Uttar Pradesh,osm_cache:Noida
28.6600637,77.4385178,,hospital,Uttar Pradesh,osm_cache:Noida
28.574582,77.3234966,,clinic,Uttar Pradesh,osm_cache:Noida
28.6022938,77.342435,,doctors,Uttar Pradesh,osm_cache:Noida
28.6728959,77.4359617,,hospital,Uttar Pradesh,osm_cache:Noida
28.6705931,77.3800188,,clinic,Uttar Pradesh,osm_cache:Noida
28.5394137,77.3891746,,clinic,Uttar Pradesh,osm_cache:Noida
28.6624507,77.440217,,doctors,Uttar Pradesh,osm_cache:Noida
28.5771885,77.3272443,,hospital,Uttar Pradesh,osm_cache:Noida
28.6886094,77.3604768,,clinic,Uttar Pradesh,osm_cache:Noida
28.6717225,77.4186558,,clinic,Uttar Pradesh,osm_cache:Noida
28.6376181,77.3385546,,hospital,Uttar Pradesh,osm_cache:Noida
28.5321001,77.3862845,,clinic,Uttar Pradesh,osm_cache:Noida
28.596142,77.343176,,hospital,Uttar Pradesh,osm_cache:Noida
28.6607074,77.4421167,,clinic,Uttar Pradesh,osm_cache:Noida
28.6701437,77.3316841,,clinic,Uttar Pradesh,osm_cache:Noida
28.6446849,77.3253943,,hospital,Uttar Pradesh,osm_cache:Noida
28.599407,77.3488334,,clinic,Uttar Pradesh,osm_cache:Noida
28.52605,77.2592939,,clinic,Delhi,osm_cache:Noida
28.5647231,77.2437868,,hospital,Delhi,osm_cache:Noida
28.5515214,77.246076,,clinic,Delhi,osm_cache:Noida
28.567441,77.2096335,,hospital,Delhi,osm_cache:Noida
28.6797783,77.2283852,,hospital,Delhi,osm_cache:Noida
28.6001742,77.230795,,clinic,Delhi,osm_cache:Noida
28.633024,77.2111811,,clinic,Delhi,osm_cache:Noida
28.5685701,77.2064068,,hospital,Delhi,osm_cache:Noida
28.5809522,77.2249977,,clinic,Delhi,osm_cache:Noida
28.6295482,77.234083,,clinic,Delhi,osm_cache:Noida
28.6357652,77.2110664,,hospital,Delhi,osm_cache:Noida
28.5681531,77.2054264,,hospital,Delhi,osm_cache:Noida
28.6371532,77.236999,,hospital,Delhi,osm_cache:Noida
28.5735641,77.2174125,,clinic,Delhi,osm_cache:Noida
28.5822643,77.2198427,,clinic,Delhi,osm_cache:Noida
28.603382,77.2279162,,clinic,Delhi,osm_cache:Noida
28.6090129,77.2360929,,clinic,Delhi,osm_cache:Noida
28.653163,77.268342,,hospital,Delhi,osm_cache:Noida
28.5754186,77.2051091,,clinic,Delhi,osm_cache:Noida
28.6227119,77.2227032,,clinic,Delhi,osm_cache:Noida
28.6365867,77.2173905,,hospital,Delhi,osm_cache:Noida
28.6002912,77.2306526,,clinic,Delhi,osm_cache:Noida
28.6055299,77.2346183,,clinic,Delhi,osm_cache:Noida
28.634138,77.212909,,hospital,Delhi,osm_cache:Noida
28.6016654,77.3078775,,clinic,Delhi,osm_cache:Noida
28.6308574,77.3197627,,clinic,Delhi,osm_cache:Noida
28.6472649,77.2308534,,hospital,Delhi,osm_cache:Noida
28.664396,77.212246,,clinic,Delhi,osm_cache:Noida
28.6447506,77.2351031,,clinic,Delhi,osm_cache:Noida
28.6495013,77.2098206,,hospital,Delhi,osm_cache:Noida
28.653289,77.2780809,,hospital,Delhi,osm_cache:Noida
28.649831,77.2359282,,hospital,Delhi,osm_cache:Noida
28.6006989,77.3167956,,clinic,Delhi,osm_cache:Noida
28.6060579,77.2933797,,hospital,Delhi,osm_cache:Noida
28.5372268,77.2149447,,hospital,Delhi,osm_cache:Noida
28.5686672,77.2067292,,hospital,Delhi,osm_cache:Noida
28.534181,77.212134,,clinic,Delhi,osm_cache:Noida
28.5199097,77.2401984,,clinic,Delhi,osm_cache:Noida
28.6077373,77.3011842,,clinic,Delhi,osm_cache:Noida
28.6545609,77.2255581,,clinic,Delhi,osm_cache:Noida
28.5520278,77.2080381,,hospital,Delhi,osm_cache:Noida
28.6092197,77.2948507,,hospital,Delhi,osm_cache:Noida
28.5393048,77.2078324,,clinic,Delhi,osm_cache:Noida
28.6280791,77.2879995,,clinic,Delhi,osm_cache:Noida
28.650165,77.21111,,clinic,Delhi,osm_cache:Noida
28.629808,77.2387009,,hospital,Delhi,osm_cache:Noida
28.6197044,77.2832632,,clinic,Delhi,osm_cache:Noida
28.6032398,77.3033794,,clinic,Delhi,osm_cache:Noida
28.6463656,77.2948251,,clinic,Delhi,osm_cache:Noida
28.6697661,77.2178501,,hospital,Delhi,osm_cache:Noida
28.5171485,77.2347363,,clinic,Delhi,osm_cache:Noida
28.6427947,77.2098113,,clinic,Delhi,osm_cache:Noida
28.6138358,77.3233982,,hospital,Delhi,osm_cache:Noida
28.6197989,77.3039095,,hospital,Delhi,osm_cache:Noida
28.6435226,77.2424612,,hospital,Delhi,osm_cache:Noida
28.6264544,77.3023362,,hospital,Delhi,osm_cache:Noida
28.6326476,77.308463,,clinic,Delhi,osm_cache:Noida
28.6764665,77.262937,,hospital,Delhi,osm_cache:Noida
28.5427709,77.2073754,,hospital,Delhi,osm_cache:Noida
28.6796305,77.20819,,hospital,Delhi,osm_cache:Noida
28.6094473,77.3343703,,hospital,Delhi,osm_cache:Noida
28.675788,77.2597307,,clinic,Delhi,osm_cache:Noida
28.5358718,77.2091623,,hospital,Delhi,osm_cache:Noida
28.642259,77.2084424,,clinic,Delhi,osm_cache:Noida
28.5232645,77.2083793,,clinic,Delhi,osm_cache:Noida
28.5347579,77.2083916,,hospital,Delhi,osm_cache:Noida
28.6722316,77.2721467,,clinic,Delhi,osm_cache:Noida
28.6121398,77.3114035,,clinic,Delhi,osm_cache:Noida
28.6708223,77.2162565,,hospital,Delhi,osm_cache:Noida
28.5396605,77.2288172,,clinic,Delhi,osm_cache:Noida
28.616698,77.318866,,clinic,Delhi,osm_cache:Noida
28.611742,77.293681,,clinic,Delhi,osm_cache:Noida
28.5145148,77.2258444,,clinic,Delhi,osm_cache:Noida
28.6151295,77.3237989,,hospital,Delhi,osm_cache:Noida
28.6424432,77.2427645,,hospital,Delhi,osm_cache:Noida
28.5067947,77.2291106,,clinic,Delhi,osm_cache:Noida
28.6598583,77.2157522,,hospital,Delhi,osm_cache:Noida
28.4962232,77.3100357,,clinic,Haryana,osm_cache:Noida
28.6636226,77.3184333,,clinic,Uttar Pradesh,osm_cache:Noida
28.6683992,77.2773021,,clinic,Delhi,osm_cache:Noida
28.5287785,77.2437938,,hospital,Delhi,osm_cache:Noida
28.6759254,77.2876085,,hospital,Delhi,osm_cache:Noida
28.539479,77.25939,,clinic,Delhi,osm_cache:Noida
28.6798998,77.2718597,,hospital,Delhi,osm_cache:Noida
28.5662662,77.2881643,,clinic,Delhi,osm_cache:Noida
28.6845119,77.3296536,,hospital,Uttar Pradesh,osm_cache:Noida
28.5718287,77.2527073,,clinic,Delhi,osm_cache:Noida
28.6893425,77.3003113,,hospital,Delhi,osm_cache:Noida
28.588109,77.255874,,clinic,Delhi,osm_cache:Noida
28.5078792,77.2439343,,clinic,Delhi,osm_cache:Noida
28.668361,77.277492,,hospital,Delhi,osm_cache:Noida
28.5223738,77.2855634,,hospital,Delhi,osm_cache:Noida
28.6750114,77.2904545,,hospital,Delhi,osm_cache:Noida
28.5363921,77.2441716,,hospital,Delhi,osm_cache:Noida
28.5501786,77.3005219,,clinic,Delhi,osm_cache:Noida
28.5706874,77.2199599,,hospital,Delhi,osm_cache:Noida
28.5028873,77.2527568,,clinic,Delhi,osm_cache:Noida
28.6665856,77.3111297,,hospital,Uttar Pradesh,osm_cache:Noida
28.5149753,77.2519382,,hospital,Delhi,osm_cache:Noida
28.6716803,77.2942542,,clinic,Delhi,osm_cache:Noida
28.5323573,77.2659687,,hospital,Delhi,osm_cache:Noida
28.678117,77.3225828,,hospital,Uttar Pradesh,osm_cache:Noida
28.5500671,77.2440346,,hospital,Delhi,osm_cache:Noida
28.5643002,77.260592,,clinic,Delhi,osm_cache:Noida
28.5008866,77.3166065,,clinic,Haryana,osm_cache:Noida
28.6664871,77.3207024,,hospital,Uttar Pradesh,osm_cache:Noida
28.513195,77.2652745,,hospital,Delhi,osm_cache:Noida
28.6707889,77.3117511,,clinic,Uttar Pradesh,osm_cache:Noida
28.6779567,77.2825741,,hospital,Delhi,osm_cache:Noida
28.5441942,77.2676793,,hospital,Delhi,osm_cache:Noida
28.680655,77.328367,,clinic,Uttar Pradesh,osm_cache:Noida
28.5582752,77.25376,,clinic,Delhi,osm_cache:Noida
28.5672773,77.2473565,,hospital,Delhi,osm_cache:Noida
28.577053,77.226043,,hospital,Delhi,osm_cache:Noida
28.6589056,77.3060238,,clinic,Delhi,osm_cache:Noida
28.4985414,77.2453098,,clinic,Delhi,osm_cache:Noida
28.6656992,77.2906128,,hospital,Delhi,osm_cache:Noida
28.6696193,77.3190619,,hospital,Uttar Pradesh,osm_cache:Noida
28.5299782,77.2451946,,hospital,Delhi,osm_cache:Noida
28.6779064,77.2959784,,clinic,Delhi,osm_cache:Noida
28.540349,77.262854,,hospital,Delhi,osm_cache:Noida
28.5556776,77.2369473,,hospital,Delhi,osm_cache:Noida
28.6814958,77.3283939,,hospital,Uttar Pradesh,osm_cache:Noida
28.68452,77.3278636,,hospital,Uttar Pradesh,osm_cache:Noida
28.6894792,77.327676,,clinic,Uttar Pradesh,osm_cache:Noida
28.6012158,77.3739616,,hospital,Uttar Pradesh,osm_cache:Noida
28.6623585,77.4234813,,hospital,Uttar Pradesh,osm_cache:Noida
28.6614276,77.4222234,,hospital,Uttar Pradesh,osm_cache:Noida
28.6580831,77.3610787,,doctors,Uttar Pradesh,osm_cache:Noida
28.5352441,77.2079327,,hospital,Delhi,osm_cache:Noida
28.6443841,77.2385497,,hospital,Delhi,osm_cache:Noida
28.5452411,77.3001922,,hospital,Delhi,osm_cache:Noida
28.572765,77.272467,,clinic,Delhi,osm_cache:Noida
28.6418873,77.2450734,,hospital,Delhi,osm_cache:Noida
28.6432419,77.2424546,,clinic,Delhi,osm_cache:Noida
28.5570997,77.2929324,,hospital,Delhi,osm_cache:Noida
28.5408332,77.2958778,,hospital,Delhi,osm_cache:Noida
28.5083921,77.2314148,,hospital,Delhi,osm_cache:Noida
28.5110582,77.2356508,,clinic,Delhi,osm_cache:Noida
28.533909,77.210402,,clinic,Delhi,osm_cache:Noida
28.5034403,77.2480077,,hospital,Delhi,osm_cache:Noida
28.571321,77.274224,,hospital,Delhi,osm_cache:Noida
28.628851,77.300537,,hospital,Delhi,osm_cache:Noida
28.5588756,77.2942198,,hospital,Delhi,osm_cache:Noida
28.5109301,77.2407796,,hospital,Delhi,osm_cache:Noida
28.5118287,77.2346317,,hospital,Delhi,osm_cache:Noida
28.5004025,77.3232801,,hospital,Haryana,osm_cache:Noida
28.5497143,77.2397747,,clinic,Delhi,osm_cache:Noida
28.500025,77.237142,,hospital,Delhi,osm_cache:Noida
28.619588,77.3012574,,hospital,Delhi,osm_cache:Noida
28.5464875,77.3005748,,hospital,Delhi,osm_cache:Noida
28.526027,77.231042,,clinic,Delhi,osm_cache:Noida
28.507902,77.2494122,,hospital,Delhi,osm_cache:Noida
28.5259102,77.2364446,,clinic,Delhi,osm_cache:Noida
28.522116,77.215201,,hospital,Delhi,osm_cache:Noida
28.5104176,77.2374101,,hospital,Delhi,osm_cache:Noida
28.5561387,77.2893706,,hospital,Delhi,osm_cache:Noida
28.5095632,77.2486514,,hospital,Delhi,osm_cache:Noida
28.56701,77.2843026,,hospital,Delhi,osm_cache:Noida
28.5221871,77.242704,,hospital,Delhi,osm_cache:Noida
28.6228036,77.2959726,,hospital,Delhi,osm_cache:Noida
28.543241,77.300456,,hospital,Delhi,osm_cache:Noida
28.5063405,77.231747,,hospital,Delhi,osm_cache:Noida
28.6412816,77.2429413,,hospital,Delhi,osm_cache:Noida
28.5106137,77.2367957,,clinic,Delhi,osm_cache:Noida
28.4896232,77.2220528,,doctors,Delhi,osm_cache:Noida
28.581479,77.261959,,hospital,Delhi,osm_cache:Noida
28.6413801,77.2863392,,hospital,Delhi,osm_cache:Noida
28.563833,77.271553,,hospital,Delhi,osm_cache:Noida
28.6265513,77.3019477,,hospital,Delhi,osm_cache:Noida
28.535139,77.2223229,,hospital,Delhi,osm_cache:Noida
28.5095465,77.2545063,,hospital,Delhi,osm_cache:Noida
28.5253365,77.2363897,,hospital,Delhi,osm_cache:Noida
28.539926,77.292145,,hospital,Delhi,osm_cache:Noida
28.6437984,77.2381596,,hospital,Delhi,osm_cache:Noida
28.4735598,77.3093488,,doctors,Haryana,osm_cache:Noida
28.4722424,77.311076,,clinic,Haryana,osm_cache:Noida
28.4656922,77.2983135,,clinic,Haryana,osm_cache:Noida
28.4585636,77.2990752,,clinic,Haryana,osm_cache:Noida
28.467198,77.298696,,clinic,Haryana,osm_cache:Noida
28.4610623,77.2990522,,clinic,Haryana,osm_cache:Noida
28.469556,77.31148,,clinic,Haryana,osm_cache:Noida
28.474424,77.3073222,,clinic,Haryana,osm_cache:Noida
28.4735719,77.3116191,,clinic,Haryana,osm_cache:Noida
28.4806865,77.3111692,,clinic,Haryana,osm_cache:Noida
28.4698659,77.3112027,,clinic,Haryana,osm_cache:Noida
28.4723908,77.3105052,,clinic,Haryana,osm_cache:Noida
28.469973,77.311799,,clinic,Haryana,osm_cache:Noida
28.4654645,77.2968729,,clinic,Haryana,osm_cache:Noida
28.4819701,77.3138863,,clinic,Haryana,osm_cache:Noida
28.4732461,77.3108089,,clinic,Haryana,osm_cache:Noida
28.4681527,77.3009337,,clinic,Haryana,osm_cache:Noida
28.474392,77.3076761,,clinic,Haryana,osm_cache:Noida
28.479773,77.311488,,clinic,Haryana,osm_cache:Noida
28.4804539,77.3143648,,hospital,Haryana,osm_cache:Noida
28.468917,77.3013408,,clinic,Haryana,osm_cache:Noida
28.462097,77.302164,,clinic,Haryana,osm_cache:Noida
28.474267,77.308767,,clinic,Haryana,osm_cache:Noida
28.4643561,77.2901423,,clinic,Haryana,osm_cache:Noida
28.6311711,77.2170294,,hospital,Delhi,osm_cache:Noida
28.6267808,77.2182706,,hospital,Delhi,osm_cache:Noida
28.5755971,77.3654915,,clinic,Uttar Pradesh,osm_cache:Noida
28.6362159,77.3604566,,clinic,Uttar Pradesh,osm_cache:Noida
28.6347048,77.3641493,,clinic,Uttar Pradesh,osm_cache:Noida
28.6346135,77.3330229,,hospital,Uttar Pradesh,osm_cache:Noida
28.6099112,77.441714,,hospital,Uttar Pradesh,osm_cache:Noida
28.5391557,77.282953,,hospital,Delhi,osm_cache:Noida
28.6404349,77.4067036,,policeoutpost,Uttar Pradesh,osm_cache:Noida
28.6646168,77.4353902,,doctors,Uttar Pradesh,osm_cache:Noida
28.6648428,77.4370461,,doctors,Uttar Pradesh,osm_cache:Noida
28.6317452,77.3498755,,hospital,Uttar Pradesh,osm_cache:Noida
28.634961,77.3041563,,clinic,Delhi,osm_cache:Noida
28.5891932,77.3017514,,clinic,Delhi,osm_cache:Noida
28.5716779,77.3822376,,clinic,Uttar Pradesh,osm_cache:Noida
28.6559519,77.2811441,,hospital,Delhi,osm_cache:Noida
28.5495245,77.2337844,,hospital,Delhi,osm_cache:Noida
28.61772,77.2945682,,clinic,Delhi,osm_cache:Noida
28.5059273,77.40855,,hospital,Uttar Pradesh,osm_cache:Noida
28.5128503,77.2513477,,hospital,Delhi,osm_cache:Noida
28.6396489,77.3607776,,clinic,Uttar Pradesh,osm_cache:Noida
28.622938,77.2951415,,doctors,Delhi,osm_cache:Noida
28.6476839,77.3786785,,hospital,Uttar Pradesh,osm_cache:Noida
28.5476601,77.2464008,,clinic,Delhi,osm_cache:Noida
28.5740771,77.3951365,,clinic,Uttar Pradesh,osm_cache:Noida
28.6470935,77.3020999,,hospital,Delhi,osm_cache:Noida
28.5570345,77.2929977,,hospital,Delhi,osm_cache:Noida
28.6241393,77.2924633,,clinic,Delhi,osm_cache:Noida
28.5697622,77.2267424,,hospital,Delhi,osm_cache:Noida
28.6226575,77.2903232,,clinic,Delhi,osm_cache:Noida
28.6229627,77.2903325,,clinic,Delhi,osm_cache:Noida
28.6267693,77.2092035,,hospital,Delhi,osm_cache:Noida
28.6479681,77.3684336,,clinic,Uttar Pradesh,osm_cache:Noida
28.6393999,77.3602066,,clinic,Uttar Pradesh,osm_cache:Noida
28.6579873,77.4113195,,hospital,Uttar Pradesh,osm_cache:Noida
28.6572794,77.4122774,,hospital,Uttar Pradesh,osm_cache:Noida
28.5506762,77.2339192,,clinic,Delhi,osm_cache:Noida
28.6367178,77.3048481,,clinic,Delhi,osm_cache:Noida
28.6321769,77.2785795,,clinic,Delhi,osm_cache:Noida
28.6323835,77.28062,,clinic,Delhi,osm_cache:Noida
28.6334376,77.2820976,,clinic,Delhi,osm_cache:Noida
28.6308656,77.2783314,,hospital,Delhi,osm_cache:Noida
28.6391169,77.2791304,,clinic,Delhi,osm_cache:Noida
28.5530588,77.235332,,clinic,Delhi,osm_cache:Noida
28.5730696,77.2380564,,clinic,Delhi,osm_cache:Noida
28.5652709,77.2405358,,clinic,Delhi,osm_cache:Noida
28.6361631,77.3044716,,clinic,Delhi,osm_cache:Noida
28.549769,77.2340861,,clinic,Delhi,osm_cache:Noida
28.5904456,77.3978549,,clinic,Uttar Pradesh,osm_cache:Noida
28.5493022,77.2348475,,clinic,Delhi,osm_cache:Noida
28.5500478,77.2338654,,clinic,Delhi,osm_cache:Noida
28.6840891,77.318886,,clinic,Uttar Pradesh,osm_cache:Noida
28.6885897,77.2917846,,hospital,Delhi,osm_cache:Noida
28.6887269,77.2922223,,doctors,Delhi,osm_cache:Noida
28.6892732,77.2986283,,hospital,Delhi,osm_cache:Noida
28.6865598,77.2902512,,hospital,Delhi,osm_cache:Noida
28.5492157,77.2350998,,clinic,Delhi,osm_cache:Noida
28.4910033,77.2911674,,hospital,Haryana,osm_cache:Noida
28.5503239,77.2354489,,doctors,Delhi,osm_cache:Noida
28.5673384,77.216987,,clinic,Delhi,osm_cache:Noida
28.5483823,77.2419692,,hospital,Delhi,osm_cache:Noida
28.5377798,77.2470631,,clinic,Delhi,osm_cache:Noida
28.6772095,77.2080449,,clinic,Delhi,osm_cache:Noida
28.5701242,77.2396269,,doctors,Delhi,osm_cache:Noida
28.5653124,77.2420742,,clinic,Delhi,osm_cache:Noida
28.6417153,77.3720645,,clinic,Uttar Pradesh,osm_cache:Noida
28.6220078,77.2919497,,doctors,Delhi,osm_cache:Noida
28.5722116,77.24167,,doctors,Delhi,osm_cache:Noida
28.6436517,77.2984564,,clinic,Delhi,osm_cache:Noida
28.5223965,77.2383804,,hospital,Delhi,osm_cache:Noida
28.525311,77.2369646,,clinic,Delhi,osm_cache:Noida
28.6420044,77.2042941,,hospital,Delhi,osm_cache:Noida
28.5481213,77.2336839,,doctors,Delhi,osm_cache:Noida
28.6330862,77.2816989,,clinic,Delhi,osm_cache:Noida
28.5689114,77.2480083,,clinic,Delhi,osm_cache:Noida
28.5666637,77.246144,,doctors,Delhi,osm_cache:Noida
28.5684908,77.2471857,,doctors,Delhi,osm_cache:Noida
28.5679532,77.2468901,,doctors,Delhi,osm_cache:Noida
28.5680466,77.246961,,clinic,Delhi,osm_cache:Noida
28.5876151,77.2166248,,clinic,Delhi,osm_cache:Noida
28.6485447,77.2385223,,hospital,Delhi,osm_cache:Noida
28.688695,77.3403105,,doctors,Uttar Pradesh,osm_cache:Noida
28.6700682,77.2883841,,clinic,Delhi,osm_cache:Noida
28.5579657,77.2072939,,clinic,Delhi,osm_cache:Noida
28.6235493,77.2901079,,clinic,Delhi,osm_cache:Noida
28.6235827,77.2903802,,doctors,Delhi,osm_cache:Noida
28.6235766,77.2903012,,doctors,Delhi,osm_cache:Noida
28.6244425,77.2900848,,clinic,Delhi,osm_cache:Noida
28.6244722,77.2901295,,doctors,Delhi,osm_cache:Noida
28.54722,77.2335699,,doctors,Delhi,osm_cache:Noida
28.547281,77.233564,,doctors,Delhi,osm_cache:Noida
28.6229016,77.2931845,,clinic,Delhi,osm_cache:Noida
28.6399323,77.2040074,,clinic,Delhi,osm_cache:Noida
28.6325356,77.207086,,clinic,Delhi,osm_cache:Noida
28.6328201,77.2073014,,doctors,Delhi,osm_cache:Noida
28.5974786,77.3358702,,hospital,Uttar Pradesh,osm_cache:Noida
28.6460547,77.340079,,hospital,Uttar Pradesh,osm_cache:Noida
28.5639804,77.2363503,,doctors,Delhi,osm_cache:Noida
28.6471942,77.3446415,,hospital,Uttar Pradesh,osm_cache:Noida
28.6446764,77.3388901,,doctors,Uttar Pradesh,osm_cache:Noida
28.5692,77.3239389,,doctors,Uttar Pradesh,osm_cache:Noida
28.5692894,77.3239514,,doctors,Uttar Pradesh,osm_cache:Noida
28.5709424,77.324075,,clinic,Uttar Pradesh,osm_cache:Noida
28.5687064,77.32458,,doctors,Uttar Pradesh,osm_cache:Noida
28.5688275,77.3244701,,doctors,Uttar Pradesh,osm_cache:Noida
28.5707389,77.3240598,,clinic,Uttar Pradesh,osm_cache:Noida
28.5701725,77.3263838,,doctors,Uttar Pradesh,osm_cache:Noida
28.5384915,77.2997698,,clinic,Delhi,osm_cache:Noida
28.5749779,77.2415284,,doctors,Delhi,osm_cache:Noida
28.6459381,77.242051,,hospital,Delhi,osm_cache:Noida
28.5484105,77.2166727,,clinic,Delhi,osm_cache:Noida
28.6017038,77.3145526,,doctors,Delhi,osm_cache:Noida
28.5618777,77.2531937,,clinic,Delhi,osm_cache:Noida
28.6001296,77.3176768,,clinic,Delhi,osm_cache:Noida
28.5805858,77.3421765,,clinic,Uttar Pradesh,osm_cache:Noida
28.6048094,77.3323874,,clinic,Delhi,osm_cache:Noida
28.5659736,77.3984228,,hospital,Uttar Pradesh,osm_cache:Noida
28.6464452,77.3784936,,hospital,Uttar Pradesh,osm_cache:Noida
28.6348052,77.2977989,,clinic,Delhi,osm_cache:Noida
28.6353257,77.2881381,,hospital,Delhi,osm_cache:Noida
28.6085378,77.2916084,,clinic,Delhi,osm_cache:Noida
28.6190345,77.2856275,,hospital,Delhi,osm_cache:Noida
28.5288731,77.2557006,,hospital,Delhi,osm_cache:Noida
28.619157,77.2855408,,hospital,Delhi,osm_cache:Noida
28.609172,77.4376723,,clinic,Uttar Pradesh,osm_cache:Noida
28.6217661,77.2815211,,clinic,Delhi,osm_cache:Noida
28.5735606,77.2170339,,doctors,Delhi,osm_cache:Noida
28.5379869,77.2482605,,hospital,Delhi,osm_cache:Noida
28.6026654,77.3140801,,hospital,Delhi,osm_cache:Noida
28.5879311,77.3589213,,doctors,Uttar Pradesh,osm_cache:Noida
28.6414623,77.299997,,hospital,Delhi,osm_cache:Noida
28.5683579,77.2171554,,hospital,Delhi,osm_cache:Noida
28.535271,77.294414,,hospital,Delhi,osm_cache:Noida
28.5650666,77.248703,,clinic,Delhi,osm_cache:Noida
28.5647216,77.2447463,,hospital,Delhi,osm_cache:Noida
28.5650215,77.2477571,,hospital,Delhi,osm_cache:Noida
28.5662667,77.2305335,,clinic,Delhi,osm_cache:Noida
28.6900158,77.2097429,,clinic,Delhi,osm_cache:Noida
28.6094967,77.2116967,,hospital,Delhi,osm_cache:Noida
28.5701229,77.2198363,,clinic,Delhi,osm_cache:Noida
28.5701811,77.2198506,,clinic,Delhi,osm_cache:Noida
28.5701327,77.2196604,,clinic,Delhi,osm_cache:Noida
28.5689788,77.2207844,,clinic,Delhi,osm_cache:Noida
28.5702342,77.2209733,,clinic,Delhi,osm_cache:Noida
28.573476,77.2177893,,doctors,Delhi,osm_cache:Noida
28.5540733,77.2440645,,hospital,Delhi,osm_cache:Noida
28.5676912,77.2247496,,clinic,Delhi,osm_cache:Noida
28.6199574,77.4266709,,hospital,Uttar Pradesh,osm_cache:Noida
28.5738255,77.2171635,,doctors,Delhi,osm_cache:Noida
28.5705244,77.2196669,,doctors,Delhi,osm_cache:Noida
28.5706539,77.2196878,,doctors,Delhi,osm_cache:Noida
28.5707749,77.2196876,,doctors,Delhi,osm_cache:Noida
28.5666901,77.2355355,,hospital,Delhi,osm_cache:Noida
28.5139239,77.245588,,hospital,Delhi,osm_cache:Noida
28.6187342,77.3726265,,hospital,Uttar Pradesh,osm_cache:Noida
28.5600929,77.2737665,,hospital,Delhi,osm_cache:Noida
28.5621873,77.2758221,,hospital,Delhi,osm_cache:Noida
28.6620693,77.2197946,,hospital,Delhi,osm_cache:Noida
28.5303246,77.2140321,,hospital,Delhi,osm_cache:Noida
28.5273506,77.2116849,,hospital,Delhi,osm_cache:Noida
28.5679787,77.251595,,hospital,Delhi,osm_cache:Noida
28.5325224,77.2385904,,hospital,Delhi,osm_cache:Noida
28.6457857,77.2421267,,hospital,Delhi,osm_cache:Noida
28.5878284,77.2515018,,hospital,Delhi,osm_cache:Noida
28.6139885,77.2899867,,hospital,Delhi,osm_cache:Noida
28.6025681,77.3141397,,hospital,Delhi,osm_cache:Noida
28.5274074,77.214229,,hospital,Delhi,osm_cache:Noida
28.6186316,77.3136539,,hospital,Delhi,osm_cache:Noida
28.6178479,77.3114762,,hospital,Delhi,osm_cache:Noida
28.6383024,77.2322347,,hospital,Delhi,osm_cache:Noida
28.6759294,77.2120112,,hospital,Delhi,osm_cache:Noida
28.4746541,77.2158554,,hospital,Delhi,osm_cache:Noida
28.6433234,77.2245015,,hospital,Delhi,osm_cache:Noida
28.6098281,77.3377451,,hospital,Delhi,osm_cache:Noida
28.5969548,77.2318585,,clinic,Delhi,osm_cache:Noida
28.5671524,77.2282896,,clinic,Delhi,osm_cache:Noida
28.5635874,77.3654167,,hospital,Uttar Pradesh,osm_cache:Noida
28.6442964,77.2912888,,clinic,Delhi,osm_cache:Noida
28.654815,77.3590343,,clinic,Uttar Pradesh,osm_cache:Noida
28.637529,77.3040226,,clinic,Delhi,osm_cache:Noida
28.6627262,77.2368628,,clinic,Delhi,osm_cache:Noida
28.666886,77.3115102,,hospital,Uttar Pradesh,osm_cache:Noida
28.6770581,77.4208355,,hospital,Uttar Pradesh,osm_cache:Noida
28.6540075,77.3090007,,hospital,Delhi,osm_cache:Noida
28.5847596,77.359749,,clinic,Uttar Pradesh,osm_cache:Noida
28.6808693,77.31389,,clinic,Uttar Pradesh,osm_cache:Noida
28.543431,77.2144914,,clinic,Delhi,osm_cache:Noida
28.6038115,77.2985599,,clinic,Delhi,osm_cache:Noida
28.6457448,77.3017216,,hospital,Delhi,osm_cache:Noida
28.6702252,77.4281053,,hospital,Uttar Pradesh,osm_cache:Noida
28.6701836,77.4279667,,hospital,Uttar Pradesh,osm_cache:Noida
28.6857193,77.3430659,,doctors,Uttar Pradesh,osm_cache:Noida
28.5192765,77.214379,,hospital,Delhi,osm_cache:Noida
28.5221035,77.2151007,,hospital,Delhi,osm_cache:Noida
28.664828,77.4370519,,doctors,Uttar Pradesh,osm_cache:Noida
28.555297,77.241597,,clinic,Delhi,osm_cache:Noida
28.6132251,77.3232862,,hospital,Delhi,osm_cache:Noida
28.635087,77.2781102,,hospital,Delhi,osm_cache:Noida
28.6420359,77.2436745,,hospital,Delhi,osm_cache:Noida
28.5355481,77.2138956,,hospital,Delhi,osm_cache:Noida
28.5672495,77.2050872,,hospital,Delhi,osm_cache:Noida
28.6659998,77.2139404,,hospital,Delhi,osm_cache:Noida
28.529941,77.3209499,,hospital,Delhi,osm_cache:Noida
28.547281,77.2547179,,hospital,Delhi,osm_cache:Noida
28.5293079,77.2047222,,hospital,Delhi,osm_cache:Noida
28.6824575,77.2915254,,clinic,Delhi,osm_cache:Noida
28.6057953,77.295473,,hospital,Delhi,osm_cache:Noida
28.6442793,77.2718858,,clinic,Delhi,osm_cache:Noida
28.5207703,77.2291946,,clinic,Delhi,osm_cache:Noida
28.6409725,77.2737823,,clinic,Delhi,osm_cache:Noida
28.6330306,77.2807284,,hospital,Delhi,osm_cache:Noida
28.6802874,77.3132828,,clinic,Uttar Pradesh,osm_cache:Noida
28.6531557,77.2949431,,hospital,Delhi,osm_cache:Noida
28.6521672,77.2946143,,hospital,Delhi,osm_cache:Noida
28.6630132,77.2858059,,hospital,Delhi,osm_cache:Noida
28.6605443,77.2875908,,hospital,Delhi,osm_cache:Noida
28.5309243,77.2576301,,clinic,Delhi,osm_cache:Noida
28.5676699,77.2340119,,hospital,Delhi,osm_cache:Noida
28.6899575,77.2900591,,clinic,Delhi,osm_cache:Noida
28.6842143,77.2829309,,clinic,Delhi,osm_cache:Noida
28.6888033,77.2799788,,clinic,Delhi,osm_cache:Noida
28.529182,77.2137594,,hospital,Delhi,osm_cache:Noida
28.6333025,77.309241,,hospital,Delhi,osm_cache:Noida
28.6529838,77.2949809,,hospital,Delhi,osm_cache:Noida
28.641072,77.2824092,,hospital,Delhi,osm_cache:Noida
28.6897226,77.3165616,,hospital,Uttar Pradesh,osm_cache:Noida
28.6865811,77.3088412,,hospital,Uttar Pradesh,osm_cache:Noida
28.6647587,77.4351015,,doctors,Uttar Pradesh,osm_cache:Noida
28.5844408,77.246948,,clinic,Delhi,osm_cache:Noida
28.5604747,77.2074813,,hospital,Delhi,osm_cache:Noida
28.5442258,77.2953129,,hospital,Delhi,osm_cache:Noida
28.5058981,77.4086651,,hospital,Uttar Pradesh,osm_cache:Noida
28.5725403,77.3407693,,hospital,Uttar Pradesh,osm_cache:Noida
28.6346631,77.3329568,,hospital,Uttar Pradesh,osm_cache:Noida
28.5838587,77.221808,,hospital,Delhi,osm_cache:Noida
28.6225379,77.2895145,,clinic,Delhi,osm_cache:Noida
28.6450481,77.3013758,,hospital,Delhi,osm_cache:Noida
28.6384082,77.2948997,,hospital,Delhi,osm_cache:Noida
28.6632045,77.2378123,,hospital,Delhi,osm_cache:Noida
28.5498867,77.2340237,,hospital,Delhi,osm_cache:Noida
28.6354868,77.3611181,,hospital,Uttar Pradesh,osm_cache:Noida
28.5691726,77.2447884,,hospital,Delhi,osm_cache:Noida
28.6309037,77.2771409,,clinic,Delhi,osm_cache:Noida
28.5467781,77.2495543,,hospital,Delhi,osm_cache:Noida
28.5715245,77.2285303,,hospital,Delhi,osm_cache:Noida
28.5432302,77.2032121,,hospital,Delhi,osm_cache:Noida
28.6791534,77.3035364,,hospital,Delhi,osm_cache:Noida
28.6599186,77.4382019,,hospital,Uttar Pradesh,osm_cache:Noida
28.6856828,77.3467537,,hospital,Uttar Pradesh,osm_cache:Noida
28.6158768,77.4280375,,hospital,Uttar Pradesh,osm_cache:Noida
28.6777185,77.2242462,,hospital,Delhi,osm_cache:Noida
28.6002135,77.3759255,,hospital,Uttar Pradesh,osm_cache:Noida
28.5762661,77.3378924,,hospital,Uttar Pradesh,osm_cache:Noida
28.6031508,77.3241897,,hospital,Delhi,osm_cache:Noida
28.5445482,77.2177555,,clinic,Delhi,osm_cache:Noida
28.6053495,77.2956806,,hospital,Delhi,osm_cache:Noida
28.6462502,77.377579,,hospital,Uttar Pradesh,osm_cache:Noida
15.590947,73.948326,,hospital,Goa,osm_cache:North-goa
15.4971793,73.9322459,,hospital,Goa,osm_cache:North-goa
15.575819,73.9797105,,hospital,Goa,osm_cache:North-goa
15.6072918,73.9311242,,hospital,Goa,osm_cache:North-goa
15.5882164,73.9444055,,hospital,Goa,osm_cache:North-goa
15.684488,73.966995,,hospital,Maharashtra,osm_cache:North-goa
15.5865514,73.9487511,,clinic,Goa,osm_cache:North-goa
15.587394,73.949706,,hospital,Goa,osm_cache:North-goa
15.5643209,74.009667,,clinic,Goa,osm_cache:North-goa
15.5481908,73.878239,,clinic,Goa,osm_cache:North-goa
15.5881927,73.9478481,,doctors,Goa,osm_cache:North-goa
15.5866783,73.9540296,,clinic,Goa,osm_cache:North-goa
15.5617332,74.0153338,,doctors,Goa,osm_cache:North-goa
15.5616184,74.0155411,,clinic,Goa,osm_cache:North-goa
15.5574484,74.0229522,,doctors,Goa,osm_cache:North-goa
15.591419,73.948039,,clinic,Goa,osm_cache:North-goa
15.4972642,73.9320712,,hospital,Goa,osm_cache:North-goa
15.562626,74.011119,,clinic,Goa,osm_cache:North-goa
15.588492,73.94487,,hospital,Goa,osm_cache:North-goa
15.5887969,73.9654913,,hospital,Goa,osm_cache:North-goa
15.4943092,73.9374732,,hospital,Goa,osm_cache:North-goa
15.513564,73.971222,,clinic,Goa,osm_cache:North-goa
15.5151878,73.9609066,,clinic,Goa,osm_cache:North-goa
15.5152928,73.9608754,,hospital,Goa,osm_cache:North-goa
15.5134926,73.9712034,,clinic,Goa,osm_cache:North-goa
15.514031,73.962391,,hospital,Goa,osm_cache:North-goa
15.5567528,74.0161037,,hospital,Goa,osm_cache:North-goa
15.5564614,74.0231093,,hospital,Goa,osm_cache:North-goa
15.4856998,73.9108806,,hospital,Goa,osm_cache:North-goa
15.6592178,73.8810865,,clinic,Goa,osm_cache:North-goa
15.6876677,73.9658672,,hospital,Maharashtra,osm_cache:North-goa
15.5841516,73.9592994,,hospital,Goa,osm_cache:North-goa
23.3498788,85.3300172,,hospital,Jharkhand,osm_cache:Ranchi
23.3762322,85.336121,,clinic,Jharkhand,osm_cache:Ranchi
23.3825457,85.299302,,clinic,Jharkhand,osm_cache:Ranchi
23.3791108,85.3246278,,hospital,Jharkhand,osm_cache:Ranchi
23.355003,85.3224505,,clinic,Jharkhand,osm_cache:Ranchi
23.3797308,85.3285143,,hospital,Jharkhand,osm_cache:Ranchi
23.3761979,85.3328128,,hospital,Jharkhand,osm_cache:Ranchi
23.4113868,85.2336127,,hospital,Jharkhand,osm_cache:Ranchi
23.3758395,85.3326437,,hospital,Jharkhand,osm_cache:Ranchi
23.3759602,85.332684,,hospital,Jharkhand,osm_cache:Ranchi
23.3880504,85.3350264,,doctors,Jharkhand,osm_cache:Ranchi
23.4275163,85.4120774,,hospital,Jharkhand,osm_cache:Ranchi
23.3753524,85.3523023,,hospital,Jharkhand,osm_cache:Ranchi
23.3351634,85.3188065,,hospital,Jharkhand,osm_cache:Ranchi
23.3350014,85.3195852,,hospital,Jharkhand,osm_cache:Ranchi
23.331365,85.3160416,,hospital,Jharkhand,osm_cache:Ranchi
23.350002,85.3299479,,hospital,Jharkhand,osm_cache:Ranchi
23.3207229,85.3102997,,clinic,Jharkhand,osm_cache:Ranchi
23.4000325,85.3650476,,hospital,Jharkhand,osm_cache:Ranchi
23.3722061,85.3315414,,hospital,Jharkhand,osm_cache:Ranchi
23.4005101,85.3571351,,hospital,Jharkhand,osm_cache:Ranchi
23.3484395,85.3077878,,clinic,Jharkhand,osm_cache:Ranchi
23.3548001,85.3499877,,clinic,Jharkhand,osm_cache:Ranchi
23.3978577,85.3515936,,clinic,Jharkhand,osm_cache:Ranchi
23.3634455,85.2491775,,hospital,Jharkhand,osm_cache:Ranchi
23.3934156,85.3146281,,hospital,Jharkhand,osm_cache:Ranchi
23.4300866,85.3346977,,hospital,Jharkhand,osm_cache:Ranchi
23.3677501,85.3374926,,hospital,Jharkhand,osm_cache:Ranchi
23.3879153,85.3337469,,hospital,Jharkhand,osm_cache:Ranchi
23.2656259,85.2340807,,hospital,Jharkhand,osm_cache:Ranchi
23.3996362,85.3387687,,hospital,Jharkhand,osm_cache:Ranchi
23.3488857,85.297053,,clinic,Jharkhand,osm_cache:Ranchi
23.3754117,85.3358571,,hospital,Jharkhand,osm_cache:Ranchi
23.3504366,85.2988534,,hospital,Jharkhand,osm_cache:Ranchi
23.3726899,85.3311753,,clinic,Jharkhand,osm_cache:Ranchi
23.3008954,85.3133608,,clinic,Jharkhand,osm_cache:Ranchi
23.3922696,85.3407522,,clinic,Jharkhand,osm_cache:Ranchi
23.4188084,85.4094945,,hospital,Jharkhand,osm_cache:Ranchi
23.3834206,85.295401,,hospital,Jharkhand,osm_cache:Ranchi
23.3493623,85.4361664,,hospital,Jharkhand,osm_cache:Ranchi
23.3701206,85.3388438,,hospital,Jharkhand,osm_cache:Ranchi
23.3707993,85.3405503,,clinic,Jharkhand,osm_cache:Ranchi
23.3984036,85.3548143,,hospital,Jharkhand,osm_cache:Ranchi
23.3797175,85.3247192,,clinic,Jharkhand,osm_cache:Ranchi
23.3756259,85.3201474,,hospital,Jharkhand,osm_cache:Ranchi
23.4132495,85.227681,,hospital,Jharkhand,osm_cache:Ranchi
23.3741868,85.3522333,,hospital,Jharkhand,osm_cache:Ranchi
23.3825466,85.322206,,hospital,Jharkhand,osm_cache:Ranchi
23.3541821,85.328414,,clinic,Jharkhand,osm_cache:Ranchi
23.3799012,85.3243827,,hospital,Jharkhand,osm_cache:Ranchi
23.3999525,85.3520617,,hospital,Jharkhand,osm_cache:Ranchi
23.3573352,85.323582,,clinic,Jharkhand,osm_cache:Ranchi
23.3552668,85.3072433,,hospital,Jharkhand,osm_cache:Ranchi
23.391813,85.3449699,,clinic,Jharkhand,osm_cache:Ranchi
23.3584458,85.3034413,,hospital,Jharkhand,osm_cache:Ranchi
23.3497262,85.4144418,,hospital,Jharkhand,osm_cache:Ranchi
23.3820825,85.3347507,,hospital,Jharkhand,osm_cache:Ranchi
23.3824284,85.3224219,,hospital,Jharkhand,osm_cache:Ranchi
23.4035157,85.317893,,hospital,Jharkhand,osm_cache:Ranchi
23.3027067,85.3139234,,clinic,Jharkhand,osm_cache:Ranchi
23.406899,85.3159685,,hospital,Jharkhand,osm_cache:Ranchi
23.4499604,85.4392173,,hospital,Jharkhand,osm_cache:Ranchi
23.406104,85.3934576,,hospital,Jharkhand,osm_cache:Ranchi
23.3711092,85.3306952,,hospital,Jharkhand,osm_cache:Ranchi
23.4152444,85.2292601,,hospital,Jharkhand,osm_cache:Ranchi
23.3619275,85.2498735,,hospital,Jharkhand,osm_cache:Ranchi
23.359467,85.3105411,,clinic,Jharkhand,osm_cache:Ranchi
23.3709935,85.3337737,,hospital,Jharkhand,osm_cache:Ranchi
23.3724843,85.3252906,,clinic,Jharkhand,osm_cache:Ranchi
23.3516888,85.3036143,,clinic,Jharkhand,osm_cache:Ranchi
23.382101,85.334866,,hospital,Jharkhand,osm_cache:Ranchi
23.3841655,85.307033,,hospital,Jharkhand,osm_cache:Ranchi
23.2659056,85.3094011,,hospital,Jharkhand,osm_cache:Ranchi
23.3650956,85.3436529,,hospital,Jharkhand,osm_cache:Ranchi
23.3430974,85.3335052,,hospital,Jharkhand,osm_cache:Ranchi
23.3084177,85.2774868,,hospital,Jharkhand,osm_cache:Ranchi
23.3509095,85.3362337,,hospital,Jharkhand,osm_cache:Ranchi
23.3961302,85.3139377,,clinic,Jharkhand,osm_cache:Ranchi
23.3596313,85.3092322,,hospital,Jharkhand,osm_cache:Ranchi
23.3182647,85.3137526,,hospital,Jharkhand,osm_cache:Ranchi
23.2628541,85.2945207,,hospital,Jharkhand,osm_cache:Ranchi
23.3486834,85.4011744,,hospital,Jharkhand,osm_cache:Ranchi
23.417058,85.407908,,hospital,Jharkhand,osm_cache:Ranchi
23.4386702,85.4242105,,hospital,Jharkhand,osm_cache:Ranchi
23.4292799,85.3362605,,hospital,Jharkhand,osm_cache:Ranchi
23.434757,85.366807,,hospital,Jharkhand,osm_cache:Ranchi
23.3736148,85.2756902,,hospital,Jharkhand,osm_cache:Ranchi
23.4447412,85.4315772,,hospital,Jharkhand,osm_cache:Ranchi
23.408147,85.366966,,clinic,Jharkhand,osm_cache:Ranchi
23.3313459,85.3637404,,hospital,Jharkhand,osm_cache:Ranchi
23.4315685,85.331924,,clinic,Jharkhand,osm_cache:Ranchi
23.3996205,85.3892273,,hospital,Jharkhand,osm_cache:Ranchi
23.330131,85.3626805,,hospital,Jharkhand,osm_cache:Ranchi
23.3602088,85.3278963,,hospital,Jharkhand,osm_cache:Ranchi
23.3639581,85.2492484,,hospital,Jharkhand,osm_cache:Ranchi
23.4185097,85.4087648,,hospital,Jharkhand,osm_cache:Ranchi
23.3621213,85.32984,,hospital,Jharkhand,osm_cache:Ranchi
23.400556,85.3397326,,clinic,Jharkhand,osm_cache:Ranchi
23.2522905,85.2987424,,hospital,Jharkhand,osm_cache:Ranchi
23.427058,85.344841,,hospital,Jharkhand,osm_cache:Ranchi
23.3710674,85.26105,,hospital,Jharkhand,osm_cache:Ranchi
23.347149,85.259455,,hospital,Jharkhand,osm_cache:Ranchi
23.4030887,85.3980019,,hospital,Jharkhand,osm_cache:Ranchi
23.3329266,85.3157164,,hospital,Jharkhand,osm_cache:Ranchi
23.4188638,85.3165954,,hospital,Jharkhand,osm_cache:Ranchi
23.251069,85.317166,,hospital,Jharkhand,osm_cache:Ranchi
23.3609791,85.3173531,,clinic,Jharkhand,osm_cache:Ranchi
23.2634057,85.3088173,,hospital,Jharkhand,osm_cache:Ranchi
23.4069954,85.2463502,,hospital,Jharkhand,osm_cache:Ranchi
23.393292,85.333797,,clinic,Jharkhand,osm_cache:Ranchi
23.405046,85.340972,,clinic,Jharkhand,osm_cache:Ranchi
23.4068374,85.3960001,,hospital,Jharkhand,osm_cache:Ranchi
23.4183922,85.2116018,,clinic,Jharkhand,osm_cache:Ranchi
23.432329,85.334889,,hospital,Jharkhand,osm_cache:Ranchi
23.3559317,85.4170607,,hospital,Jharkhand,osm_cache:Ranchi
23.3269918,85.3080093,,hospital,Jharkhand,osm_cache:Ranchi
23.332059,85.320156,,hospital,Jharkhand,osm_cache:Ranchi
23.362788,85.250867,,hospital,Jharkhand,osm_cache:Ranchi
23.4023355,85.3912002,,hospital,Jharkhand,osm_cache:Ranchi
23.4020957,85.3147337,,hospital,Jharkhand,osm_cache:Ranchi
23.3590327,85.3605829,,clinic,Jharkhand,osm_cache:Ranchi
23.359724,85.3571607,,clinic,Jharkhand,osm_cache:Ranchi
23.301994,85.3369115,,hospital,Jharkhand,osm_cache:Ranchi
23.2826842,85.3106465,,hospital,Jharkhand,osm_cache:Ranchi
23.3998338,85.3893148,,hospital,Jharkhand,osm_cache:Ranchi
23.4038919,85.3179212,,hospital,Jharkhand,osm_cache:Ranchi
23.347281,85.3262875,,clinic,Jharkhand,osm_cache:Ranchi
23.3365186,85.3180912,,clinic,Jharkhand,osm_cache:Ranchi
23.3507435,85.3207447,,hospital,Jharkhand,osm_cache:Ranchi
23.3962066,85.3358994,,clinic,Jharkhand,osm_cache:Ranchi
23.375352,85.282005,,hospital,Jharkhand,osm_cache:Ranchi
23.301459,85.3136214,,hospital,Jharkhand,osm_cache:Ranchi
23.4239085,85.3486266,,hospital,Jharkhand,osm_cache:Ranchi
23.403912,85.3930824,,clinic,Jharkhand,osm_cache:Ranchi
23.400485,85.357546,,clinic,Jharkhand,osm_cache:Ranchi
23.4005668,85.3598301,,hospital,Jharkhand,osm_cache:Ranchi
23.376507,85.335544,,hospital,Jharkhand,osm_cache:Ranchi
23.3985822,85.3591316,,hospital,Jharkhand,osm_cache:Ranchi
23.3844607,85.28895,,hospital,Jharkhand,osm_cache:Ranchi
23.3975518,85.3544575,,clinic,Jharkhand,osm_cache:Ranchi
23.3676832,85.3406922,,hospital,Jharkhand,osm_cache:Ranchi
23.379752,85.303822,,hospital,Jharkhand,osm_cache:Ranchi
23.3984492,85.3761079,,hospital,Jharkhand,osm_cache:Ranchi
23.3891752,85.3759081,,clinic,Jharkhand,osm_cache:Ranchi
23.3735867,85.3317718,,hospital,Jharkhand,osm_cache:Ranchi
23.38092,85.3643535,,hospital,Jharkhand,osm_cache:Ranchi
23.3813159,85.2936506,,hospital,Jharkhand,osm_cache:Ranchi
23.391236,85.346213,,hospital,Jharkhand,osm_cache:Ranchi
23.3820248,85.3020332,,hospital,Jharkhand,osm_cache:Ranchi
23.3961368,85.3611747,,hospital,Jharkhand,osm_cache:Ranchi
23.4006799,85.3633731,,clinic,Jharkhand,osm_cache:Ranchi
23.3905938,85.3479904,,hospital,Jharkhand,osm_cache:Ranchi
23.379825,85.356637,,hospital,Jharkhand,osm_cache:Ranchi
23.395954,85.352458,,hospital,Jharkhand,osm_cache:Ranchi
23.402271,85.357673,,hospital,Jharkhand,osm_cache:Ranchi
23.3849799,85.2881979,,clinic,Jharkhand,osm_cache:Ranchi
23.387889,85.373409,,clinic,Jharkhand,osm_cache:Ranchi
23.3926241,85.3473825,,hospital,Jharkhand,osm_cache:Ranchi
23.3939047,85.353709,,hospital,Jharkhand,osm_cache:Ranchi
23.4014125,85.3641899,,clinic,Jharkhand,osm_cache:Ranchi
23.3963061,85.3796672,,hospital,Jharkhand,osm_cache:Ranchi
23.3819784,85.3166668,,hospital,Jharkhand,osm_cache:Ranchi
23.3966202,85.3806595,,hospital,Jharkhand,osm_cache:Ranchi
23.3719958,85.3356143,,clinic,Jharkhand,osm_cache:Ranchi
23.396421,85.379536,,hospital,Jharkhand,osm_cache:Ranchi
23.3653288,85.3442734,,hospital,Jharkhand,osm_cache:Ranchi
23.366271,85.3440601,,clinic,Jharkhand,osm_cache:Ranchi
23.3792211,85.3241476,,hospital,Jharkhand,osm_cache:Ranchi
23.3790664,85.3160406,,hospital,Jharkhand,osm_cache:Ranchi
23.3645899,85.3455584,,clinic,Jharkhand,osm_cache:Ranchi
23.380089,85.355929,,doctors,Jharkhand,osm_cache:Ranchi
23.3712479,85.3334876,,hospital,Jharkhand,osm_cache:Ranchi
23.4007685,85.3639974,,hospital,Jharkhand,osm_cache:Ranchi
23.399733,85.364244,,hospital,Jharkhand,osm_cache:Ranchi
23.3879124,85.3334952,,hospital,Jharkhand,osm_cache:Ranchi
23.39555,85.3834861,,hospital,Jharkhand,osm_cache:Ranchi
23.3834369,85.2890803,,hospital,Jharkhand,osm_cache:Ranchi
23.3880302,85.3313541,,clinic,Jharkhand,osm_cache:Ranchi
23.38922,85.374159,,hospital,Jharkhand,osm_cache:Ranchi
23.3815514,85.3295324,,clinic,Jharkhand,osm_cache:Ranchi
23.3708115,85.3362681,,hospital,Jharkhand,osm_cache:Ranchi
23.3784427,85.3608358,,hospital,Jharkhand,osm_cache:Ranchi
23.3956029,85.3823644,,hospital,Jharkhand,osm_cache:Ranchi
23.376434,85.358827,,clinic,Jharkhand,osm_cache:Ranchi
23.4029799,85.3613728,,clinic,Jharkhand,osm_cache:Ranchi
23.378304,85.317035,,clinic,Jharkhand,osm_cache:Ranchi
23.400433,85.357517,,clinic,Jharkhand,osm_cache:Ranchi
23.3999772,85.3613179,,clinic,Jharkhand,osm_cache:Ranchi
23.39873,85.376417,,clinic,Jharkhand,osm_cache:Ranchi
23.3715429,85.3279348,,clinic,Jharkhand,osm_cache:Ranchi
23.382217,85.297863,,clinic,Jharkhand,osm_cache:Ranchi
23.3896004,85.3427393,,clinic,Jharkhand,osm_cache:Ranchi
23.3904424,85.344704,,hospital,Jharkhand,osm_cache:Ranchi
23.3711411,85.3383995,,hospital,Jharkhand,osm_cache:Ranchi
23.3855602,85.3384208,,hospital,Jharkhand,osm_cache:Ranchi
23.390976,85.3457,,clinic,Jharkhand,osm_cache:Ranchi
23.401025,85.359495,,clinic,Jharkhand,osm_cache:Ranchi
23.380057,85.309507,,hospital,Jharkhand,osm_cache:Ranchi
23.395927,85.356218,,clinic,Jharkhand,osm_cache:Ranchi
23.391513,85.345709,,clinic,Jharkhand,osm_cache:Ranchi
23.3884215,85.3359821,,clinic,Jharkhand,osm_cache:Ranchi
23.372566,85.337444,,clinic,Jharkhand,osm_cache:Ranchi
23.3904852,85.3436291,,hospital,Jharkhand,osm_cache:Ranchi
23.3798071,85.3105884,,hospital,Jharkhand,osm_cache:Ranchi
23.382995,85.310223,,hospital,Jharkhand,osm_cache:Ranchi
23.3700582,85.3376665,,clinic,Jharkhand,osm_cache:Ranchi
23.3730364,85.3315756,,doctors,Jharkhand,osm_cache:Ranchi
23.370675,85.338578,,clinic,Jharkhand,osm_cache:Ranchi
23.401013,85.363506,,clinic,Jharkhand,osm_cache:Ranchi
23.3297912,85.3131358,,clinic,Jharkhand,osm_cache:Ranchi
23.3513492,85.3299376,,hospital,Jharkhand,osm_cache:Ranchi
23.3513767,85.3257379,,hospital,Jharkhand,osm_cache:Ranchi
23.3506589,85.3238263,,hospital,Jharkhand,osm_cache:Ranchi
23.3631676,85.3096876,,clinic,Jharkhand,osm_cache:Ranchi
23.3381126,85.3116939,,hospital,Jharkhand,osm_cache:Ranchi
23.4336259,85.3132025,,hospital,Jharkhand,osm_cache:Ranchi
23.4354126,85.3231868,,hospital,Jharkhand,osm_cache:Ranchi
23.3710687,85.31707,,hospital,Jharkhand,osm_cache:Ranchi
23.3708523,85.3262947,,hospital,Jharkhand,osm_cache:Ranchi
23.3692855,85.3268312,,hospital,Jharkhand,osm_cache:Ranchi
23.3610155,85.3101835,,hospital,Jharkhand,osm_cache:Ranchi
23.3508392,85.3205045,,clinic,Jharkhand,osm_cache:Ranchi
23.356343,85.3233367,,hospital,Jharkhand,osm_cache:Ranchi
23.3591915,85.3323974,,hospital,Jharkhand,osm_cache:Ranchi
23.3821346,85.3345927,,hospital,Jharkhand,osm_cache:Ranchi
23.3523902,85.3666642,,hospital,Jharkhand,osm_cache:Ranchi
23.3961176,85.3778761,,hospital,Jharkhand,osm_cache:Ranchi
23.3501445,85.3220773,,hospital,Jharkhand,osm_cache:Ranchi
23.3657053,85.3476053,,hospital,Jharkhand,osm_cache:Ranchi
23.3435366,85.3186534,,hospital,Jharkhand,osm_cache:Ranchi
23.3907458,85.350754,,hospital,Jharkhand,osm_cache:Ranchi
23.4013909,85.3698767,,hospital,Jharkhand,osm_cache:Ranchi
23.3765555,85.3578894,,hospital,Jharkhand,osm_cache:Ranchi
23.3495933,85.3806388,,hospital,Jharkhand,osm_cache:Ranchi
23.3136203,85.2773648,,hospital,Jharkhand,osm_cache:Ranchi
23.4327347,85.3102268,,hospital,Jharkhand,osm_cache:Ranchi
23.3052371,85.306572,,hospital,Jharkhand,osm_cache:Ranchi
21.1399347,72.7522692,,hospital,Gujarat,osm_cache:Surat
21.23704,72.8150304,,hospital,Gujarat,osm_cache:Surat
21.1841759,72.8139384,,hospital,Gujarat,osm_cache:Surat
21.2108025,72.793353,,clinic,Gujarat,osm_cache:Surat
21.2052822,72.8046516,,hospital,Gujarat,osm_cache:Surat
21.2113993,72.8899837,,hospital,Gujarat,osm_cache:Surat
21.2126904,72.7930652,,hospital,Gujarat,osm_cache:Surat
21.2202773,72.8325172,,hospital,Gujarat,osm_cache:Surat
21.2063841,72.8375871,,hospital,Gujarat,osm_cache:Surat
21.1677348,72.7782917,,hospital,Gujarat,osm_cache:Surat
21.1851558,72.8122222,,hospital,Gujarat,osm_cache:Surat
21.1524368,72.8325668,,hospital,Gujarat,osm_cache:Surat
21.174891,72.8365264,,hospital,Gujarat,osm_cache:Surat
21.2063116,72.8393367,,hospital,Gujarat,osm_cache:Surat
21.1658104,72.7956163,,hospital,Gujarat,osm_cache:Surat
21.1989466,72.8324602,,hospital,Gujarat,osm_cache:Surat
21.1774952,72.7962993,,hospital,Gujarat,osm_cache:Surat
21.215801,72.8231297,,hospital,Gujarat,osm_cache:Surat
21.1980588,72.834449,,hospital,Gujarat,osm_cache:Surat
21.1851177,72.820981,,hospital,Gujarat,osm_cache:Surat
21.2062885,72.8375664,,hospital,Gujarat,osm_cache:Surat
21.2018324,72.7823934,,hospital,Gujarat,osm_cache:Surat
21.213455,72.7924919,,hospital,Gujarat,osm_cache:Surat
21.1724073,72.8397625,,hospital,Gujarat,osm_cache:Surat
21.1829991,72.8315758,,hospital,Gujarat,osm_cache:Surat
21.169823,72.7893178,,hospital,Gujarat,osm_cache:Surat
21.1961714,72.7848067,,hospital,Gujarat,osm_cache:Surat
21.2056368,72.8365082,,hospital,Gujarat,osm_cache:Surat
21.1810242,72.8187789,,hospital,Gujarat,osm_cache:Surat
21.2208111,72.8737856,,hospital,Gujarat,osm_cache:Surat
21.2071543,72.8385179,,hospital,Gujarat,osm_cache:Surat
21.1851508,72.8207731,,hospital,Gujarat,osm_cache:Surat
21.2082327,72.7942139,,hospital,Gujarat,osm_cache:Surat
21.2147652,72.8606844,,hospital,Gujarat,osm_cache:Surat
21.200487,72.7826683,,hospital,Gujarat,osm_cache:Surat
21.1861924,72.8333232,,hospital,Gujarat,osm_cache:Surat
21.1537876,72.7783573,,hospital,Gujarat,osm_cache:Surat
21.183799,72.8193831,,hospital,Gujarat,osm_cache:Surat
21.1853503,72.8199981,,hospital,Gujarat,osm_cache:Surat
21.1925984,72.8155784,,hospital,Gujarat,osm_cache:Surat
21.1931398,72.8165607,,hospital,Gujarat,osm_cache:Surat
21.2102231,72.8311492,,hospital,Gujarat,osm_cache:Surat
21.2145952,72.8607219,,hospital,Gujarat,osm_cache:Surat
21.2062991,72.8259055,,hospital,Gujarat,osm_cache:Surat
21.1991229,72.8257647,,hospital,Gujarat,osm_cache:Surat
21.1988403,72.7950494,,clinic,Gujarat,osm_cache:Surat
21.1923021,72.7999672,,clinic,Gujarat,osm_cache:Surat
21.1895986,72.79815,,hospital,Gujarat,osm_cache:Surat
21.2047018,72.8386132,,clinic,Gujarat,osm_cache:Surat
21.2023562,72.7850716,,hospital,Gujarat,osm_cache:Surat
21.1889822,72.8616989,,hospital,Gujarat,osm_cache:Surat
21.187808,72.8131147,,hospital,Gujarat,osm_cache:Surat
21.2023262,72.8020419,,hospital,Gujarat,osm_cache:Surat
21.1966785,72.8049485,,hospital,Gujarat,osm_cache:Surat
21.2001119,72.8048743,,hospital,Gujarat,osm_cache:Surat
21.1678183,72.8141548,,hospital,Gujarat,osm_cache:Surat
21.2092716,72.7936667,,hospital,Gujarat,osm_cache:Surat
21.1816703,72.8253034,,hospital,Gujarat,osm_cache:Surat
21.1958807,72.7976954,,hospital,Gujarat,osm_cache:Surat
21.1949379,72.8007317,,hospital,Gujarat,osm_cache:Surat
21.1689176,72.7863684,,hospital,Gujarat,osm_cache:Surat
21.189091,72.8109308,,hospital,Gujarat,osm_cache:Surat
21.173968,72.8376006,,hospital,Gujarat,osm_cache:Surat
21.2249876,72.885871,,hospital,Gujarat,osm_cache:Surat
21.2057883,72.8363816,,hospital,Gujarat,osm_cache:Surat
21.2023475,72.8009891,,hospital,Gujarat,osm_cache:Surat
21.2060147,72.8376657,,hospital,Gujarat,osm_cache:Surat
21.1842123,72.8197458,,hospital,Gujarat,osm_cache:Surat
21.2059959,72.8375933,,hospital,Gujarat,osm_cache:Surat
21.2077125,72.8394695,,hospital,Gujarat,osm_cache:Surat
21.1818695,72.8263219,,hospital,Gujarat,osm_cache:Surat
21.18381,72.863694,,hospital,Gujarat,osm_cache:Surat
21.2064533,72.8286959,,hospital,Gujarat,osm_cache:Surat
21.1934568,72.8364501,,hospital,Gujarat,osm_cache:Surat
21.191625,72.8622598,,hospital,Gujarat,osm_cache:Surat
21.1996439,72.8050376,,hospital,Gujarat,osm_cache:Surat
21.2146452,72.8608829,,hospital,Gujarat,osm_cache:Surat
21.2032427,72.831109,,hospital,Gujarat,osm_cache:Surat
21.1971161,72.8258318,,hospital,Gujarat,osm_cache:Surat
21.1827613,72.8239696,,hospital,Gujarat,osm_cache:Surat
21.1824748,72.8189204,,clinic,Gujarat,osm_cache:Surat
21.1677432,72.816721,,hospital,Gujarat,osm_cache:Surat
21.1737523,72.8175686,,clinic,Gujarat,osm_cache:Surat
21.1662806,72.8133776,,hospital,Gujarat,osm_cache:Surat
21.1895538,72.812239,,hospital,Gujarat,osm_cache:Surat
21.1740833,72.8184466,,hospital,Gujarat,osm_cache:Surat
21.1987253,72.8366699,,hospital,Gujarat,osm_cache:Surat
21.0833238,72.8800687,,hospital,Gujarat,osm_cache:Surat
21.2194159,72.7901852,,hospital,Gujarat,osm_cache:Surat
21.2052857,72.7993476,,hospital,Gujarat,osm_cache:Surat
21.1996818,72.7946565,,hospital,Gujarat,osm_cache:Surat
21.1896468,72.8833135,,hospital,Gujarat,osm_cache:Surat
21.2172681,72.8306195,,hospital,Gujarat,osm_cache:Surat
21.1847577,72.8129836,,clinic,Gujarat,osm_cache:Surat
21.2034553,72.7930485,,hospital,Gujarat,osm_cache:Surat
21.2125498,72.7928366,,hospital,Gujarat,osm_cache:Surat
21.1612611,72.8108919,,hospital,Gujarat,osm_cache:Surat
21.1854321,72.8215456,,hospital,Gujarat,osm_cache:Surat
21.2236952,72.8236364,,hospital,Gujarat,osm_cache:Surat
21.1823172,72.8266096,,hospital,Gujarat,osm_cache:Surat
21.2062335,72.8325836,,hospital,Gujarat,osm_cache:Surat
21.2018924,72.8023168,,hospital,Gujarat,osm_cache:Surat
21.2245316,72.8216502,,hospital,Gujarat,osm_cache:Surat
21.180589,72.8267974,,hospital,Gujarat,osm_cache:Surat
21.1683536,72.8397753,,hospital,Gujarat,osm_cache:Surat
21.1822272,72.8189385,,hospital,Gujarat,osm_cache:Surat
21.1832301,72.8293294,,hospital,Gujarat,osm_cache:Surat
21.1910529,72.8607541,,hospital,Gujarat,osm_cache:Surat
21.2063585,72.8375249,,hospital,Gujarat,osm_cache:Surat
21.1967172,72.8292704,,hospital,Gujarat,osm_cache:Surat
21.216663,72.8640439,,hospital,Gujarat,osm_cache:Surat
21.2069136,72.838363,,clinic,Gujarat,osm_cache:Surat
21.223884,72.8279266,,hospital,Gujarat,osm_cache:Surat
21.2158479,72.8638145,,hospital,Gujarat,osm_cache:Surat
21.204498,72.7991867,,hospital,Gujarat,osm_cache:Surat
21.2112758,72.8551336,,hospital,Gujarat,osm_cache:Surat
21.1576779,72.8431307,,hospital,Gujarat,osm_cache:Surat
21.1838566,72.8637562,,hospital,Gujarat,osm_cache:Surat
21.207485,72.7932765,,clinic,Gujarat,osm_cache:Surat
21.1975712,72.7951165,,hospital,Gujarat,osm_cache:Surat
21.1918269,72.7882326,,hospital,Gujarat,osm_cache:Surat
21.1746165,72.8121203,,hospital,Gujarat,osm_cache:Surat
21.1981676,72.7916443,,hospital,Gujarat,osm_cache:Surat
21.1820984,72.8272077,,hospital,Gujarat,osm_cache:Surat
21.2114621,72.8535631,,hospital,Gujarat,osm_cache:Surat
21.2034528,72.7934803,,hospital,Gujarat,osm_cache:Surat
21.2086365,72.7967016,,hospital,Gujarat,osm_cache:Surat
21.2069424,72.8385629,,hospital,Gujarat,osm_cache:Surat
21.1682279,72.8415422,,hospital,Gujarat,osm_cache:Surat
21.1738311,72.837608,,hospital,Gujarat,osm_cache:Surat
21.1716914,72.8163904,,hospital,Gujarat,osm_cache:Surat
21.0813943,72.8788698,,hospital,Gujarat,osm_cache:Surat
21.1697767,72.7874574,,hospital,Gujarat,osm_cache:Surat
21.1815519,72.8245376,,hospital,Gujarat,osm_cache:Surat
21.1894611,72.8675938,,hospital,Gujarat,osm_cache:Surat
21.1610348,72.8118964,,hospital,Gujarat,osm_cache:Surat
21.1897181,72.8154054,,hospital,Gujarat,osm_cache:Surat
21.1920413,72.8162905,,hospital,Gujarat,osm_cache:Surat
21.2287007,72.8978397,,hospital,Gujarat,osm_cache:Surat
21.2063847,72.8266042,,hospital,Gujarat,osm_cache:Surat
21.1824848,72.8191316,,doctors,Gujarat,osm_cache:Surat
21.1988153,72.8605489,,hospital,Gujarat,osm_cache:Surat
21.1505125,72.778987,,hospital,Gujarat,osm_cache:Surat
21.2010472,72.7824444,,hospital,Gujarat,osm_cache:Surat
21.206318,72.8375237,,hospital,Gujarat,osm_cache:Surat
21.1850798,72.8204153,,hospital,Gujarat,osm_cache:Surat
21.2115396,72.7938813,,hospital,Gujarat,osm_cache:Surat
21.2233539,72.8277388,,hospital,Gujarat,osm_cache:Surat
21.2155853,72.8301005,,hospital,Gujarat,osm_cache:Surat
21.2054201,72.7982694,,hospital,Gujarat,osm_cache:Surat
21.1875073,72.8141749,,hospital,Gujarat,osm_cache:Surat
21.2256236,72.8216636,,hospital,Gujarat,osm_cache:Surat
21.2143651,72.8292355,,hospital,Gujarat,osm_cache:Surat
21.2204023,72.8749605,,hospital,Gujarat,osm_cache:Surat
21.1889247,72.8136505,,hospital,Gujarat,osm_cache:Surat
21.1705221,72.7945398,,clinic,Gujarat,osm_cache:Surat
21.206571,72.8261349,,hospital,Gujarat,osm_cache:Surat
21.1813358,72.8188092,,hospital,Gujarat,osm_cache:Surat
21.1655484,72.8137752,,clinic,Gujarat,osm_cache:Surat
21.1829479,72.8275115,,hospital,Gujarat,osm_cache:Surat
21.183779,72.8142554,,hospital,Gujarat,osm_cache:Surat
21.2027976,72.7935232,,hospital,Gujarat,osm_cache:Surat
21.1754812,72.8113277,,hospital,Gujarat,osm_cache:Surat
21.1604307,72.8581162,,hospital,Gujarat,osm_cache:Surat
21.2259192,72.8901002,,hospital,Gujarat,osm_cache:Surat
21.1650156,72.7964173,,hospital,Gujarat,osm_cache:Surat
21.1755757,72.8173413,,hospital,Gujarat,osm_cache:Surat
21.2127186,72.792972,,clinic,Gujarat,osm_cache:Surat
21.2121785,72.857565,,hospital,Gujarat,osm_cache:Surat
21.2036022,72.7941891,,hospital,Gujarat,osm_cache:Surat
21.2053745,72.8360403,,hospital,Gujarat,osm_cache:Surat
21.1875854,72.8097117,,hospital,Gujarat,osm_cache:Surat
21.1753005,72.8174901,,hospital,Gujarat,osm_cache:Surat
21.2077251,72.8292048,,hospital,Gujarat,osm_cache:Surat
21.20241,72.7849737,,hospital,Gujarat,osm_cache:Surat
21.1896337,72.8650269,,hospital,Gujarat,osm_cache:Surat
21.1620053,72.809642,,hospital,Gujarat,osm_cache:Surat
21.2153628,72.862975,,hospital,Gujarat,osm_cache:Surat
21.185007,72.8206927,,hospital,Gujarat,osm_cache:Surat
21.1821934,72.8263347,,hospital,Gujarat,osm_cache:Surat
21.211037,72.8396545,,hospital,Gujarat,osm_cache:Surat
21.1781793,72.8202555,,hospital,Gujarat,osm_cache:Surat
21.1939188,72.7973641,,hospital,Gujarat,osm_cache:Surat
21.2076363,72.8397886,,hospital,Gujarat,osm_cache:Surat
21.2060753,72.8377327,,hospital,Gujarat,osm_cache:Surat
21.211117,72.8268738,,hospital,Gujarat,osm_cache:Surat
21.1897062,72.8676487,,hospital,Gujarat,osm_cache:Surat
21.1694228,72.7883506,,clinic,Gujarat,osm_cache:Surat
21.194589,72.8036445,,hospital,Gujarat,osm_cache:Surat
21.3166715,72.8763083,,hospital,Gujarat,osm_cache:Surat
21.1897487,72.7964951,,clinic,Gujarat,osm_cache:Surat
21.2133462,72.8285569,,hospital,Gujarat,osm_cache:Surat
21.2059559,72.8259163,,hospital,Gujarat,osm_cache:Surat
21.1650225,72.8414261,,hospital,Gujarat,osm_cache:Surat
21.1485207,72.8143029,,hospital,Gujarat,osm_cache:Surat
21.146537,72.834092,,hospital,Gujarat,osm_cache:Surat
21.163412,72.8404991,,clinic,Gujarat,osm_cache:Surat
21.151248,72.833475,,hospital,Gujarat,osm_cache:Surat
21.175143,72.837984,,hospital,Gujarat,osm_cache:Surat
21.1285052,72.8554103,,hospital,Gujarat,osm_cache:Surat
21.1503302,72.8317758,,hospital,Gujarat,osm_cache:Surat
21.150392,72.831944,,hospital,Gujarat,osm_cache:Surat
21.163227,72.840963,,hospital,Gujarat,osm_cache:Surat
21.1835035,72.8332565,,clinic,Gujarat,osm_cache:Surat
21.168189,72.8374993,,hospital,Gujarat,osm_cache:Surat
21.151101,72.834372,,hospital,Gujarat,osm_cache:Surat
21.1537465,72.8322135,,clinic,Gujarat,osm_cache:Surat
21.151125,72.833822,,hospital,Gujarat,osm_cache:Surat
21.16829,72.841063,,hospital,Gujarat,osm_cache:Surat
21.1546922,72.838013,,clinic,Gujarat,osm_cache:Surat
21.1534995,72.8323742,,hospital,Gujarat,osm_cache:Surat
21.160426,72.83142,,hospital,Gujarat,osm_cache:Surat
21.171066,72.827208,,hospital,Gujarat,osm_cache:Surat
21.1314512,72.8376026,,clinic,Gujarat,osm_cache:Surat
21.1491032,72.8217442,,hospital,Gujarat,osm_cache:Surat
21.150071,72.829734,,hospital,Gujarat,osm_cache:Surat
21.160193,72.827639,,clinic,Gujarat,osm_cache:Surat
21.1547007,72.8268366,,hospital,Gujarat,osm_cache:Surat
21.167275,72.840963,,hospital,Gujarat,osm_cache:Surat
21.154543,72.8327283,,hospital,Gujarat,osm_cache:Surat
21.15961,72.831702,,hospital,Gujarat,osm_cache:Surat
21.1728676,72.8318711,,hospital,Gujarat,osm_cache:Surat
21.1854085,72.8320242,,hospital,Gujarat,osm_cache:Surat
21.1688085,72.8398876,,clinic,Gujarat,osm_cache:Surat
21.1498512,72.8375961,,clinic,Gujarat,osm_cache:Surat
21.1510658,72.8329101,,hospital,Gujarat,osm_cache:Surat
21.156737,72.837658,,clinic,Gujarat,osm_cache:Surat
21.18547,72.832634,,hospital,Gujarat,osm_cache:Surat
21.148656,72.814271,,hospital,Gujarat,osm_cache:Surat
21.14959,72.8210775,,clinic,Gujarat,osm_cache:Surat
21.127621,72.857299,,hospital,Gujarat,osm_cache:Surat
21.1490105,72.8254916,,hospital,Gujarat,osm_cache:Surat
21.149514,72.825659,,hospital,Gujarat,osm_cache:Surat
21.158608,72.831377,,hospital,Gujarat,osm_cache:Surat
21.1742707,72.8261468,,hospital,Gujarat,osm_cache:Surat
21.151602,72.838854,,clinic,Gujarat,osm_cache:Surat
21.1766,72.8410542,,hospital,Gujarat,osm_cache:Surat
21.1600535,72.8315783,,hospital,Gujarat,osm_cache:Surat
21.1599027,72.8272744,,hospital,Gujarat,osm_cache:Surat
21.155517,72.8396206,,clinic,Gujarat,osm_cache:Surat
21.148643,72.81449,,hospital,Gujarat,osm_cache:Surat
21.156542,72.831797,,clinic,Gujarat,osm_cache:Surat
21.1474513,72.8313517,,doctors,Gujarat,osm_cache:Surat
21.1721277,72.8272494,,hospital,Gujarat,osm_cache:Surat
21.150863,72.838483,,hospital,Gujarat,osm_cache:Surat
21.159084,72.831806,,hospital,Gujarat,osm_cache:Surat
21.150032,72.824842,,hospital,Gujarat,osm_cache:Surat
21.18323,72.83169,,hospital,Gujarat,osm_cache:Surat
21.1845279,72.8343668,,hospital,Gujarat,osm_cache:Surat
21.151134,72.83434,,hospital,Gujarat,osm_cache:Surat
21.1442345,72.8249666,,hospital,Gujarat,osm_cache:Surat
21.172225,72.82765,,hospital,Gujarat,osm_cache:Surat
21.1395002,72.8258781,,clinic,Gujarat,osm_cache:Surat
21.1854865,72.8358944,,hospital,Gujarat,osm_cache:Surat
21.172693,72.8264595,,hospital,Gujarat,osm_cache:Surat
21.1461202,72.8278338,,hospital,Gujarat,osm_cache:Surat
21.145034,72.8257382,,hospital,Gujarat,osm_cache:Surat
21.139729,72.826874,,hospital,Gujarat,osm_cache:Surat
21.175153,72.825688,,hospital,Gujarat,osm_cache:Surat
21.138834,72.835247,,clinic,Gujarat,osm_cache:Surat
21.132627,72.852619,,clinic,Gujarat,osm_cache:Surat
21.1776438,72.8404686,,hospital,Gujarat,osm_cache:Surat
21.184953,72.8315842,,hospital,Gujarat,osm_cache:Surat
21.1251565,72.8553624,,hospital,Gujarat,osm_cache:Surat
21.160746,72.8309,,hospital,Gujarat,osm_cache:Surat
21.126987,72.855846,,hospital,Gujarat,osm_cache:Surat
21.132695,72.8525338,,hospital,Gujarat,osm_cache:Surat
21.184925,72.8305205,,hospital,Gujarat,osm_cache:Surat
21.151853,72.844866,,hospital,Gujarat,osm_cache:Surat
21.1484852,72.8170943,,hospital,Gujarat,osm_cache:Surat
21.1680027,72.8409761,,hospital,Gujarat,osm_cache:Surat
21.168325,72.839787,,clinic,Gujarat,osm_cache:Surat
21.152866,72.832534,,hospital,Gujarat,osm_cache:Surat
21.1518382,72.8334327,,hospital,Gujarat,osm_cache:Surat
21.122958,72.847678,,clinic,Gujarat,osm_cache:Surat
21.2224352,72.7917594,,doctors,Gujarat,osm_cache:Surat
21.208918,72.780475,,hospital,Gujarat,osm_cache:Surat
21.1933702,72.7988536,,hospital,Gujarat,osm_cache:Surat
21.206721,72.797886,,clinic,Gujarat,osm_cache:Surat
21.1967327,72.7883154,,hospital,Gujarat,osm_cache:Surat
21.2154442,72.7921518,,hospital,Gujarat,osm_cache:Surat
21.2153129,72.7825577,,hospital,Gujarat,osm_cache:Surat
21.211151,72.772756,,clinic,Gujarat,osm_cache:Surat
21.1941805,72.8029498,,hospital,Gujarat,osm_cache:Surat
21.209407,72.7946221,,hospital,Gujarat,osm_cache:Surat
21.2418052,72.7880617,,hospital,Gujarat,osm_cache:Surat
21.2025535,72.7857928,,hospital,Gujarat,osm_cache:Surat
21.2052272,72.7757501,,hospital,Gujarat,osm_cache:Surat
21.199024,72.794892,,clinic,Gujarat,osm_cache:Surat
21.209817,72.782273,,hospital,Gujarat,osm_cache:Surat
21.201034,72.772813,,hospital,Gujarat,osm_cache:Surat
21.2196312,72.7901392,,hospital,Gujarat,osm_cache:Surat
21.220295,72.7880672,,clinic,Gujarat,osm_cache:Surat
21.1928242,72.7794299,,hospital,Gujarat,osm_cache:Surat
21.2151162,72.7849589,,clinic,Gujarat,osm_cache:Surat
21.2217833,72.7957474,,hospital,Gujarat,osm_cache:Surat
21.2107097,72.7822157,,hospital,Gujarat,osm_cache:Surat
21.209089,72.7957102,,hospital,Gujarat,osm_cache:Surat
21.2048555,72.7851024,,hospital,Gujarat,osm_cache:Surat
21.2218562,72.7954247,,clinic,Gujarat,osm_cache:Surat
21.206909,72.797701,,hospital,Gujarat,osm_cache:Surat
21.1898052,72.777805,,hospital,Gujarat,osm_cache:Surat
21.2056397,72.7813649,,clinic,Gujarat,osm_cache:Surat
21.211685,72.776563,,hospital,Gujarat,osm_cache:Surat
21.200381,72.781798,,hospital,Gujarat,osm_cache:Surat
21.1893072,72.7898756,,clinic,Gujarat,osm_cache:Surat
21.1907392,72.7945114,,hospital,Gujarat,osm_cache:Surat
21.231951,72.78674,,hospital,Gujarat,osm_cache:Surat
21.193573,72.7863785,,hospital,Gujarat,osm_cache:Surat
21.209178,72.781238,,clinic,Gujarat,osm_cache:Surat
21.2090382,72.7803395,,hospital,Gujarat,osm_cache:Surat
21.193567,72.798501,,doctors,Gujarat,osm_cache:Surat
21.226248,72.78697,,hospital,Gujarat,osm_cache:Surat
21.21032,72.792319,,clinic,Gujarat,osm_cache:Surat
21.1938813,72.7984168,,hospital,Gujarat,osm_cache:Surat
21.2003338,72.8038158,,hospital,Gujarat,osm_cache:Surat
21.2049855,72.775401,,hospital,Gujarat,osm_cache:Surat
21.199609,72.793709,,hospital,Gujarat,osm_cache:Surat
21.2003932,72.8037953,,hospital,Gujarat,osm_cache:Surat
21.212954,72.792842,,hospital,Gujarat,osm_cache:Surat
21.1896365,72.7956742,,hospital,Gujarat,osm_cache:Surat
21.2134875,72.7931898,,hospital,Gujarat,osm_cache:Surat
21.2213725,72.7947966,,clinic,Gujarat,osm_cache:Surat
21.19309,72.787606,,hospital,Gujarat,osm_cache:Surat
21.200453,72.790038,,clinic,Gujarat,osm_cache:Surat
21.1898792,72.7796261,,hospital,Gujarat,osm_cache:Surat
21.2105112,72.7704644,,clinic,Gujarat,osm_cache:Surat
21.2139672,72.7916281,,hospital,Gujarat,osm_cache:Surat
21.200458,72.8038181,,hospital,Gujarat,osm_cache:Surat
21.208179,72.796648,,hospital,Gujarat,osm_cache:Surat
21.220995,72.7928748,,hospital,Gujarat,osm_cache:Surat
21.2043937,72.7909723,,clinic,Gujarat,osm_cache:Surat
21.2087442,72.7808844,,hospital,Gujarat,osm_cache:Surat
21.200616,72.7694912,,hospital,Gujarat,osm_cache:Surat
21.241874,72.790822,,hospital,Gujarat,osm_cache:Surat
21.1926075,72.8003479,,hospital,Gujarat,osm_cache:Surat
21.211065,72.772886,,hospital,Gujarat,osm_cache:Surat
21.199772,72.804704,,hospital,Gujarat,osm_cache:Surat
21.188221,72.7916558,,hospital,Gujarat,osm_cache:Surat
21.2032667,72.7873335,,hospital,Gujarat,osm_cache:Surat
21.237734,72.7885924,,hospital,Gujarat,osm_cache:Surat
21.200058,72.8083787,,clinic,Gujarat,osm_cache:Surat
21.191887,72.788204,,hospital,Gujarat,osm_cache:Surat
21.193313,72.786628,,hospital,Gujarat,osm_cache:Surat
21.1970683,72.7879962,,clinic,Gujarat,osm_cache:Surat
21.1937798,72.7984946,,clinic,Gujarat,osm_cache:Surat
21.211532,72.776603,,clinic,Gujarat,osm_cache:Surat
21.211236,72.773083,,hospital,Gujarat,osm_cache:Surat
21.222078,72.7903852,,hospital,Gujarat,osm_cache:Surat
21.2328272,72.7857961,,clinic,Gujarat,osm_cache:Surat
21.1893867,72.7898613,,hospital,Gujarat,osm_cache:Surat
21.1904145,72.7915482,,clinic,Gujarat,osm_cache:Surat
21.183137,72.783281,,hospital,Gujarat,osm_cache:Surat
21.2085462,72.7875174,,clinic,Gujarat,osm_cache:Surat
21.193963,72.787242,,hospital,Gujarat,osm_cache:Surat
21.236846,72.7789158,,clinic,Gujarat,osm_cache:Surat
21.192678,72.779421,,hospital,Gujarat,osm_cache:Surat
21.2325157,72.7859746,,clinic,Gujarat,osm_cache:Surat
21.2025521,72.7856705,,clinic,Gujarat,osm_cache:Surat
21.186918,72.780703,,hospital,Gujarat,osm_cache:Surat
21.214026,72.77514,,hospital,Gujarat,osm_cache:Surat
21.191779,72.788268,,hospital,Gujarat,osm_cache:Surat
21.2252082,72.7869637,,clinic,Gujarat,osm_cache:Surat
21.215775,72.7968577,,hospital,Gujarat,osm_cache:Surat
21.1910985,72.7971814,,clinic,Gujarat,osm_cache:Surat
21.204994,72.7995395,,hospital,Gujarat,osm_cache:Surat
21.1918845,72.7983182,,hospital,Gujarat,osm_cache:Surat
21.2100613,72.7950539,,hospital,Gujarat,osm_cache:Surat
21.202052,72.781873,,hospital,Gujarat,osm_cache:Surat
21.194567,72.789898,,hospital,Gujarat,osm_cache:Surat
21.207694,72.796971,,clinic,Gujarat,osm_cache:Surat
21.209004,72.780395,,hospital,Gujarat,osm_cache:Surat
21.2139067,72.7923344,,hospital,Gujarat,osm_cache:Surat
21.191752,72.789775,,hospital,Gujarat,osm_cache:Surat
21.2039015,72.8082881,,doctors,Gujarat,osm_cache:Surat
21.188825,72.79493,,clinic,Gujarat,osm_cache:Surat
21.196402,72.784639,,hospital,Gujarat,osm_cache:Surat
21.2079132,72.7751559,,clinic,Gujarat,osm_cache:Surat
21.193089,72.8068956,,hospital,Gujarat,osm_cache:Surat
21.210919,72.7888031,,clinic,Gujarat,osm_cache:Surat
21.201658,72.78182,,hospital,Gujarat,osm_cache:Surat
21.2212272,72.789477,,hospital,Gujarat,osm_cache:Surat
21.2061491,72.7989054,,hospital,Gujarat,osm_cache:Surat
21.193027,72.787621,,hospital,Gujarat,osm_cache:Surat
21.1466625,72.758064,,clinic,Gujarat,osm_cache:Surat
21.1440512,72.7953751,,hospital,Gujarat,osm_cache:Surat
21.17491,72.8191756,,hospital,Gujarat,osm_cache:Surat
21.13523,72.773964,,hospital,Gujarat,osm_cache:Surat
21.1633137,72.8158518,,hospital,Gujarat,osm_cache:Surat
21.1564037,72.7772693,,hospital,Gujarat,osm_cache:Surat
21.16015,72.774326,,doctors,Gujarat,osm_cache:Surat
21.1436197,72.797222,,hospital,Gujarat,osm_cache:Surat
21.1745672,72.8178094,,hospital,Gujarat,osm_cache:Surat
21.1528414,72.7786722,,hospital,Gujarat,osm_cache:Surat
21.1703367,72.8153523,,clinic,Gujarat,osm_cache:Surat
21.1559306,72.808438,,hospital,Gujarat,osm_cache:Surat
21.1627025,72.7968077,,hospital,Gujarat,osm_cache:Surat
21.154568,72.7757918,,hospital,Gujarat,osm_cache:Surat
21.1779692,72.799228,,hospital,Gujarat,osm_cache:Surat
21.1756245,72.8174438,,hospital,Gujarat,osm_cache:Surat
21.1639084,72.8171569,,hospital,Gujarat,osm_cache:Surat
21.149538,72.77276,,clinic,Gujarat,osm_cache:Surat
21.1464813,72.8017706,,clinic,Gujarat,osm_cache:Surat
21.146386,72.804746,,hospital,Gujarat,osm_cache:Surat
21.1749415,72.8060624,,hospital,Gujarat,osm_cache:Surat
21.1712723,72.7893332,,hospital,Gujarat,osm_cache:Surat
21.1597673,72.8098999,,clinic,Gujarat,osm_cache:Surat
21.171881,72.816813,,hospital,Gujarat,osm_cache:Surat
21.163371,72.773658,,hospital,Gujarat,osm_cache:Surat
21.1398711,72.8018968,,doctors,Gujarat,osm_cache:Surat
21.1765574,72.809798,,hospital,Gujarat,osm_cache:Surat
21.1741042,72.8119524,,hospital,Gujarat,osm_cache:Surat
21.1402709,72.7781574,,hospital,Gujarat,osm_cache:Surat
21.1737699,72.797516,,hospital,Gujarat,osm_cache:Surat
21.16435,72.774793,,clinic,Gujarat,osm_cache:Surat
21.176433,72.8171386,,clinic,Gujarat,osm_cache:Surat
21.1674094,72.7958003,,clinic,Gujarat,osm_cache:Surat
21.165095,72.796454,,hospital,Gujarat,osm_cache:Surat
21.1688281,72.809253,,hospital,Gujarat,osm_cache:Surat
21.164348,72.812564,,hospital,Gujarat,osm_cache:Surat
21.153403,72.799505,,hospital,Gujarat,osm_cache:Surat
21.144764,72.79922,,clinic,Gujarat,osm_cache:Surat
21.1420174,72.764933,,clinic,Gujarat,osm_cache:Surat
21.1489029,72.781188,,hospital,Gujarat,osm_cache:Surat
21.17918,72.804953,,hospital,Gujarat,osm_cache:Surat
21.1442111,72.7953808,,hospital,Gujarat,osm_cache:Surat
21.143552,72.7812114,,clinic,Gujarat,osm_cache:Surat
21.1358355,72.7609256,,hospital,Gujarat,osm_cache:Surat
21.1643872,72.8171907,,hospital,Gujarat,osm_cache:Surat
21.1597077,72.809904,,hospital,Gujarat,osm_cache:Surat
21.146682,72.7836042,,hospital,Gujarat,osm_cache:Surat
21.1718065,72.8122449,,hospital,Gujarat,osm_cache:Surat
21.1488404,72.7761817,,clinic,Gujarat,osm_cache:Surat
21.162039,72.8122386,,hospital,Gujarat,osm_cache:Surat
21.1580702,72.7702614,,hospital,Gujarat,osm_cache:Surat
21.16792,72.794361,,clinic,Gujarat,osm_cache:Surat
21.147472,72.8057484,,hospital,Gujarat,osm_cache:Surat
21.159764,72.8099531,,hospital,Gujarat,osm_cache:Surat
21.143041,72.804763,,clinic,Gujarat,osm_cache:Surat
21.1352877,72.774214,,clinic,Gujarat,osm_cache:Surat
21.166893,72.795781,,hospital,Gujarat,osm_cache:Surat
21.145547,72.773903,,hospital,Gujarat,osm_cache:Surat
21.1554722,72.7977125,,hospital,Gujarat,osm_cache:Surat
21.1474645,72.7805433,,clinic,Gujarat,osm_cache:Surat
21.1717655,72.8164392,,hospital,Gujarat,osm_cache:Surat
21.1443409,72.7957148,,hospital,Gujarat,osm_cache:Surat
21.146285,72.804799,,hospital,Gujarat,osm_cache:Surat
21.1752111,72.7944403,,hospital,Gujarat,osm_cache:Surat
21.1435164,72.8049625,,hospital,Gujarat,osm_cache:Surat
21.1642327,72.7958061,,hospital,Gujarat,osm_cache:Surat
21.162947,72.7794495,,doctors,Gujarat,osm_cache:Surat
21.1454524,72.7734722,,hospital,Gujarat,osm_cache:Surat
21.148029,72.7731885,,clinic,Gujarat,osm_cache:Surat
21.1435579,72.7971397,,clinic,Gujarat,osm_cache:Surat
21.1504624,72.7730912,,hospital,Gujarat,osm_cache:Surat
21.167334,72.8136304,,doctors,Gujarat,osm_cache:Surat
21.142719,72.7871352,,hospital,Gujarat,osm_cache:Surat
21.1625868,72.7963341,,hospital,Gujarat,osm_cache:Surat
21.1594505,72.8099031,,hospital,Gujarat,osm_cache:Surat
21.1317917,72.8016922,,doctors,Gujarat,osm_cache:Surat
21.1748062,72.8116274,,clinic,Gujarat,osm_cache:Surat
21.1655144,72.7923757,,clinic,Gujarat,osm_cache:Surat
21.1517542,72.8057471,,hospital,Gujarat,osm_cache:Surat
21.170692,72.7889554,,hospital,Gujarat,osm_cache:Surat
21.17581,72.8085452,,hospital,Gujarat,osm_cache:Surat
21.1397497,72.8020192,,clinic,Gujarat,osm_cache:Surat
21.1651635,72.7992379,,clinic,Gujarat,osm_cache:Surat
21.166825,72.795844,,hospital,Gujarat,osm_cache:Surat
21.1431427,72.8048401,,hospital,Gujarat,osm_cache:Surat
21.1653007,72.7777609,,hospital,Gujarat,osm_cache:Surat
21.1493875,72.7728284,,clinic,Gujarat,osm_cache:Surat
21.1770475,72.7976084,,hospital,Gujarat,osm_cache:Surat
21.1718972,72.7901523,,hospital,Gujarat,osm_cache:Surat
21.1716397,72.8163998,,hospital,Gujarat,osm_cache:Surat
21.1690611,72.7867192,,doctors,Gujarat,osm_cache:Surat
21.1678592,72.821445,,clinic,Gujarat,osm_cache:Surat
21.1577445,72.7783659,,hospital,Gujarat,osm_cache:Surat
21.147492,72.8007544,,hospital,Gujarat,osm_cache:Surat
21.1493344,72.772861,,hospital,Gujarat,osm_cache:Surat
21.164681,72.812701,,hospital,Gujarat,osm_cache:Surat
21.1799615,72.8092075,,hospital,Gujarat,osm_cache:Surat
21.143244,72.8047993,,hospital,Gujarat,osm_cache:Surat
21.1355767,72.801332,,hospital,Gujarat,osm_cache:Surat
21.146722,72.7811547,,clinic,Gujarat,osm_cache:Surat
21.165856,72.819241,,hospital,Gujarat,osm_cache:Surat
21.1664625,72.8762333,,hospital,Gujarat,osm_cache:Surat
21.1532743,72.8667622,,hospital,Gujarat,osm_cache:Surat
21.1670143,72.8720624,,hospital,Gujarat,osm_cache:Surat
21.161679,72.856145,,hospital,Gujarat,osm_cache:Surat
21.1666678,72.8707215,,hospital,Gujarat,osm_cache:Surat
21.1796795,72.8666183,,clinic,Gujarat,osm_cache:Surat
21.178944,72.8558459,,hospital,Gujarat,osm_cache:Surat
21.163606,72.87234,,hospital,Gujarat,osm_cache:Surat
21.157333,72.87034,,clinic,Gujarat,osm_cache:Surat
21.19019,72.863926,,clinic,Gujarat,osm_cache:Surat
21.19074,72.870341,,clinic,Gujarat,osm_cache:Surat
21.175494,72.8771636,,hospital,Gujarat,osm_cache:Surat
21.1528547,72.8661558,,hospital,Gujarat,osm_cache:Surat
21.175457,72.877369,,hospital,Gujarat,osm_cache:Surat
21.1907779,72.8704839,,hospital,Gujarat,osm_cache:Surat
21.159077,72.860437,,hospital,Gujarat,osm_cache:Surat
21.155206,72.867075,,hospital,Gujarat,osm_cache:Surat
21.167568,72.8680143,,clinic,Gujarat,osm_cache:Surat
21.174503,72.8529113,,clinic,Gujarat,osm_cache:Surat
21.1669152,72.8735973,,hospital,Gujarat,osm_cache:Surat
21.160752,72.8583483,,hospital,Gujarat,osm_cache:Surat
21.172395,72.8624156,,clinic,Gujarat,osm_cache:Surat
21.166804,72.87323,,hospital,Gujarat,osm_cache:Surat
21.1776057,72.8685176,,clinic,Gujarat,osm_cache:Surat
21.175462,72.872023,,hospital,Gujarat,osm_cache:Surat
21.1728303,72.8693118,,hospital,Gujarat,osm_cache:Surat
21.17006,72.869291,,hospital,Gujarat,osm_cache:Surat
21.1555262,72.8695006,,clinic,Gujarat,osm_cache:Surat
21.186493,72.859178,,clinic,Gujarat,osm_cache:Surat
21.180639,72.8719156,,hospital,Gujarat,osm_cache:Surat
21.1739025,72.8613501,,clinic,Gujarat,osm_cache:Surat
21.1878727,72.86532,,hospital,Gujarat,osm_cache:Surat
21.1676095,72.8665292,,hospital,Gujarat,osm_cache:Surat
21.1668353,72.8720953,,hospital,Gujarat,osm_cache:Surat
21.174195,72.868568,,hospital,Gujarat,osm_cache:Surat
21.157426,72.863422,,hospital,Gujarat,osm_cache:Surat
21.1869068,72.8645827,,clinic,Gujarat,osm_cache:Surat
21.1755673,72.8708362,,hospital,Gujarat,osm_cache:Surat
21.1935392,72.8686708,,hospital,Gujarat,osm_cache:Surat
21.1855543,72.864555,,clinic,Gujarat,osm_cache:Surat
21.190795,72.8688006,,hospital,Gujarat,osm_cache:Surat
21.1885163,72.8651191,,clinic,Gujarat,osm_cache:Surat
21.1805172,72.8719157,,hospital,Gujarat,osm_cache:Surat
21.157244,72.870334,,hospital,Gujarat,osm_cache:Surat
21.190349,72.860403,,hospital,Gujarat,osm_cache:Surat
21.1669453,72.8720868,,hospital,Gujarat,osm_cache:Surat
21.169938,72.876847,,hospital,Gujarat,osm_cache:Surat
21.15277,72.866374,,clinic,Gujarat,osm_cache:Surat
21.183825,72.863811,,hospital,Gujarat,osm_cache:Surat
21.1754975,72.872165,,hospital,Gujarat,osm_cache:Surat
21.18626,72.863863,,clinic,Gujarat,osm_cache:Surat
21.166056,72.8832357,,clinic,Gujarat,osm_cache:Surat
21.1674075,72.8573263,,hospital,Gujarat,osm_cache:Surat
21.161546,72.8563044,,clinic,Gujarat,osm_cache:Surat
21.183131,72.871805,,hospital,Gujarat,osm_cache:Surat
21.17893,72.866309,,clinic,Gujarat,osm_cache:Surat
21.1753983,72.8720406,,hospital,Gujarat,osm_cache:Surat
21.1588273,72.8617603,,hospital,Gujarat,osm_cache:Surat
21.1751768,72.8570304,,clinic,Gujarat,osm_cache:Surat
21.190712,72.870372,,hospital,Gujarat,osm_cache:Surat
21.17616,72.868209,,clinic,Gujarat,osm_cache:Surat
21.1897163,72.8648232,,hospital,Gujarat,osm_cache:Surat
21.193565,72.868732,,hospital,Gujarat,osm_cache:Surat
21.1898933,72.8647498,,hospital,Gujarat,osm_cache:Surat
21.157095,72.863924,,hospital,Gujarat,osm_cache:Surat
21.1939843,72.8699775,,clinic,Gujarat,osm_cache:Surat
21.1803058,72.8719458,,hospital,Gujarat,osm_cache:Surat
21.1879408,72.8616275,,hospital,Gujarat,osm_cache:Surat
21.174687,72.8789126,,clinic,Gujarat,osm_cache:Surat
21.188529,72.865379,,hospital,Gujarat,osm_cache:Surat
21.161147,72.857049,,hospital,Gujarat,osm_cache:Surat
21.17106,72.859956,,hospital,Gujarat,osm_cache:Surat
21.179708,72.8670478,,hospital,Gujarat,osm_cache:Surat
21.1726088,72.8623337,,hospital,Gujarat,osm_cache:Surat
21.158287,72.870548,,hospital,Gujarat,osm_cache:Surat
21.190867,72.872098,,hospital,Gujarat,osm_cache:Surat
21.1746923,72.8573317,,clinic,Gujarat,osm_cache:Surat
21.166501,72.87685,,hospital,Gujarat,osm_cache:Surat
21.1899703,72.8589209,,clinic,Gujarat,osm_cache:Surat
21.15686,72.865635,,clinic,Gujarat,osm_cache:Surat
21.177894,72.867952,,hospital,Gujarat,osm_cache:Surat
21.1647315,72.8630481,,clinic,Gujarat,osm_cache:Surat
21.1784193,72.8551376,,doctors,Gujarat,osm_cache:Surat
21.176029,72.856792,,clinic,Gujarat,osm_cache:Surat
21.171978,72.871665,,hospital,Gujarat,osm_cache:Surat
21.175631,72.868797,,hospital,Gujarat,osm_cache:Surat
21.1707455,72.8588964,,hospital,Gujarat,osm_cache:Surat
21.188289,72.860532,,clinic,Gujarat,osm_cache:Surat
21.1920572,72.8932569,,doctors,Gujarat,osm_cache:Surat
21.1583575,72.8735464,,clinic,Gujarat,osm_cache:Surat
21.1932565,72.8699764,,hospital,Gujarat,osm_cache:Surat
21.1906535,72.8688149,,hospital,Gujarat,osm_cache:Surat
21.1815708,72.8663565,,hospital,Gujarat,osm_cache:Surat
21.16493,72.8711242,,clinic,Gujarat,osm_cache:Surat
21.193221,72.860089,,hospital,Gujarat,osm_cache:Surat
21.175445,72.877265,,clinic,Gujarat,osm_cache:Surat
21.2133855,72.8686691,,clinic,Gujarat,osm_cache:Surat
21.214301,72.861841,,hospital,Gujarat,osm_cache:Surat
21.217749,72.887216,,hospital,Gujarat,osm_cache:Surat
21.21413,72.885828,,hospital,Gujarat,osm_cache:Surat
21.235739,72.9089827,,hospital,Gujarat,osm_cache:Surat
21.21508,72.888323,,hospital,Gujarat,osm_cache:Surat
21.2092015,72.8731969,,hospital,Gujarat,osm_cache:Surat
21.215083,72.888076,,hospital,Gujarat,osm_cache:Surat
21.222878,72.8986296,,hospital,Gujarat,osm_cache:Surat
21.2182915,72.8825585,,clinic,Gujarat,osm_cache:Surat
21.2293947,72.9000539,,hospital,Gujarat,osm_cache:Surat
21.1968183,72.8724357,,hospital,Gujarat,osm_cache:Surat
21.2200333,72.8844052,,hospital,Gujarat,osm_cache:Surat
21.2180315,72.8904916,,hospital,Gujarat,osm_cache:Surat
21.219612,72.875891,,hospital,Gujarat,osm_cache:Surat
21.2258372,72.8898178,,hospital,Gujarat,osm_cache:Surat
21.211381,72.8918545,,hospital,Gujarat,osm_cache:Surat
21.223357,72.884431,,hospital,Gujarat,osm_cache:Surat
21.1988328,72.8688828,,hospital,Gujarat,osm_cache:Surat
21.2060157,72.8687896,,clinic,Gujarat,osm_cache:Surat
21.201868,72.870609,,hospital,Gujarat,osm_cache:Surat
21.2115655,72.87574,,clinic,Gujarat,osm_cache:Surat
21.216397,72.8627484,,hospital,Gujarat,osm_cache:Surat
21.2009358,72.8678358,,clinic,Gujarat,osm_cache:Surat
21.2160763,72.8645959,,hospital,Gujarat,osm_cache:Surat
21.216097,72.8906,,hospital,Gujarat,osm_cache:Surat
21.225467,72.889294,,hospital,Gujarat,osm_cache:Surat
21.224315,72.8904821,,clinic,Gujarat,osm_cache:Surat
21.214095,72.861687,,hospital,Gujarat,osm_cache:Surat
21.215,72.873027,,hospital,Gujarat,osm_cache:Surat
21.2145492,72.8607639,,hospital,Gujarat,osm_cache:Surat
21.228547,72.897593,,hospital,Gujarat,osm_cache:Surat
21.200314,72.876233,,hospital,Gujarat,osm_cache:Surat
21.232425,72.892436,,hospital,Gujarat,osm_cache:Surat
21.229296,72.8972107,,hospital,Gujarat,osm_cache:Surat
21.224616,72.887331,,hospital,Gujarat,osm_cache:Surat
21.215596,72.88805,,hospital,Gujarat,osm_cache:Surat
21.2161735,72.8651797,,hospital,Gujarat,osm_cache:Surat
21.224961,72.896228,,hospital,Gujarat,osm_cache:Surat
21.206295,72.8667442,,clinic,Gujarat,osm_cache:Surat
21.223449,72.884678,,hospital,Gujarat,osm_cache:Surat
21.214471,72.8605902,,hospital,Gujarat,osm_cache:Surat
21.2222555,72.8892247,,clinic,Gujarat,osm_cache:Surat
21.2120512,72.8699738,,clinic,Gujarat,osm_cache:Surat
21.2113493,72.8645982,,hospital,Gujarat,osm_cache:Surat
21.219839,72.8898641,,hospital,Gujarat,osm_cache:Surat
21.2158783,72.8653074,,hospital,Gujarat,osm_cache:Surat
21.2258397,72.890014,,hospital,Gujarat,osm_cache:Surat
21.2049835,72.867708,,hospital,Gujarat,osm_cache:Surat
21.21298,72.8701162,,hospital,Gujarat,osm_cache:Surat
21.216343,72.862952,,hospital,Gujarat,osm_cache:Surat
21.212976,72.8589544,,hospital,Gujarat,osm_cache:Surat
21.214593,72.887707,,hospital,Gujarat,osm_cache:Surat
21.2083927,72.8767953,,hospital,Gujarat,osm_cache:Surat
21.215902,72.864552,,hospital,Gujarat,osm_cache:Surat
21.225487,72.889396,,hospital,Gujarat,osm_cache:Surat
21.22515,72.888268,,hospital,Gujarat,osm_cache:Surat
21.213494,72.858813,,hospital,Gujarat,osm_cache:Surat
21.229898,72.901256,,hospital,Gujarat,osm_cache:Surat
21.2298678,72.9012115,,hospital,Gujarat,osm_cache:Surat
21.211034,72.8918183,,clinic,Gujarat,osm_cache:Surat
21.214933,72.888401,,clinic,Gujarat,osm_cache:Surat
21.2193068,72.8886288,,doctors,Gujarat,osm_cache:Surat
21.229839,72.901279,,hospital,Gujarat,osm_cache:Surat
21.210534,72.8615226,,hospital,Gujarat,osm_cache:Surat
21.2083518,72.8620696,,clinic,Gujarat,osm_cache:Surat
21.2020433,72.8646484,,clinic,Gujarat,osm_cache:Surat
21.212829,72.8572505,,hospital,Gujarat,osm_cache:Surat
21.2086507,72.8656382,,clinic,Gujarat,osm_cache:Surat
21.229326,72.89728,,hospital,Gujarat,osm_cache:Surat
21.226381,72.89586,,hospital,Gujarat,osm_cache:Surat
21.229432,72.897171,,hospital,Gujarat,osm_cache:Surat
21.205727,72.881793,,hospital,Gujarat,osm_cache:Surat
21.2127933,72.8587961,,hospital,Gujarat,osm_cache:Surat
21.2235215,72.8848881,,hospital,Gujarat,osm_cache:Surat
21.2297698,72.9012212,,hospital,Gujarat,osm_cache:Surat
21.2205435,72.8938558,,doctors,Gujarat,osm_cache:Surat
21.21601,72.8691501,,clinic,Gujarat,osm_cache:Surat
21.2112778,72.8632359,,hospital,Gujarat,osm_cache:Surat
21.223311,72.884139,,hospital,Gujarat,osm_cache:Surat
21.202311,72.866693,,hospital,Gujarat,osm_cache:Surat
21.214565,72.884402,,clinic,Gujarat,osm_cache:Surat
21.213611,72.8894725,,hospital,Gujarat,osm_cache:Surat
21.225418,72.889253,,hospital,Gujarat,osm_cache:Surat
21.214088,72.8615,,hospital,Gujarat,osm_cache:Surat
21.2195173,72.8900122,,hospital,Gujarat,osm_cache:Surat
21.216815,72.866322,,hospital,Gujarat,osm_cache:Surat
21.214473,72.884746,,hospital,Gujarat,osm_cache:Surat
21.222006,72.8816615,,hospital,Gujarat,osm_cache:Surat
21.216492,72.863782,,hospital,Gujarat,osm_cache:Surat
21.21427,72.8863,,hospital,Gujarat,osm_cache:Surat
21.229383,72.897332,,hospital,Gujarat,osm_cache:Surat
21.2180107,72.8690836,,hospital,Gujarat,osm_cache:Surat
21.214429,72.873471,,clinic,Gujarat,osm_cache:Surat
21.214675,72.887591,,hospital,Gujarat,osm_cache:Surat
21.216198,72.869424,,hospital,Gujarat,osm_cache:Surat
21.2227085,72.9000687,,clinic,Gujarat,osm_cache:Surat
21.2024032,72.8765658,,doctors,Gujarat,osm_cache:Surat
21.214788,72.861423,,hospital,Gujarat,osm_cache:Surat
21.214731,72.861322,,hospital,Gujarat,osm_cache:Surat
21.2156465,72.8623713,,hospital,Gujarat,osm_cache:Surat
21.2152993,72.8880362,,hospital,Gujarat,osm_cache:Surat
21.2356517,72.9089238,,clinic,Gujarat,osm_cache:Surat
21.107425,72.85495,,hospital,Gujarat,osm_cache:Surat
21.239288,72.84919,,hospital,Gujarat,osm_cache:Surat
21.24232,72.851793,,hospital,Gujarat,osm_cache:Surat
21.2509505,72.8416735,,clinic,Gujarat,osm_cache:Surat
21.236126,72.874695,,hospital,Gujarat,osm_cache:Surat
21.23601,72.852954,,hospital,Gujarat,osm_cache:Surat
21.2387617,72.8478114,,hospital,Gujarat,osm_cache:Surat
21.1122913,72.8606776,,hospital,Gujarat,osm_cache:Surat
21.238729,72.888293,,hospital,Gujarat,osm_cache:Surat
21.186197,72.702141,,hospital,Gujarat,osm_cache:Surat
21.0811135,72.8787289,,hospital,Gujarat,osm_cache:Surat
21.233188,72.8643047,,hospital,Gujarat,osm_cache:Surat
21.236289,72.875219,,hospital,Gujarat,osm_cache:Surat
21.241322,72.851633,,hospital,Gujarat,osm_cache:Surat
21.241834,72.852422,,clinic,Gujarat,osm_cache:Surat
21.236995,72.877255,,hospital,Gujarat,osm_cache:Surat
21.2305585,72.8666365,,clinic,Gujarat,osm_cache:Surat
21.229947,72.866071,,hospital,Gujarat,osm_cache:Surat
21.2537415,72.8416715,,clinic,Gujarat,osm_cache:Surat
21.1918773,72.730861,,hospital,Gujarat,osm_cache:Surat
21.2395445,72.8483365,,hospital,Gujarat,osm_cache:Surat
21.2592802,72.8462527,,clinic,Gujarat,osm_cache:Surat
21.086556,72.8871228,,hospital,Gujarat,osm_cache:Surat
21.252566,72.83896,,hospital,Gujarat,osm_cache:Surat
21.114207,72.8628026,,hospital,Gujarat,osm_cache:Surat
21.235101,72.877755,,hospital,Gujarat,osm_cache:Surat
21.0903059,72.8739286,,hospital,Gujarat,osm_cache:Surat
21.191691,72.7287969,,hospital,Gujarat,osm_cache:Surat
21.0811892,72.8787595,,hospital,Gujarat,osm_cache:Surat
21.2371042,72.848853,,hospital,Gujarat,osm_cache:Surat
21.238727,72.8477648,,hospital,Gujarat,osm_cache:Surat
21.241632,72.851687,,hospital,Gujarat,osm_cache:Surat
21.1228766,72.9030117,,hospital,Gujarat,osm_cache:Surat
21.241672,72.8516555,,hospital,Gujarat,osm_cache:Surat
21.2364892,72.8838025,,hospital,Gujarat,osm_cache:Surat
21.261376,72.8301645,,clinic,Gujarat,osm_cache:Surat
21.236294,72.8561875,,clinic,Gujarat,osm_cache:Surat
21.24658,72.843457,,clinic,Gujarat,osm_cache:Surat
21.081647,72.883576,,hospital,Gujarat,osm_cache:Surat
21.091733,72.8625515,,hospital,Gujarat,osm_cache:Surat
21.236182,72.872824,,hospital,Gujarat,osm_cache:Surat
21.2789716,72.7707579,,hospital,Gujarat,osm_cache:Surat
21.241915,72.8580792,,hospital,Gujarat,osm_cache:Surat
21.233488,72.8636768,,hospital,Gujarat,osm_cache:Surat
21.22933,72.86606,,hospital,Gujarat,osm_cache:Surat
21.192219,72.7273905,,hospital,Gujarat,osm_cache:Surat
21.255014,72.85435,,clinic,Gujarat,osm_cache:Surat
21.2418137,72.8467581,,clinic,Gujarat,osm_cache:Surat
21.230047,72.866071,,hospital,Gujarat,osm_cache:Surat
21.1814985,72.6898174,,hospital,Gujarat,osm_cache:Surat
21.1920925,72.7375104,,hospital,Gujarat,osm_cache:Surat
21.241396,72.851749,,hospital,Gujarat,osm_cache:Surat
21.236381,72.875698,,hospital,Gujarat,osm_cache:Surat
21.241523,72.851737,,hospital,Gujarat,osm_cache:Surat
21.238771,72.8518558,,clinic,Gujarat,osm_cache:Surat
21.2421565,72.8568155,,doctors,Gujarat,osm_cache:Surat
21.2395372,72.8494628,,hospital,Gujarat,osm_cache:Surat
21.2304565,72.8666257,,hospital,Gujarat,osm_cache:Surat
21.2319128,72.8564643,,clinic,Gujarat,osm_cache:Surat
21.1152705,72.8604589,,hospital,Gujarat,osm_cache:Surat
21.242082,72.851946,,hospital,Gujarat,osm_cache:Surat
21.238079,72.887485,,hospital,Gujarat,osm_cache:Surat
21.1111489,72.8620984,,hospital,Gujarat,osm_cache:Surat
21.244035,72.846977,,clinic,Gujarat,osm_cache:Surat
21.1835715,72.7113087,,clinic,Gujarat,osm_cache:Surat
21.0891975,72.881265,,clinic,Gujarat,osm_cache:Surat
21.25811,72.841271,,clinic,Gujarat,osm_cache:Surat
21.2400058,72.8546546,,clinic,Gujarat,osm_cache:Surat
21.2300245,72.8666348,,hospital,Gujarat,osm_cache:Surat
21.1095447,72.8538067,,hospital,Gujarat,osm_cache:Surat
21.1123665,72.8606612,,hospital,Gujarat,osm_cache:Surat
21.191818,72.730837,,hospital,Gujarat,osm_cache:Surat
21.2379765,72.8874365,,hospital,Gujarat,osm_cache:Surat
21.2315067,72.8591645,,clinic,Gujarat,osm_cache:Surat
21.2389197,72.8477081,,hospital,Gujarat,osm_cache:Surat
21.236661,72.850376,,clinic,Gujarat,osm_cache:Surat
21.2393592,72.847569,,hospital,Gujarat,osm_cache:Surat
21.238225,72.847542,,hospital,Gujarat,osm_cache:Surat
21.236509,72.875708,,hospital,Gujarat,osm_cache:Surat
21.205179,72.837009,,clinic,Gujarat,osm_cache:Surat
21.1890465,72.8157998,,hospital,Gujarat,osm_cache:Surat
21.197692,72.830588,,hospital,Gujarat,osm_cache:Surat
21.182757,72.813975,,hospital,Gujarat,osm_cache:Surat
21.1848285,72.8191822,,hospital,Gujarat,osm_cache:Surat
21.195736,72.830687,,clinic,Gujarat,osm_cache:Surat
21.1842767,72.8192932,,hospital,Gujarat,osm_cache:Surat
21.207934,72.8366163,,hospital,Gujarat,osm_cache:Surat
21.1945542,72.8199423,,hospital,Gujarat,osm_cache:Surat
21.184901,72.820141,,hospital,Gujarat,osm_cache:Surat
21.2032308,72.8274443,,clinic,Gujarat,osm_cache:Surat
21.1873705,72.8110804,,doctors,Gujarat,osm_cache:Surat
21.180663,72.825832,,hospital,Gujarat,osm_cache:Surat
21.1835551,72.8188328,,clinic,Gujarat,osm_cache:Surat
21.202184,72.821583,,clinic,Gujarat,osm_cache:Surat
21.200892,72.8337644,,hospital,Gujarat,osm_cache:Surat
21.2009532,72.8352252,,hospital,Gujarat,osm_cache:Surat
21.206725,72.8371788,,hospital,Gujarat,osm_cache:Surat
21.200591,72.837287,,hospital,Gujarat,osm_cache:Surat
21.2058791,72.8364344,,clinic,Gujarat,osm_cache:Surat
21.2061593,72.8332624,,hospital,Gujarat,osm_cache:Surat
21.188251,72.813023,,hospital,Gujarat,osm_cache:Surat
21.1870807,72.8239798,,hospital,Gujarat,osm_cache:Surat
21.195822,72.824933,,hospital,Gujarat,osm_cache:Surat
21.186019,72.812392,,hospital,Gujarat,osm_cache:Surat
21.200733,72.838452,,hospital,Gujarat,osm_cache:Surat
21.1818355,72.8261911,,hospital,Gujarat,osm_cache:Surat
21.2134132,72.819583,,clinic,Gujarat,osm_cache:Surat
21.1861752,72.8265848,,hospital,Gujarat,osm_cache:Surat
21.1965909,72.8323565,,clinic,Gujarat,osm_cache:Surat
21.1868087,72.8251841,,hospital,Gujarat,osm_cache:Surat
21.18577,72.817282,,hospital,Gujarat,osm_cache:Surat
21.199651,72.8247804,,hospital,Gujarat,osm_cache:Surat
21.189222,72.813803,,hospital,Gujarat,osm_cache:Surat
21.1949172,72.8210888,,hospital,Gujarat,osm_cache:Surat
21.180748,72.820264,,hospital,Gujarat,osm_cache:Surat
21.181999,72.8266829,,hospital,Gujarat,osm_cache:Surat
21.1880022,72.8163796,,hospital,Gujarat,osm_cache:Surat
21.1898932,72.815368,,clinic,Gujarat,osm_cache:Surat
21.197708,72.823083,,hospital,Gujarat,osm_cache:Surat
21.205464,72.83676,,hospital,Gujarat,osm_cache:Surat
21.203851,72.8230721,,doctors,Gujarat,osm_cache:Surat
21.1982345,72.8218246,,hospital,Gujarat,osm_cache:Surat
21.205131,72.83709,,hospital,Gujarat,osm_cache:Surat
21.1964492,72.8304881,,hospital,Gujarat,osm_cache:Surat
21.1866987,72.8100742,,hospital,Gujarat,osm_cache:Surat
21.1994815,72.837481,,hospital,Gujarat,osm_cache:Surat
21.1965434,72.8299801,,hospital,Gujarat,osm_cache:Surat
21.1969645,72.8348883,,hospital,Gujarat,osm_cache:Surat
21.196373,72.8299922,,doctors,Gujarat,osm_cache:Surat
21.197047,72.825872,,hospital,Gujarat,osm_cache:Surat
21.1854512,72.8210952,,hospital,Gujarat,osm_cache:Surat
21.1814982,72.8174949,,hospital,Gujarat,osm_cache:Surat
21.204669,72.826457,,hospital,Gujarat,osm_cache:Surat
21.1847936,72.8190066,,hospital,Gujarat,osm_cache:Surat
21.1915212,72.8287022,,doctors,Gujarat,osm_cache:Surat
21.185895,72.8261801,,clinic,Gujarat,osm_cache:Surat
21.1961617,72.8231762,,hospital,Gujarat,osm_cache:Surat
21.185177,72.810327,,hospital,Gujarat,osm_cache:Surat
21.2067696,72.8308477,,hospital,Gujarat,osm_cache:Surat
21.1989235,72.8270832,,clinic,Gujarat,osm_cache:Surat
21.1892345,72.8155341,,hospital,Gujarat,osm_cache:Surat
21.18425,72.825656,,hospital,Gujarat,osm_cache:Surat
21.2006928,72.834919,,hospital,Gujarat,osm_cache:Surat
21.1969482,72.8221619,,hospital,Gujarat,osm_cache:Surat
21.205959,72.836323,,hospital,Gujarat,osm_cache:Surat
21.1835333,72.8188366,,clinic,Gujarat,osm_cache:Surat
21.1859955,72.8270703,,hospital,Gujarat,osm_cache:Surat
21.1820434,72.815904,,hospital,Gujarat,osm_cache:Surat
21.1872245,72.8105426,,hospital,Gujarat,osm_cache:Surat
21.1986747,72.8354749,,hospital,Gujarat,osm_cache:Surat
21.1930965,72.8231355,,hospital,Gujarat,osm_cache:Surat
21.205197,72.836126,,hospital,Gujarat,osm_cache:Surat
21.1974453,72.8298567,,hospital,Gujarat,osm_cache:Surat
21.1853827,72.8210592,,hospital,Gujarat,osm_cache:Surat
21.1807064,72.825864,,hospital,Gujarat,osm_cache:Surat
21.2074575,72.8341569,,hospital,Gujarat,osm_cache:Surat
21.2058615,72.8383734,,hospital,Gujarat,osm_cache:Surat
21.1979398,72.832174,,hospital,Gujarat,osm_cache:Surat
21.1993761,72.8215476,,hospital,Gujarat,osm_cache:Surat
21.214148,72.815381,,clinic,Gujarat,osm_cache:Surat
21.214193,72.81547,,hospital,Gujarat,osm_cache:Surat
21.200799,72.838681,,hospital,Gujarat,osm_cache:Surat
21.1821387,72.8146311,,clinic,Gujarat,osm_cache:Surat
21.1996818,72.8265491,,hospital,Gujarat,osm_cache:Surat
21.206136,72.836375,,hospital,Gujarat,osm_cache:Surat
21.1864491,72.8108413,,hospital,Gujarat,osm_cache:Surat
21.1860438,72.8215013,,hospital,Gujarat,osm_cache:Surat
21.1838864,72.8189956,,hospital,Gujarat,osm_cache:Surat
21.2075535,72.8201191,,doctors,Gujarat,osm_cache:Surat
21.181237,72.819234,,hospital,Gujarat,osm_cache:Surat
21.2063779,72.8277835,,hospital,Gujarat,osm_cache:Surat
21.200735,72.8370095,,hospital,Gujarat,osm_cache:Surat
21.1960957,72.8325472,,clinic,Gujarat,osm_cache:Surat
21.196497,72.8364834,,clinic,Gujarat,osm_cache:Surat
21.1862837,72.8226809,,clinic,Gujarat,osm_cache:Surat
21.203679,72.8310966,,hospital,Gujarat,osm_cache:Surat
21.1910877,72.8259728,,hospital,Gujarat,osm_cache:Surat
21.318481,72.881322,,clinic,Gujarat,osm_cache:Surat
21.311174,72.900174,,hospital,Gujarat,osm_cache:Surat
21.290919,72.893634,,clinic,Gujarat,osm_cache:Surat
21.301841,72.9181902,,hospital,Gujarat,osm_cache:Surat
21.2508147,72.9275879,,hospital,Gujarat,osm_cache:Surat
21.3016365,72.9184873,,hospital,Gujarat,osm_cache:Surat
21.320254,72.881822,,clinic,Gujarat,osm_cache:Surat
21.2492515,72.9277434,,clinic,Gujarat,osm_cache:Surat
21.31265,72.908305,,hospital,Gujarat,osm_cache:Surat
21.198694,72.860328,,hospital,Gujarat,osm_cache:Surat
21.204905,72.8519858,,hospital,Gujarat,osm_cache:Surat
21.221051,72.824491,,clinic,Gujarat,osm_cache:Surat
21.2325257,72.835968,,hospital,Gujarat,osm_cache:Surat
21.215069,72.82731,,hospital,Gujarat,osm_cache:Surat
21.1921775,72.8395414,,doctors,Gujarat,osm_cache:Surat
21.2016902,72.858645,,clinic,Gujarat,osm_cache:Surat
21.1434605,72.8734608,,clinic,Gujarat,osm_cache:Surat
21.208289,72.856747,,clinic,Gujarat,osm_cache:Surat
21.215536,72.830118,,hospital,Gujarat,osm_cache:Surat
21.2280172,72.8149347,,clinic,Gujarat,osm_cache:Surat
21.2207633,72.8250747,,clinic,Gujarat,osm_cache:Surat
21.2088546,72.8530959,,hospital,Gujarat,osm_cache:Surat
21.235919,72.826615,,clinic,Gujarat,osm_cache:Surat
21.230401,72.8201491,,hospital,Gujarat,osm_cache:Surat
21.229158,72.8081953,,clinic,Gujarat,osm_cache:Surat
21.2311935,72.8158649,,hospital,Gujarat,osm_cache:Surat
21.231159,72.8212337,,clinic,Gujarat,osm_cache:Surat
21.149602,72.873762,,hospital,Gujarat,osm_cache:Surat
21.2019423,72.8629793,,hospital,Gujarat,osm_cache:Surat
21.214602,72.853732,,clinic,Gujarat,osm_cache:Surat
21.2306575,72.8227664,,hospital,Gujarat,osm_cache:Surat
21.2116163,72.854147,,hospital,Gujarat,osm_cache:Surat
21.225269,72.8319496,,hospital,Gujarat,osm_cache:Surat
21.209057,72.8550069,,hospital,Gujarat,osm_cache:Surat
21.1426165,72.8811536,,hospital,Gujarat,osm_cache:Surat
21.211467,72.85562,,hospital,Gujarat,osm_cache:Surat
21.197516,72.8609668,,hospital,Gujarat,osm_cache:Surat
21.2257287,72.8176729,,hospital,Gujarat,osm_cache:Surat
21.237259,72.819416,,clinic,Gujarat,osm_cache:Surat
21.231071,72.8218701,,clinic,Gujarat,osm_cache:Surat
21.22798,72.830499,,hospital,Gujarat,osm_cache:Surat
21.204506,72.8489572,,hospital,Gujarat,osm_cache:Surat
21.143387,72.873746,,clinic,Gujarat,osm_cache:Surat
21.228702,72.811094,,clinic,Gujarat,osm_cache:Surat
21.214721,72.829073,,hospital,Gujarat,osm_cache:Surat
21.149894,72.873414,,hospital,Gujarat,osm_cache:Surat
21.2287552,72.8111125,,clinic,Gujarat,osm_cache:Surat
21.2157828,72.8297707,,hospital,Gujarat,osm_cache:Surat
21.204943,72.852407,,clinic,Gujarat,osm_cache:Surat
21.218442,72.837085,,hospital,Gujarat,osm_cache:Surat
21.2107462,72.8535038,,hospital,Gujarat,osm_cache:Surat
21.22505,72.818756,,hospital,Gujarat,osm_cache:Surat
21.211386,72.855502,,hospital,Gujarat,osm_cache:Surat
21.200314,72.8599198,,hospital,Gujarat,osm_cache:Surat
21.2314287,72.8212097,,clinic,Gujarat,osm_cache:Surat
21.2222505,72.8212103,,hospital,Gujarat,osm_cache:Surat
21.2177321,72.8289863,,clinic,Gujarat,osm_cache:Surat
21.2247012,72.8198648,,hospital,Gujarat,osm_cache:Surat
21.149776,72.8721057,,hospital,Gujarat,osm_cache:Surat
21.2015713,72.8590213,,doctors,Gujarat,osm_cache:Surat
21.1970925,72.8616487,,hospital,Gujarat,osm_cache:Surat
21.2246897,72.8203184,,hospital,Gujarat,osm_cache:Surat
21.2225812,72.8211494,,hospital,Gujarat,osm_cache:Surat
21.2280685,72.833744,,hospital,Gujarat,osm_cache:Surat
21.207208,72.8537379,,hospital,Gujarat,osm_cache:Surat
21.1492593,72.8723456,,clinic,Gujarat,osm_cache:Surat
21.211386,72.853375,,hospital,Gujarat,osm_cache:Surat
21.221421,72.827291,,hospital,Gujarat,osm_cache:Surat
21.2343405,72.8137501,,clinic,Gujarat,osm_cache:Surat
21.224502,72.8208623,,hospital,Gujarat,osm_cache:Surat
21.1463288,72.8735017,,hospital,Gujarat,osm_cache:Surat
21.2305375,72.8194875,,clinic,Gujarat,osm_cache:Surat
21.219556,72.836452,,hospital,Gujarat,osm_cache:Surat
21.1495978,72.8727339,,hospital,Gujarat,osm_cache:Surat
21.204682,72.857178,,hospital,Gujarat,osm_cache:Surat
21.223715,72.824338,,hospital,Gujarat,osm_cache:Surat
21.2268957,72.8212962,,hospital,Gujarat,osm_cache:Surat
21.211175,72.855,,hospital,Gujarat,osm_cache:Surat
21.2292227,72.8213844,,hospital,Gujarat,osm_cache:Surat
21.2231,72.827466,,hospital,Gujarat,osm_cache:Surat
21.230652,72.8291487,,hospital,Gujarat,osm_cache:Surat
21.2307133,72.8291699,,clinic,Gujarat,osm_cache:Surat
21.2117108,72.8548039,,hospital,Gujarat,osm_cache:Surat
21.230529,72.8234382,,hospital,Gujarat,osm_cache:Surat
21.2256937,72.8176095,,hospital,Gujarat,osm_cache:Surat
21.2339563,72.8216284,,hospital,Gujarat,osm_cache:Surat
21.223623,72.823574,,hospital,Gujarat,osm_cache:Surat
21.225184,72.831992,,hospital,Gujarat,osm_cache:Surat
21.2223927,72.8211651,,hospital,Gujarat,osm_cache:Surat
21.22116,72.813385,,hospital,Gujarat,osm_cache:Surat
21.2256575,72.8054475,,clinic,Gujarat,osm_cache:Surat
21.1439288,72.8731535,,clinic,Gujarat,osm_cache:Surat
21.2330653,72.8362904,,clinic,Gujarat,osm_cache:Surat
21.235583,72.816495,,hospital,Gujarat,osm_cache:Surat
21.201749,72.862794,,hospital,Gujarat,osm_cache:Surat
21.217299,72.829947,,hospital,Gujarat,osm_cache:Surat
21.2329333,72.8366241,,hospital,Gujarat,osm_cache:Surat
21.2247455,72.820074,,hospital,Gujarat,osm_cache:Surat
21.2257867,72.8175938,,hospital,Gujarat,osm_cache:Surat
21.22364,72.825698,,hospital,Gujarat,osm_cache:Surat
21.1989049,72.8596911,,hospital,Gujarat,osm_cache:Surat
21.230408,72.829325,,hospital,Gujarat,osm_cache:Surat
21.1464386,72.8051995,,hospital,Gujarat,osm_cache:Surat
21.1495253,72.7885113,,doctors,Gujarat,osm_cache:Surat
21.2156438,72.8608731,,hospital,Gujarat,osm_cache:Surat
21.1516216,72.7979638,,hospital,Gujarat,osm_cache:Surat
21.1239048,72.8557745,,hospital,Gujarat,osm_cache:Surat
21.1774865,72.8193593,,doctors,Gujarat,osm_cache:Surat
21.1321179,72.7187013,,hospital,Gujarat,osm_cache:Surat
21.2417604,72.8781321,,hospital,Gujarat,osm_cache:Surat
21.184362,72.8089041,,hospital,Gujarat,osm_cache:Surat
21.2024577,72.8240681,,hospital,Gujarat,osm_cache:Surat
21.1816998,72.8108584,,hospital,Gujarat,osm_cache:Surat
21.1795896,72.8198496,,hospital,Gujarat,osm_cache:Surat
21.1990041,72.8031031,,hospital,Gujarat,osm_cache:Surat
21.1727597,72.8297406,,hospital,Gujarat,osm_cache:Surat
21.1771459,72.8147084,,hospital,Gujarat,osm_cache:Surat
21.1940356,72.8028222,,hospital,Gujarat,osm_cache:Surat
21.2294974,72.9003369,,hospital,Gujarat,osm_cache:Surat
21.1757331,72.8926831,,hospital,Gujarat,osm_cache:Surat
8.4998439,76.9410501,,hospital,Kerala,osm_cache:Thiruvananthapuram
8.4986554,76.9431315,,hospital,Kerala,osm_cache:Thiruvananthapuram
8.6018701,76.992477,,hospital,Kerala,osm_cache:Thiruvananthapuram
8.4417835,76.9572485,,hospital,Kerala,osm_cache:Thiruvananthapuram
8.5157434,76.9358086,,hospital,Kerala,osm_cache:Thiruvananthapuram
8.4848714,76.9721732,,hospital,Kerala,osm_cache:Thiruvananthapuram
8.4811163,76.9592286,,hospital,Kerala,osm_cache:Thiruvananthapuram
8.5352501,76.9674372,,hospital,Kerala,osm_cache:Thiruvananthapuram
8.5626415,76.884154,,hospital,Kerala,osm_cache:Thiruvananthapuram
8.5206614,76.9245217,,hospital,Kerala,osm_cache:Thiruvananthapuram
8.4631413,76.9547666,,doctors,Kerala,osm_cache:Thiruvananthapuram
8.5746272,76.8685923,,hospital,Kerala,osm_cache:Thiruvananthapuram
8.603885,77.0007731,,hospital,Kerala,osm_cache:Thiruvananthapuram
8.3871291,76.9784957,,hospital,,osm_cache:Thiruvananthapuram
8.388934,76.9788445,,hospital,,osm_cache:Thiruvananthapuram
8.5238688,76.9249893,,hospital,Kerala,osm_cache:Thiruvananthapuram
8.5209794,76.9226146,,hospital,Kerala,osm_cache:Thiruvananthapuram
8.3903273,76.9773886,,clinic,,osm_cache:Thiruvananthapuram
8.4204428,76.9727202,,hospital,Kerala,osm_cache:Thiruvananthapuram
8.5282962,76.9412903,,hospital,Kerala,osm_cache:Thiruvananthapuram
8.4787343,76.9373026,,hospital,Kerala,osm_cache:Thiruvananthapuram
8.3888369,76.9783443,,hospital,,osm_cache:Thiruvananthapuram
8.3853064,76.9802607,,hospital,,osm_cache:Thiruvananthapuram
8.523588,76.9281025,,hospital,Kerala,osm_cache:Thiruvananthapuram
8.4990262,76.9601725,,hospital,Kerala,osm_cache:Thiruvananthapuram
8.5498815,76.9150138,,doctors,Kerala,osm_cache:Thiruvananthapuram
8.4590736,76.9507209,,doctors,Kerala,osm_cache:Thiruvananthapuram
8.5699592,76.8722107,,hospital,Kerala,osm_cache:Thiruvananthapuram
8.5224562,76.9291783,,hospital,Kerala,osm_cache:Thiruvananthapuram
8.5217367,76.9407134,,clinic,Kerala,osm_cache:Thiruvananthapuram
8.5595506,76.8746709,,doctors,Kerala,osm_cache:Thiruvananthapuram
8.5621662,76.8738698,,doctors,Kerala,osm_cache:Thiruvananthapuram
8.5618756,76.8738946,,doctors,Kerala,osm_cache:Thiruvananthapuram
8.5608246,76.874214,,doctors,Kerala,osm_cache:Thiruvananthapuram
8.5583398,76.8750622,,clinic,Kerala,osm_cache:Thiruvananthapuram
8.5731016,76.884308,,doctors,Kerala,osm_cache:Thiruvananthapuram
8.5597929,76.8741626,,hospital,Kerala,osm_cache:Thiruvananthapuram
8.5294469,76.9311827,,hospital,Kerala,osm_cache:Thiruvananthapuram
8.4931701,76.9265719,,clinic,Kerala,osm_cache:Thiruvananthapuram
8.5002523,76.9503021,,hospital,Kerala,osm_cache:Thiruvananthapuram
8.4270521,77.0436389,,hospital,Kerala,osm_cache:Thiruvananthapuram
8.4499901,76.9508996,,hospital,Kerala,osm_cache:Thiruvananthapuram
8.4921508,76.9440164,,clinic,Kerala,osm_cache:Thiruvananthapuram
8.4685083,76.9551844,,hospital,Kerala,osm_cache:Thiruvananthapuram
8.5170591,76.9391314,,hospital,Kerala,osm_cache:Thiruvananthapuram
8.5289778,76.9312611,,hospital,Kerala,osm_cache:Thiruvananthapuram
8.510469,76.9281267,,hospital,Kerala,osm_cache:Thiruvananthapuram
8.5158714,76.9333546,,hospital,Kerala,osm_cache:Thiruvananthapuram
8.5132824,76.9746311,,clinic,Kerala,osm_cache:Thiruvananthapuram
8.5055538,76.9714138,,hospital,Kerala,osm_cache:Thiruvananthapuram
8.4838023,76.9458067,,hospital,Kerala,osm_cache:Thiruvananthapuram
8.5074014,76.9108401,,hospital,Kerala,osm_cache:Thiruvananthapuram
8.4953845,76.9368321,,hospital,Kerala,osm_cache:Thiruvananthapuram
8.5417947,76.9392219,,hospital,Kerala,osm_cache:Thiruvananthapuram
8.521735,76.9265002,,hospital,Kerala,osm_cache:Thiruvananthapuram
8.5129468,76.9744447,,hospital,Kerala,osm_cache:Thiruvananthapuram
8.5483734,76.9438367,,clinic,Kerala,osm_cache:Thiruvananthapuram
8.5084545,76.9381973,,hospital,Kerala,osm_cache:Thiruvananthapuram
8.5114202,76.928194,,hospital,Kerala,osm_cache:Thiruvananthapuram
8.4966499,76.9789414,,hospital,Kerala,osm_cache:Thiruvananthapuram
8.4812688,76.9376032,,hospital,Kerala,osm_cache:Thiruvananthapuram
8.5241037,76.9367456,,hospital,Kerala,osm_cache:Thiruvananthapuram
8.4908277,76.9398663,,clinic,Kerala,osm_cache:Thiruvananthapuram
8.5155146,76.9442242,,hospital,Kerala,osm_cache:Thiruvananthapuram
8.5609057,76.9424948,,hospital,Kerala,osm_cache:Thiruvananthapuram
8.5611323,76.9435812,,hospital,Kerala,osm_cache:Thiruvananthapuram
8.5138086,76.9297406,,hospital,Kerala,osm_cache:Thiruvananthapuram
8.5107333,76.9286812,,hospital,Kerala,osm_cache:Thiruvananthapuram
8.510858,76.9282609,,hospital,Kerala,osm_cache:Thiruvananthapuram
8.4878598,77.0369063,,hospital,Kerala,osm_cache:Thiruvananthapuram
8.5018949,76.9904722,,clinic,Kerala,osm_cache:Thiruvananthapuram
8.4832337,77.044912,,hospital,Kerala,osm_cache:Thiruvananthapuram
8.5932512,76.9523308,,hospital,Kerala,osm_cache:Thiruvananthapuram
8.5080425,77.0266299,,hospital,Kerala,osm_cache:Thiruvananthapuram
8.4850303,76.9422568,,clinic,Kerala,osm_cache:Thiruvananthapuram
8.5342093,76.9672479,,hospital,Kerala,osm_cache:Thiruvananthapuram
8.5218394,76.9780114,,hospital,Kerala,osm_cache:Thiruvananthapuram
8.4660146,76.9611973,,hospital,Kerala,osm_cache:Thiruvananthapuram
8.5562875,76.9043348,,hospital,Kerala,osm_cache:Thiruvananthapuram
8.5609315,76.9435495,,hospital,Kerala,osm_cache:Thiruvananthapuram
8.5754733,76.8429654,,hospital,Kerala,osm_cache:Thiruvananthapuram
8.4810455,76.9419305,,hospital,Kerala,osm_cache:Thiruvananthapuram
8.4840396,76.9470334,,hospital,Kerala,osm_cache:Thiruvananthapuram
8.5242104,76.9876147,,clinic,Kerala,osm_cache:Thiruvananthapuram
8.4877398,76.9299877,,clinic,Kerala,osm_cache:Thiruvananthapuram
8.4567331,76.9502634,,hospital,Kerala,osm_cache:Thiruvananthapuram
8.5026633,76.9820256,,hospital,Kerala,osm_cache:Thiruvananthapuram
8.5143303,76.9728688,,hospital,Kerala,osm_cache:Thiruvananthapuram
8.5141556,76.9772201,,hospital,Kerala,osm_cache:Thiruvananthapuram
8.5142829,76.9796877,,doctors,Kerala,osm_cache:Thiruvananthapuram
8.4998523,76.9477078,,hospital,Kerala,osm_cache:Thiruvananthapuram
8.4445168,76.9541901,,hospital,Kerala,osm_cache:Thiruvananthapuram
8.5465615,76.9505674,,hospital,Kerala,osm_cache:Thiruvananthapuram
8.5449031,76.9078035,,hospital,Kerala,osm_cache:Thiruvananthapuram
8.5378073,76.9664102,,clinic,Kerala,osm_cache:Thiruvananthapuram
8.5138493,76.9273529,,hospital,Kerala,osm_cache:Thiruvananthapuram
8.3860615,77.0133712,,hospital,Kerala,osm_cache:Thiruvananthapuram
8.5509038,76.9612035,,hospital,Kerala,osm_cache:Thiruvananthapuram
8.4793432,76.9338661,,hospital,Kerala,osm_cache:Thiruvananthapuram
8.5300042,76.9132563,,hospital,Kerala,osm_cache:Thiruvananthapuram
8.5392946,76.9683523,,hospital,Kerala,osm_cache:Thiruvananthapuram
8.4874412,76.9640348,,hospital,Kerala,osm_cache:Thiruvananthapuram
8.5398649,76.9663643,,hospital,Kerala,osm_cache:Thiruvananthapuram
8.5415315,76.9669004,,hospital,Kerala,osm_cache:Thiruvananthapuram
8.5211495,76.9792649,,hospital,Kerala,osm_cache:Thiruvananthapuram
8.5234497,76.9610276,,clinic,Kerala,osm_cache:Thiruvananthapuram
8.5494226,77.0403596,,hospital,Kerala,osm_cache:Thiruvananthapuram
8.549413,77.0277341,,hospital,Kerala,osm_cache:Thiruvananthapuram
8.5492034,77.028359,,hospital,Kerala,osm_cache:Thiruvananthapuram
8.5923867,76.9528454,,hospital,Kerala,osm_cache:Thiruvananthapuram
8.5092923,77.0306157,,clinic,Kerala,osm_cache:Thiruvananthapuram
8.5421859,76.9665624,,hospital,Kerala,osm_cache:Thiruvananthapuram
8.3807618,77.0080507,,hospital,Kerala,osm_cache:Thiruvananthapuram
8.390114,76.9905293,,hospital,,osm_cache:Thiruvananthapuram
8.4876587,76.929193,,hospital,Kerala,osm_cache:Thiruvananthapuram
8.4951312,76.9672672,,clinic,Kerala,osm_cache:Thiruvananthapuram
8.5258158,76.9605378,,clinic,Kerala,osm_cache:Thiruvananthapuram
8.53151,76.920793,,clinic,Kerala,osm_cache:Thiruvananthapuram
8.4031013,77.031975,,clinic,Kerala,osm_cache:Thiruvananthapuram
8.5534118,76.9621593,,hospital,Kerala,osm_cache:Thiruvananthapuram
8.5185162,76.9292336,,doctors,Kerala,osm_cache:Thiruvananthapuram
8.3977836,77.0071425,,hospital,Kerala,osm_cache:Thiruvananthapuram
8.527513,76.930057,,clinic,Kerala,osm_cache:Thiruvananthapuram
8.4501257,77.0094538,,hospital,Kerala,osm_cache:Thiruvananthapuram
8.5014272,76.9898499,,hospital,Kerala,osm_cache:Thiruvananthapuram
8.4157213,77.019428,,hospital,Kerala,osm_cache:Thiruvananthapuram
8.427352,77.0450372,,hospital,Kerala,osm_cache:Thiruvananthapuram
8.4095751,77.0283805,,clinic,Kerala,osm_cache:Thiruvananthapuram
8.4975167,76.8976641,,hospital,Kerala,osm_cache:Thiruvananthapuram
8.5410695,76.9417525,,clinic,Kerala,osm_cache:Thiruvananthapuram
8.5334818,76.9914062,,hospital,Kerala,osm_cache:Thiruvananthapuram
8.4604184,77.0614775,,hospital,Kerala,osm_cache:Thiruvananthapuram
8.476959,76.956604,,hospital,Kerala,osm_cache:Thiruvananthapuram
8.4814966,76.9363852,,clinic,Kerala,osm_cache:Thiruvananthapuram
8.545123,76.952273,,clinic,Kerala,osm_cache:Thiruvananthapuram
8.5378145,76.9653824,,hospital,Kerala,osm_cache:Thiruvananthapuram
8.3932372,76.9871484,,hospital,,osm_cache:Thiruvananthapuram
8.5263115,76.992383,,hospital,Kerala,osm_cache:Thiruvananthapuram
8.5119455,76.9255185,,clinic,Kerala,osm_cache:Thiruvananthapuram
8.479994,76.948651,,hospital,Kerala,osm_cache:Thiruvananthapuram
8.4269436,77.0439252,,hospital,Kerala,osm_cache:Thiruvananthapuram
8.430622,77.0239881,,hospital,Kerala,osm_cache:Thiruvananthapuram
8.4746446,77.0456971,,hospital,Kerala,osm_cache:Thiruvananthapuram
8.4879612,76.9313717,,doctors,Kerala,osm_cache:Thiruvananthapuram
8.496206,76.96072,,hospital,Kerala,osm_cache:Thiruvananthapuram
8.5084524,76.9719325,,clinic,Kerala,osm_cache:Thiruvananthapuram
8.395288,77.0241338,,hospital,Kerala,osm_cache:Thiruvananthapuram
8.3998586,76.9797815,,hospital,,osm_cache:Thiruvananthapuram
8.4931138,76.9684193,,clinic,Kerala,osm_cache:Thiruvananthapuram
8.5571655,76.921979,,hospital,Kerala,osm_cache:Thiruvananthapuram
8.5091283,76.9725107,,clinic,Kerala,osm_cache:Thiruvananthapuram
8.4843121,76.9096829,,hospital,Kerala,osm_cache:Thiruvananthapuram
8.4830876,76.9113265,,hospital,Kerala,osm_cache:Thiruvananthapuram
8.4537606,77.0042418,,clinic,Kerala,osm_cache:Thiruvananthapuram
8.4928893,76.9513801,,hospital,Kerala,osm_cache:Thiruvananthapuram
8.5109287,76.9762002,,clinic,Kerala,osm_cache:Thiruvananthapuram
8.4397101,76.9598455,,clinic,Kerala,osm_cache:Thiruvananthapuram
8.4668219,76.9503375,,hospital,Kerala,osm_cache:Thiruvananthapuram
8.5349095,76.9273023,,clinic,Kerala,osm_cache:Thiruvananthapuram
8.4406772,77.0193138,,clinic,Kerala,osm_cache:Thiruvananthapuram
8.5197528,76.9320923,,doctors,Kerala,osm_cache:Thiruvananthapuram
8.4011202,76.980103,,hospital,,osm_cache:Thiruvananthapuram
8.3969296,77.0249333,,hospital,Kerala,osm_cache:Thiruvananthapuram
8.5684776,76.9452238,,hospital,Kerala,osm_cache:Thiruvananthapuram
8.5640544,76.9529328,,hospital,Kerala,osm_cache:Thiruvananthapuram
8.4952866,76.9773086,,clinic,Kerala,osm_cache:Thiruvananthapuram
8.5091634,76.9725023,,doctors,Kerala,osm_cache:Thiruvananthapuram
8.516368,76.938089,,clinic,Kerala,osm_cache:Thiruvananthapuram
8.4771015,76.9480476,,hospital,Kerala,osm_cache:Thiruvananthapuram
8.501447,76.957764,,hospital,Kerala,osm_cache:Thiruvananthapuram
8.5906569,76.882541,,clinic,Kerala,osm_cache:Thiruvananthapuram
8.5889021,76.8774914,,clinic,Kerala,osm_cache:Thiruvananthapuram
8.5484259,76.8750165,,hospital,Kerala,osm_cache:Thiruvananthapuram
8.5737844,76.9253311,,hospital,Kerala,osm_cache:Thiruvananthapuram
8.5920126,76.8567189,,hospital,Kerala,osm_cache:Thiruvananthapuram
8.5884183,76.8592978,,clinic,Kerala,osm_cache:Thiruvananthapuram
8.5886384,76.8556844,,hospital,Kerala,osm_cache:Thiruvananthapuram
8.5901832,76.8528179,,hospital,Kerala,osm_cache:Thiruvananthapuram
8.5682931,76.8722962,,hospital,Kerala,osm_cache:Thiruvananthapuram
8.5773131,76.8695597,,doctors,Kerala,osm_cache:Thiruvananthapuram
8.6032046,76.8776625,,clinic,Kerala,osm_cache:Thiruvananthapuram
8.5678158,76.8733566,,doctors,Kerala,osm_cache:Thiruvananthapuram
8.552869,76.854188,,hospital,Kerala,osm_cache:Thiruvananthapuram
8.6042535,76.9419836,,hospital,Kerala,osm_cache:Thiruvananthapuram
8.5689545,76.8560018,,clinic,Kerala,osm_cache:Thiruvananthapuram
8.5432206,76.8864196,,clinic,Kerala,osm_cache:Thiruvananthapuram
8.5611824,76.8627056,,clinic,Kerala,osm_cache:Thiruvananthapuram
8.592158,77.036622,,hospital,Kerala,osm_cache:Thiruvananthapuram
8.409921,77.051814,,hospital,Kerala,osm_cache:Thiruvananthapuram
8.5521391,76.9759869,,clinic,Kerala,osm_cache:Thiruvananthapuram
8.495173,76.9007897,,hospital,Kerala,osm_cache:Thiruvananthapuram
8.4178822,77.014885,,hospital,Kerala,osm_cache:Thiruvananthapuram
8.5438855,76.8948114,,hospital,Kerala,osm_cache:Thiruvananthapuram
8.4806983,76.9709153,,hospital,Kerala,osm_cache:Thiruvananthapuram
8.498045,76.9990817,,clinic,Kerala,osm_cache:Thiruvananthapuram
8.4955338,76.9971505,,clinic,Kerala,osm_cache:Thiruvananthapuram
8.4986632,76.9991458,,hospital,Kerala,osm_cache:Thiruvananthapuram
8.498732,76.9974925,,hospital,Kerala,osm_cache:Thiruvananthapuram
8.4986663,76.9991507,,doctors,Kerala,osm_cache:Thiruvananthapuram
8.5032102,76.9826493,,hospital,Kerala,osm_cache:Thiruvananthapuram
8.4358278,77.0421318,,hospital,Kerala,osm_cache:Thiruvananthapuram
8.4325518,77.0030154,,clinic,Kerala,osm_cache:Thiruvananthapuram
8.5257798,77.0062931,,hospital,Kerala,osm_cache:Thiruvananthapuram
8.4227352,76.975475,,hospital,Kerala,osm_cache:Thiruvananthapuram
8.5375677,76.9664502,,hospital,Kerala,osm_cache:Thiruvananthapuram
8.4846735,76.9416119,,hospital,Kerala,osm_cache:Thiruvananthapuram
8.3925704,77.0650964,,clinic,Kerala,osm_cache:Thiruvananthapuram
8.5171666,76.9432381,,hospital,Kerala,osm_cache:Thiruvananthapuram
8.3808763,77.0470258,,clinic,Kerala,osm_cache:Thiruvananthapuram
8.377852,77.0463482,,clinic,Kerala,osm_cache:Thiruvananthapuram
8.3805466,77.046895,,clinic,Kerala,osm_cache:Thiruvananthapuram
8.4860402,76.9425871,,clinic,Kerala,osm_cache:Thiruvananthapuram
8.390701,77.0299622,,clinic,Kerala,osm_cache:Thiruvananthapuram
8.4803313,76.9529639,,hospital,Kerala,osm_cache:Thiruvananthapuram
8.5140107,76.9721494,,hospital,Kerala,osm_cache:Thiruvananthapuram
8.513482,76.9731325,,hospital,Kerala,osm_cache:Thiruvananthapuram
8.5140974,76.9770043,,hospital,Kerala,osm_cache:Thiruvananthapuram
8.4963125,76.9487056,,hospital,Kerala,osm_cache:Thiruvananthapuram
8.3712119,77.0236053,,hospital,Kerala,osm_cache:Thiruvananthapuram
8.4837704,76.9109273,,hospital,Kerala,osm_cache:Thiruvananthapuram
8.4908818,76.9062411,,hospital,Kerala,osm_cache:Thiruvananthapuram
8.4951541,76.8995924,,hospital,Kerala,osm_cache:Thiruvananthapuram
8.3862596,77.0485458,,hospital,Kerala,osm_cache:Thiruvananthapuram
8.4294901,77.0478243,,hospital,Kerala,osm_cache:Thiruvananthapuram
8.4689299,76.9590901,,hospital,Kerala,osm_cache:Thiruvananthapuram
8.5227389,76.9505587,,hospital,Kerala,osm_cache:Thiruvananthapuram
8.5258391,76.9510655,,hospital,Kerala,osm_cache:Thiruvananthapuram
8.4404318,76.945687,,clinic,Kerala,osm_cache:Thiruvananthapuram
8.4405198,76.9456862,,clinic,Kerala,osm_cache:Thiruvananthapuram
8.4700038,76.9807577,,hospital,Kerala,osm_cache:Thiruvananthapuram
8.5017715,76.9647126,,hospital,Kerala,osm_cache:Thiruvananthapuram
8.5086587,76.9959904,,hospital,Kerala,osm_cache:Thiruvananthapuram
8.5332102,77.0009789,,hospital,Kerala,osm_cache:Thiruvananthapuram
8.5114461,76.9675536,,clinic,Kerala,osm_cache:Thiruvananthapuram
8.5114983,76.9630664,,clinic,Kerala,osm_cache:Thiruvananthapuram
8.5107673,76.9494594,,clinic,Kerala,osm_cache:Thiruvananthapuram
8.5100331,76.9488596,,clinic,Kerala,osm_cache:Thiruvananthapuram
8.5239379,76.9533037,,clinic,Kerala,osm_cache:Thiruvananthapuram
8.5465384,76.9869449,,clinic,Kerala,osm_cache:Thiruvananthapuram
8.4286612,77.0493798,,clinic,Kerala,osm_cache:Thiruvananthapuram
8.4269043,77.0437121,,clinic,Kerala,osm_cache:Thiruvananthapuram
8.4258896,77.0459195,,clinic,Kerala,osm_cache:Thiruvananthapuram
8.3892664,77.0417118,,hospital,Kerala,osm_cache:Thiruvananthapuram
8.4831277,77.0320103,,hospital,Kerala,osm_cache:Thiruvananthapuram
8.368921,77.0499975,,hospital,Kerala,osm_cache:Thiruvananthapuram
8.3779854,77.0458059,,hospital,Kerala,osm_cache:Thiruvananthapuram
8.5579042,76.9031718,,hospital,Kerala,osm_cache:Thiruvananthapuram
8.4540825,76.9999414,,hospital,Kerala,osm_cache:Thiruvananthapuram
8.490562,76.9745169,,hospital,Kerala,osm_cache:Thiruvananthapuram
8.5118723,76.9768831,,clinic,Kerala,osm_cache:Thiruvananthapuram
8.5820024,76.9219692,,hospital,Kerala,osm_cache:Thiruvananthapuram
8.5641485,76.8737546,,doctors,Kerala,osm_cache:Thiruvananthapuram
8.6026986,76.8975657,,doctors,Kerala,osm_cache:Thiruvananthapuram
8.4917413,76.9464908,,hospital,Kerala,osm_cache:Thiruvananthapuram
8.4868105,76.9568973,,hospital,Kerala,osm_cache:Thiruvananthapuram
8.4863158,76.9409209,,hospital,Kerala,osm_cache:Thiruvananthapuram
8.5139505,76.9089388,,clinic,Kerala,osm_cache:Thiruvananthapuram
8.6060119,76.9130818,,clinic,Kerala,osm_cache:Thiruvananthapuram
8.6060532,76.9129416,,clinic,Kerala,osm_cache:Thiruvananthapuram
8.4329786,77.0296905,,clinic,Kerala,osm_cache:Thiruvananthapuram
8.5157878,76.9632719,,clinic,Kerala,osm_cache:Thiruvananthapuram
8.5041187,76.9490442,,clinic,Kerala,osm_cache:Thiruvananthapuram
8.4954149,76.9280456,,hospital,Kerala,osm_cache:Thiruvananthapuram
8.5177037,76.9316182,,clinic,Kerala,osm_cache:Thiruvananthapuram
8.5043499,76.9561518,,hospital,Kerala,osm_cache:Thiruvananthapuram
8.4321373,77.017623,,clinic,Kerala,osm_cache:Thiruvananthapuram
8.4551598,77.0025953,,hospital,Kerala,osm_cache:Thiruvananthapuram
8.5659815,76.8735507,,clinic,Kerala,osm_cache:Thiruvananthapuram
8.5670559,76.8738904,,doctors,Kerala,osm_cache:Thiruvananthapuram
8.5651089,76.8737052,,clinic,Kerala,osm_cache:Thiruvananthapuram
8.538404,76.929308,,hospital,Kerala,osm_cache:Thiruvananthapuram
8.5321875,76.9595242,,hospital,Kerala,osm_cache:Thiruvananthapuram
8.6018204,77.0076107,,hospital,Kerala,osm_cache:Thiruvananthapuram
8.5224625,76.9282145,,hospital,Kerala,osm_cache:Thiruvananthapuram
8.4917224,76.9464464,,hospital,Kerala,osm_cache:Thiruvananthapuram
8.5680899,76.872828,,hospital,Kerala,osm_cache:Thiruvananthapuram
8.6024583,76.9204749,,hospital,Kerala,osm_cache:Thiruvananthapuram
8.4525377,76.9518556,,hospital,Kerala,osm_cache:Thiruvananthapuram
8.5229031,76.9247156,,hospital,Kerala,osm_cache:Thiruvananthapuram
8.5398856,76.8784645,,hospital,Kerala,osm_cache:Thiruvananthapuram
8.5137819,76.9093865,,hospital,Kerala,osm_cache:Thiruvananthapuram
8.4132404,77.0657135,,hospital,Kerala,osm_cache:Thiruvananthapuram
8.474705,76.9468237,,hospital,Kerala,osm_cache:Thiruvananthapuram
8.468493,76.9550992,,hospital,Kerala,osm_cache:Thiruvananthapuram
8.5102292,76.942521,,hospital,Kerala,osm_cache:Thiruvananthapuram
8.4990207,76.9405328,,hospital,Kerala,osm_cache:Thiruvananthapuram
8.5577832,76.9033118,,hospital,Kerala,osm_cache:Thiruvananthapuram
8.6008036,76.9703009,,hospital,Kerala,osm_cache:Thiruvananthapuram
8.586803,76.9499073,,hospital,Kerala,osm_cache:Thiruvananthapuram
8.5911629,76.9497219,,hospital,Kerala,osm_cache:Thiruvananthapuram
8.5290409,76.9303332,,doctors,Kerala,osm_cache:Thiruvananthapuram
8.5030968,76.9930278,,clinic,Kerala,osm_cache:Thiruvananthapuram
8.5917928,76.9504615,,hospital,Kerala,osm_cache:Thiruvananthapuram
8.6035527,76.9546612,,hospital,Kerala,osm_cache:Thiruvananthapuram
8.4241252,77.0471041,,hospital,Kerala,osm_cache:Thiruvananthapuram
8.5559124,76.9095752,,doctors,Kerala,osm_cache:Thiruvananthapuram
8.5333074,76.9515343,,hospital,Kerala,osm_cache:Thiruvananthapuram
8.5952373,76.85517,,hospital,Kerala,osm_cache:Thiruvananthapuram
8.551937,76.9420611,,hospital,Kerala,osm_cache:Thiruvananthapuram
8.4518018,76.9502699,,clinic,Kerala,osm_cache:Thiruvananthapuram
8.4655455,76.9609365,,hospital,Kerala,osm_cache:Thiruvananthapuram
8.4633998,76.9270475,,hospital,Kerala,osm_cache:Thiruvananthapuram
8.5157467,76.9529785,,hospital,Kerala,osm_cache:Thiruvananthapuram
8.5575466,76.9161604,,hospital,Kerala,osm_cache:Thiruvananthapuram
8.5494937,76.9343937,,hospital,Kerala,osm_cache:Thiruvananthapuram
8.5036464,76.9831942,,hospital,Kerala,osm_cache:Thiruvananthapuram
8.4565164,76.950373,,hospital,Kerala,osm_cache:Thiruvananthapuram
8.4279856,77.0451305,,hospital,Kerala,osm_cache:Thiruvananthapuram
8.5407709,76.8801849,,clinic,Kerala,osm_cache:Thiruvananthapuram
8.5184908,77.0408964,,hospital,Kerala,osm_cache:Thiruvananthapuram
8.5238889,76.9880491,,hospital,Kerala,osm_cache:Thiruvananthapuram
8.581705,76.9026735,,clinic,Kerala,osm_cache:Thiruvananthapuram
8.4680358,76.9843317,,clinic,Kerala,osm_cache:Thiruvananthapuram
8.5822509,76.9221725,,clinic,Kerala,osm_cache:Thiruvananthapuram
8.5152596,76.8830139,,hospital,Kerala,osm_cache:Thiruvananthapuram
8.5269177,76.9699301,,hospital,Kerala,osm_cache:Thiruvananthapuram
8.5193675,76.9137762,,hospital,Kerala,osm_cache:Thiruvananthapuram
8.4965279,76.9787714,,hospital,Kerala,osm_cache:Thiruvananthapuram
8.4872204,76.9569046,,hospital,Kerala,osm_cache:Thiruvananthapuram
8.4884795,76.9569913,,clinic,Kerala,osm_cache:Thiruvananthapuram
8.4503375,77.0108096,,hospital,Kerala,osm_cache:Thiruvananthapuram
8.5837576,76.874991,,clinic,Kerala,osm_cache:Thiruvananthapuram
8.5350403,76.9656985,,hospital,Kerala,osm_cache:Thiruvananthapuram
8.5353627,76.968924,,clinic,Kerala,osm_cache:Thiruvananthapuram
8.5362647,76.967424,,hospital,Kerala,osm_cache:Thiruvananthapuram
8.5068407,77.0359717,,hospital,Kerala,osm_cache:Thiruvananthapuram
8.5912396,76.950366,,hospital,Kerala,osm_cache:Thiruvananthapuram
8.5975877,76.8648959,,hospital,Kerala,osm_cache:Thiruvananthapuram
8.5243649,77.0397651,,clinic,Kerala,osm_cache:Thiruvananthapuram
8.4317041,77.0196831,,clinic,Kerala,osm_cache:Thiruvananthapuram
8.432488,77.0157072,,clinic,Kerala,osm_cache:Thiruvananthapuram
8.5274794,76.9689348,,clinic,Kerala,osm_cache:Thiruvananthapuram
8.3807255,76.9913628,,hospital,,osm_cache:Thiruvananthapuram
8.4691411,76.9479947,,clinic,Kerala,osm_cache:Thiruvananthapuram
8.4284078,77.0452889,,clinic,Kerala,osm_cache:Thiruvananthapuram
8.4785295,76.9441954,,clinic,Kerala,osm_cache:Thiruvananthapuram
8.52145,76.9406705,,clinic,Kerala,osm_cache:Thiruvananthapuram
8.5255052,76.940279,,clinic,Kerala,osm_cache:Thiruvananthapuram
8.5891106,76.9493777,,hospital,Kerala,osm_cache:Thiruvananthapuram
8.5626697,76.9835048,,clinic,Kerala,osm_cache:Thiruvananthapuram
8.5420955,76.9667277,,hospital,Kerala,osm_cache:Thiruvananthapuram
8.488377,77.0199059,,hospital,Kerala,osm_cache:Thiruvananthapuram
8.4832989,77.0449699,,hospital,Kerala,osm_cache:Thiruvananthapuram
8.6038145,77.0005619,,hospital,Kerala,osm_cache:Thiruvananthapuram
8.6029071,76.8773487,,hospital,Kerala,osm_cache:Thiruvananthapuram
8.4755016,76.9748599,,clinic,Kerala,osm_cache:Thiruvananthapuram
8.5096999,77.0062551,,clinic,Kerala,osm_cache:Thiruvananthapuram
8.4665434,76.9610423,,hospital,Kerala,osm_cache:Thiruvananthapuram
8.4461709,77.0160241,,hospital,Kerala,osm_cache:Thiruvananthapuram
8.4864671,76.9267161,,hospital,Kerala,osm_cache:Thiruvananthapuram
8.4318019,77.029977,,hospital,Kerala,osm_cache:Thiruvananthapuram
8.4149043,77.0185594,,hospital,Kerala,osm_cache:Thiruvananthapuram
8.4490649,77.0129498,,hospital,Kerala,osm_cache:Thiruvananthapuram
8.5136903,77.0179204,,clinic,Kerala,osm_cache:Thiruvananthapuram
8.5469467,76.9503116,,clinic,Kerala,osm_cache:Thiruvananthapuram
8.5470221,76.9503587,,clinic,Kerala,osm_cache:Thiruvananthapuram
8.5159649,77.0201617,,clinic,Kerala,osm_cache:Thiruvananthapuram
8.5108105,77.0242588,,clinic,Kerala,osm_cache:Thiruvananthapuram
8.501448,77.0238789,,clinic,Kerala,osm_cache:Thiruvananthapuram
8.4119833,77.0170959,,clinic,Kerala,osm_cache:Thiruvananthapuram
8.5376474,77.0249989,,clinic,Kerala,osm_cache:Thiruvananthapuram
8.3724673,77.0601373,,clinic,Kerala,osm_cache:Thiruvananthapuram
8.4032345,77.0317943,,hospital,Kerala,osm_cache:Thiruvananthapuram
8.5611964,76.9432451,,hospital,Kerala,osm_cache:Thiruvananthapuram
8.4787469,76.9416696,,clinic,Kerala,osm_cache:Thiruvananthapuram
8.4802994,76.9529346,,hospital,Kerala,osm_cache:Thiruvananthapuram
8.5374238,76.971617,,clinic,Kerala,osm_cache:Thiruvananthapuram
8.4997552,76.9436423,,hospital,Kerala,osm_cache:Thiruvananthapuram
8.427005,76.985261,,hospital,Kerala,osm_cache:Thiruvananthapuram
8.3812708,77.0073143,,hospital,Kerala,osm_cache:Thiruvananthapuram
8.4524994,76.9518129,,hospital,Kerala,osm_cache:Thiruvananthapuram
8.4917663,76.9744498,,hospital,Kerala,osm_cache:Thiruvananthapuram
8.4311189,76.966116,,clinic,Kerala,osm_cache:Thiruvananthapuram
8.4969374,76.9645242,,hospital,Kerala,osm_cache:Thiruvananthapuram
8.5907568,77.057862,,hospital,Kerala,osm_cache:Thiruvananthapuram
8.5713211,76.847646,,clinic,Kerala,osm_cache:Thiruvananthapuram
8.5526037,76.8535904,,clinic,Kerala,osm_cache:Thiruvananthapuram
8.4785843,76.9514947,,hospital,Kerala,osm_cache:Thiruvananthapuram
8.4830888,76.9694253,,hospital,Kerala,osm_cache:Thiruvananthapuram
8.5035605,76.9353052,,hospital,Kerala,osm_cache:Thiruvananthapuram
8.4907909,76.9313745,,hospital,Kerala,osm_cache:Thiruvananthapuram
8.4966354,76.9534484,,hospital,Kerala,osm_cache:Thiruvananthapuram
8.4840811,77.0000888,,hospital,Kerala,osm_cache:Thiruvananthapuram
8.495028,76.9008388,,hospital,Kerala,osm_cache:Thiruvananthapuram
8.4554997,77.0034286,,hospital,Kerala,osm_cache:Thiruvananthapuram
8.3846103,77.0255456,,hospital,Kerala,osm_cache:Thiruvananthapuram
8.3950196,77.0356079,,hospital,Kerala,osm_cache:Thiruvananthapuram
8.3906132,77.0299186,,hospital,Kerala,osm_cache:Thiruvananthapuram
8.4266544,76.9960614,,hospital,Kerala,osm_cache:Thiruvananthapuram
8.4266519,76.9959807,,hospital,Kerala,osm_cache:Thiruvananthapuram
8.4949349,76.931009,,hospital,Kerala,osm_cache:Thiruvananthapuram
8.4938974,76.9667447,,doctors,Kerala,osm_cache:Thiruvananthapuram
8.501718,76.9522065,,hospital,Kerala,osm_cache:Thiruvananthapuram
8.5004128,76.9424379,,hospital,Kerala,osm_cache:Thiruvananthapuram
8.5400766,76.8781206,,hospital,Kerala,osm_cache:Thiruvananthapuram
8.5208819,76.9115945,,hospital,Kerala,osm_cache:Thiruvananthapuram
8.5206853,76.9121549,,hospital,Kerala,osm_cache:Thiruvananthapuram
8.5405947,76.989552,,hospital,Kerala,osm_cache:Thiruvananthapuram
8.504472,76.9726391,,hospital,Kerala,osm_cache:Thiruvananthapuram
8.5716576,76.8478166,,clinic,Kerala,osm_cache:Thiruvananthapuram
8.5140587,76.926954,,hospital,Kerala,osm_cache:Thiruvananthapuram
8.5170545,76.941023,,hospital,Kerala,osm_cache:Thiruvananthapuram
22.33499,73.2089837,,hospital,Gujarat,osm_cache:Vadodara
22.3176736,73.1989415,,hospital,Gujarat,osm_cache:Vadodara
22.3036505,73.2047701,,hospital,Gujarat,osm_cache:Vadodara
22.2892704,73.1703061,,hospital,Gujarat,osm_cache:Vadodara
22.2931898,73.1678198,,clinic,Gujarat,osm_cache:Vadodara
22.3512565,73.2012042,,hospital,Gujarat,osm_cache:Vadodara
22.3128782,73.1384215,,hospital,Gujarat,osm_cache:Vadodara
22.2950183,73.1445083,,hospital,Gujarat,osm_cache:Vadodara
22.2569913,73.2066008,,clinic,Gujarat,osm_cache:Vadodara
22.2994608,73.2213646,,hospital,Gujarat,osm_cache:Vadodara
22.3248646,73.1978278,,hospital,Gujarat,osm_cache:Vadodara
22.3004297,73.2231125,,hospital,Gujarat,osm_cache:Vadodara
22.2933762,73.2309942,,hospital,Gujarat,osm_cache:Vadodara
22.3253843,73.1631088,,hospital,Gujarat,osm_cache:Vadodara
22.26855,73.1909884,,hospital,Gujarat,osm_cache:Vadodara
22.2748253,73.1951036,,clinic,Gujarat,osm_cache:Vadodara
22.3098142,73.1873332,,hospital,Gujarat,osm_cache:Vadodara
22.2998124,73.2212457,,clinic,Gujarat,osm_cache:Vadodara
22.2951426,73.1640472,,hospital,Gujarat,osm_cache:Vadodara
22.2998869,73.2330582,,hospital,Gujarat,osm_cache:Vadodara
22.2975095,73.171775,,hospital,Gujarat,osm_cache:Vadodara
22.3006735,73.2092294,,hospital,Gujarat,osm_cache:Vadodara
22.3268271,73.2061046,,hospital,Gujarat,osm_cache:Vadodara
22.3396366,73.1778905,,hospital,Gujarat,osm_cache:Vadodara
22.3341735,73.1811172,,hospital,Gujarat,osm_cache:Vadodara
22.3037135,73.1538525,,hospital,Gujarat,osm_cache:Vadodara
22.3003143,73.1974619,,hospital,Gujarat,osm_cache:Vadodara
22.2683086,73.2019834,,hospital,Gujarat,osm_cache:Vadodara
22.3016761,73.1984147,,hospital,Gujarat,osm_cache:Vadodara
22.2919691,73.2106014,,hospital,Gujarat,osm_cache:Vadodara
22.3261721,73.155714,,clinic,Gujarat,osm_cache:Vadodara
22.3430081,73.1757715,,hospital,Gujarat,osm_cache:Vadodara
22.3182731,73.2204612,,hospital,Gujarat,osm_cache:Vadodara
22.3215968,73.2411504,,hospital,Gujarat,osm_cache:Vadodara
22.3472341,73.1745639,,hospital,Gujarat,osm_cache:Vadodara
22.2983445,73.145417,,hospital,Gujarat,osm_cache:Vadodara
22.3132981,73.1766218,,hospital,Gujarat,osm_cache:Vadodara
22.3231785,73.1504716,,hospital,Gujarat,osm_cache:Vadodara
22.302478,73.1998304,,hospital,Gujarat,osm_cache:Vadodara
22.313471,73.1587912,,hospital,Gujarat,osm_cache:Vadodara
22.3439198,73.1759928,,clinic,Gujarat,osm_cache:Vadodara
22.2772602,73.203126,,hospital,Gujarat,osm_cache:Vadodara
22.2694876,73.1976423,,hospital,Gujarat,osm_cache:Vadodara
22.2775159,73.1978354,,hospital,Gujarat,osm_cache:Vadodara
22.2724593,73.1870703,,hospital,Gujarat,osm_cache:Vadodara
22.3211998,73.1588729,,clinic,Gujarat,osm_cache:Vadodara
22.2966006,73.1719883,,hospital,Gujarat,osm_cache:Vadodara
22.3182458,73.188335,,hospital,Gujarat,osm_cache:Vadodara
22.2961439,73.1678402,,hospital,Gujarat,osm_cache:Vadodara
22.2972923,73.2010312,,clinic,Gujarat,osm_cache:Vadodara
22.2514256,73.2021077,,hospital,Gujarat,osm_cache:Vadodara
22.314571,73.1711031,,hospital,Gujarat,osm_cache:Vadodara
22.3002988,73.199544,,clinic,Gujarat,osm_cache:Vadodara
22.3204963,73.1972091,,clinic,Gujarat,osm_cache:Vadodara
22.3040081,73.2007161,,doctors,Gujarat,osm_cache:Vadodara
22.3015719,73.2304068,,hospital,Gujarat,osm_cache:Vadodara
22.3036229,73.2002735,,clinic,Gujarat,osm_cache:Vadodara
22.326476,73.1555665,,clinic,Gujarat,osm_cache:Vadodara
22.3213065,73.1441362,,hospital,Gujarat,osm_cache:Vadodara
22.3009602,73.2348619,,hospital,Gujarat,osm_cache:Vadodara
22.3338708,73.1558843,,hospital,Gujarat,osm_cache:Vadodara
22.3123949,73.2241385,,hospital,Gujarat,osm_cache:Vadodara
22.3015396,73.1992335,,hospital,Gujarat,osm_cache:Vadodara
22.3081256,73.16585,,hospital,Gujarat,osm_cache:Vadodara
22.2910521,73.1635849,,hospital,Gujarat,osm_cache:Vadodara
22.322088,73.1594714,,hospital,Gujarat,osm_cache:Vadodara
22.3228796,73.187985,,hospital,Gujarat,osm_cache:Vadodara
22.3022255,73.1971614,,clinic,Gujarat,osm_cache:Vadodara
22.3011709,73.1985165,,hospital,Gujarat,osm_cache:Vadodara
22.3016359,73.198415,,hospital,Gujarat,osm_cache:Vadodara
22.2706017,73.2017379,,hospital,Gujarat,osm_cache:Vadodara
22.3231078,73.1580971,,hospital,Gujarat,osm_cache:Vadodara
22.2997336,73.2391461,,hospital,Gujarat,osm_cache:Vadodara
22.3074035,73.2324895,,hospital,Gujarat,osm_cache:Vadodara
22.31288,73.2022248,,hospital,Gujarat,osm_cache:Vadodara
22.3190324,73.1603475,,hospital,Gujarat,osm_cache:Vadodara
22.2956706,73.1998256,,doctors,Gujarat,osm_cache:Vadodara
22.3227822,73.2102178,,hospital,Gujarat,osm_cache:Vadodara
22.3177998,73.1483225,,clinic,Gujarat,osm_cache:Vadodara
22.3341915,73.1807578,,clinic,Gujarat,osm_cache:Vadodara
22.2994966,73.1720252,,hospital,Gujarat,osm_cache:Vadodara
22.3084506,73.1768015,,hospital,Gujarat,osm_cache:Vadodara
22.3355132,73.1797117,,hospital,Gujarat,osm_cache:Vadodara
22.3262018,73.1459132,,hospital,Gujarat,osm_cache:Vadodara
22.3209126,73.1590473,,doctors,Gujarat,osm_cache:Vadodara
22.3311566,73.1807873,,hospital,Gujarat,osm_cache:Vadodara
22.3066429,73.1651379,,hospital,Gujarat,osm_cache:Vadodara
22.3144767,73.2219645,,hospital,Gujarat,osm_cache:Vadodara
22.2702937,73.1972077,,hospital,Gujarat,osm_cache:Vadodara
22.3195243,73.1891739,,hospital,Gujarat,osm_cache:Vadodara
22.2795461,73.2306898,,hospital,Gujarat,osm_cache:Vadodara
22.2999166,73.1700242,,hospital,Gujarat,osm_cache:Vadodara
22.3166894,73.2467991,,hospital,Gujarat,osm_cache:Vadodara
22.2795561,73.2311109,,hospital,Gujarat,osm_cache:Vadodara
22.302415,73.1997766,,hospital,Gujarat,osm_cache:Vadodara
22.3437672,73.1762624,,hospital,Gujarat,osm_cache:Vadodara
22.3105772,73.1570014,,hospital,Gujarat,osm_cache:Vadodara
22.3441666,73.1759633,,hospital,Gujarat,osm_cache:Vadodara
22.3041527,73.199027,,clinic,Gujarat,osm_cache:Vadodara
22.3197352,73.2036417,,hospital,Gujarat,osm_cache:Vadodara
22.3563134,73.1674111,,hospital,Gujarat,osm_cache:Vadodara
22.3094054,73.1737284,,clinic,Gujarat,osm_cache:Vadodara
22.246604,73.0834244,,hospital,Gujarat,osm_cache:Vadodara
22.3180659,73.1628017,,hospital,Gujarat,osm_cache:Vadodara
22.2923835,73.1647383,,hospital,Gujarat,osm_cache:Vadodara
22.3133651,73.2227571,,hospital,Gujarat,osm_cache:Vadodara
22.3176782,73.1376419,,hospital,Gujarat,osm_cache:Vadodara
22.2826982,73.1658165,,hospital,Gujarat,osm_cache:Vadodara
22.3396718,73.1925716,,clinic,Gujarat,osm_cache:Vadodara
22.3213241,73.1886659,,hospital,Gujarat,osm_cache:Vadodara
22.3029553,73.2022174,,hospital,Gujarat,osm_cache:Vadodara
22.2936889,73.2379626,,hospital,Gujarat,osm_cache:Vadodara
22.3247553,73.1571369,,hospital,Gujarat,osm_cache:Vadodara
22.3108216,73.1563939,,hospital,Gujarat,osm_cache:Vadodara
22.3001785,73.1974411,,hospital,Gujarat,osm_cache:Vadodara
22.3059952,73.1733763,,hospital,Gujarat,osm_cache:Vadodara
22.3269422,73.2066899,,hospital,Gujarat,osm_cache:Vadodara
22.3115748,73.1559969,,hospital,Gujarat,osm_cache:Vadodara
22.3020223,73.1998833,,hospital,Gujarat,osm_cache:Vadodara
22.3024286,73.2021095,,clinic,Gujarat,osm_cache:Vadodara
22.3050746,73.1738799,,hospital,Gujarat,osm_cache:Vadodara
22.2986957,73.1999483,,clinic,Gujarat,osm_cache:Vadodara
22.3117875,73.2239205,,hospital,Gujarat,osm_cache:Vadodara
22.3116393,73.1534006,,hospital,Gujarat,osm_cache:Vadodara
22.3203797,73.159457,,hospital,Gujarat,osm_cache:Vadodara
22.3072955,73.1729545,,hospital,Gujarat,osm_cache:Vadodara
22.3254265,73.1568566,,hospital,Gujarat,osm_cache:Vadodara
22.354995,73.1687455,,hospital,Gujarat,osm_cache:Vadodara
22.3093557,73.1689889,,hospital,Gujarat,osm_cache:Vadodara
22.2512997,73.2003795,,hospital,Gujarat,osm_cache:Vadodara
22.3033288,73.2290389,,hospital,Gujarat,osm_cache:Vadodara
22.3124556,73.1811655,,hospital,Gujarat,osm_cache:Vadodara
22.3093762,73.1666668,,clinic,Gujarat,osm_cache:Vadodara
22.3333864,73.1799041,,hospital,Gujarat,osm_cache:Vadodara
22.3087161,73.1760035,,hospital,Gujarat,osm_cache:Vadodara
22.2984091,73.1397066,,hospital,Gujarat,osm_cache:Vadodara
22.3214857,73.1463953,,hospital,Gujarat,osm_cache:Vadodara
22.311045,73.2243933,,hospital,Gujarat,osm_cache:Vadodara
22.3087881,73.1611575,,hospital,Gujarat,osm_cache:Vadodara
22.285947,73.2338977,,hospital,Gujarat,osm_cache:Vadodara
22.3022444,73.202666,,hospital,Gujarat,osm_cache:Vadodara
22.3162223,73.1555772,,hospital,Gujarat,osm_cache:Vadodara
22.2384846,73.0850016,,hospital,Gujarat,osm_cache:Vadodara
22.2946518,73.1715699,,hospital,Gujarat,osm_cache:Vadodara
22.323645,73.1898022,,hospital,Gujarat,osm_cache:Vadodara
22.2953554,73.1586818,,hospital,Gujarat,osm_cache:Vadodara
22.2920088,73.1950727,,clinic,Gujarat,osm_cache:Vadodara
22.3189195,73.2118191,,clinic,Gujarat,osm_cache:Vadodara
22.3102559,73.1582554,,hospital,Gujarat,osm_cache:Vadodara
22.3019056,73.2341921,,hospital,Gujarat,osm_cache:Vadodara
22.3301493,73.2060577,,clinic,Gujarat,osm_cache:Vadodara
22.2449358,73.0851813,,hospital,Gujarat,osm_cache:Vadodara
22.3021823,73.199729,,hospital,Gujarat,osm_cache:Vadodara
22.3011599,73.2271251,,clinic,Gujarat,osm_cache:Vadodara
22.2946264,73.149683,,clinic,Gujarat,osm_cache:Vadodara
22.299403,73.2297724,,clinic,Gujarat,osm_cache:Vadodara
22.3067384,73.1958707,,hospital,Gujarat,osm_cache:Vadodara
22.3203189,73.1971675,,hospital,Gujarat,osm_cache:Vadodara
22.3097621,73.1708832,,hospital,Gujarat,osm_cache:Vadodara
22.2551673,73.2110775,,hospital,Gujarat,osm_cache:Vadodara
22.3319853,73.1809884,,hospital,Gujarat,osm_cache:Vadodara
22.2991101,73.2210593,,clinic,Gujarat,osm_cache:Vadodara
22.2824016,73.2312047,,hospital,Gujarat,osm_cache:Vadodara
22.2967414,73.1720151,,hospital,Gujarat,osm_cache:Vadodara
22.36867,73.1415224,,hospital,Gujarat,osm_cache:Vadodara
22.3025471,73.1975008,,clinic,Gujarat,osm_cache:Vadodara
22.3044008,73.1997719,,hospital,Gujarat,osm_cache:Vadodara
22.3200373,73.2009025,,hospital,Gujarat,osm_cache:Vadodara
22.326976,73.2067792,,hospital,Gujarat,osm_cache:Vadodara
22.2985859,73.1744036,,hospital,Gujarat,osm_cache:Vadodara
22.3005265,73.2303109,,hospital,Gujarat,osm_cache:Vadodara
22.3232294,73.1580354,,hospital,Gujarat,osm_cache:Vadodara
22.2564824,73.2043719,,hospital,Gujarat,osm_cache:Vadodara
22.2569956,73.1632577,,hospital,Gujarat,osm_cache:Vadodara
22.2991889,73.1984375,,hospital,Gujarat,osm_cache:Vadodara
22.2781506,73.1826876,,hospital,Gujarat,osm_cache:Vadodara
22.3094916,73.1764179,,hospital,Gujarat,osm_cache:Vadodara
22.3050746,73.2390878,,hospital,Gujarat,osm_cache:Vadodara
22.3072608,73.1771931,,hospital,Gujarat,osm_cache:Vadodara
22.301516,73.2004975,,hospital,Gujarat,osm_cache:Vadodara
22.2980281,73.2296115,,hospital,Gujarat,osm_cache:Vadodara
22.2991784,73.2214509,,clinic,Gujarat,osm_cache:Vadodara
22.3032283,73.2009548,,clinic,Gujarat,osm_cache:Vadodara
22.3202792,73.2125822,,hospital,Gujarat,osm_cache:Vadodara
22.3180535,73.170619,,hospital,Gujarat,osm_cache:Vadodara
22.3107596,73.1538968,,clinic,Gujarat,osm_cache:Vadodara
22.3008919,73.1745431,,hospital,Gujarat,osm_cache:Vadodara
22.3107832,73.1662685,,clinic,Gujarat,osm_cache:Vadodara
22.312045,73.1524202,,hospital,Gujarat,osm_cache:Vadodara
22.3128601,73.2231742,,hospital,Gujarat,osm_cache:Vadodara
22.2929866,73.1694871,,hospital,Gujarat,osm_cache:Vadodara
22.2893669,73.2358456,,hospital,Gujarat,osm_cache:Vadodara
22.3015185,73.2298462,,hospital,Gujarat,osm_cache:Vadodara
22.294063,73.2278111,,hospital,Gujarat,osm_cache:Vadodara
22.2577863,73.1987701,,hospital,Gujarat,osm_cache:Vadodara
22.3355498,73.1531914,,hospital,Gujarat,osm_cache:Vadodara
22.3273183,73.2100086,,hospital,Gujarat,osm_cache:Vadodara
22.3007964,73.1743486,,hospital,Gujarat,osm_cache:Vadodara
22.2999762,73.2212283,,clinic,Gujarat,osm_cache:Vadodara
22.3070132,73.1703736,,hospital,Gujarat,osm_cache:Vadodara
22.2483294,73.1965332,,hospital,Gujarat,osm_cache:Vadodara
22.3140326,73.2222582,,hospital,Gujarat,osm_cache:Vadodara
22.2778969,73.1977482,,hospital,Gujarat,osm_cache:Vadodara
22.3136907,73.145187,,clinic,Gujarat,osm_cache:Vadodara
22.3093874,73.1528896,,clinic,Gujarat,osm_cache:Vadodara
22.3520058,73.1300104,,clinic,Gujarat,osm_cache:Vadodara
22.327621,73.1548463,,hospital,Gujarat,osm_cache:Vadodara
22.2931814,73.229924,,clinic,Gujarat,osm_cache:Vadodara
22.2755538,73.1581427,,hospital,Gujarat,osm_cache:Vadodara
22.3356965,73.1783944,,clinic,Gujarat,osm_cache:Vadodara
22.2971453,73.1523733,,clinic,Gujarat,osm_cache:Vadodara
22.3084996,73.2150988,,hospital,Gujarat,osm_cache:Vadodara
22.2934134,73.2306522,,clinic,Gujarat,osm_cache:Vadodara
22.3279746,73.1546766,,hospital,Gujarat,osm_cache:Vadodara
22.3003782,73.2204323,,hospital,Gujarat,osm_cache:Vadodara
22.3205888,73.2116555,,clinic,Gujarat,osm_cache:Vadodara
22.3206365,73.1598848,,hospital,Gujarat,osm_cache:Vadodara
22.3017952,73.2009011,,hospital,Gujarat,osm_cache:Vadodara
22.3394356,73.1779066,,hospital,Gujarat,osm_cache:Vadodara
22.3083166,73.1798995,,hospital,Gujarat,osm_cache:Vadodara
22.3041378,73.1934969,,hospital,Gujarat,osm_cache:Vadodara
22.2375201,73.1867981,,hospital,Gujarat,osm_cache:Vadodara
22.3029988,73.1975108,,hospital,Gujarat,osm_cache:Vadodara
22.2457004,73.0846797,,hospital,Gujarat,osm_cache:Vadodara
22.3164252,73.1379745,,hospital,Gujarat,osm_cache:Vadodara
22.3004117,73.2208608,,hospital,Gujarat,osm_cache:Vadodara
22.3259847,73.1546686,,clinic,Gujarat,osm_cache:Vadodara
22.3163985,73.1582808,,hospital,Gujarat,osm_cache:Vadodara
22.2977018,73.1706069,,hospital,Gujarat,osm_cache:Vadodara
22.3034107,73.229354,,hospital,Gujarat,osm_cache:Vadodara
22.3090567,73.1760317,,clinic,Gujarat,osm_cache:Vadodara
22.2990896,73.2210372,,clinic,Gujarat,osm_cache:Vadodara
22.266988,73.2018064,,hospital,Gujarat,osm_cache:Vadodara
22.2765231,73.2021457,,hospital,Gujarat,osm_cache:Vadodara
22.3044852,73.1917025,,hospital,Gujarat,osm_cache:Vadodara
22.3015198,73.2006088,,hospital,Gujarat,osm_cache:Vadodara
22.3014701,73.1731081,,hospital,Gujarat,osm_cache:Vadodara
22.3013001,73.2259208,,hospital,Gujarat,osm_cache:Vadodara
22.2918352,73.2297347,,hospital,Gujarat,osm_cache:Vadodara
22.2702136,73.2027237,,hospital,Gujarat,osm_cache:Vadodara
22.301722,73.1988385,,hospital,Gujarat,osm_cache:Vadodara
22.2917097,73.2041466,,hospital,Gujarat,osm_cache:Vadodara
22.3122131,73.2229523,,hospital,Gujarat,osm_cache:Vadodara
22.3560691,73.1680951,,hospital,Gujarat,osm_cache:Vadodara
22.2544772,73.2110654,,hospital,Gujarat,osm_cache:Vadodara
22.3098556,73.1695432,,clinic,Gujarat,osm_cache:Vadodara
22.2983402,73.2032789,,clinic,Gujarat,osm_cache:Vadodara
22.3338026,73.1807712,,clinic,Gujarat,osm_cache:Vadodara
22.2948243,73.1546789,,hospital,Gujarat,osm_cache:Vadodara
22.3219876,73.1971041,,clinic,Gujarat,osm_cache:Vadodara
22.2921726,73.2106993,,hospital,Gujarat,osm_cache:Vadodara
22.2935896,73.237927,,hospital,Gujarat,osm_cache:Vadodara
22.2871966,73.2349813,,hospital,Gujarat,osm_cache:Vadodara
22.3026182,73.1977234,,hospital,Gujarat,osm_cache:Vadodara
22.3342182,73.1790479,,clinic,Gujarat,osm_cache:Vadodara
22.3138502,73.148016,,hospital,Gujarat,osm_cache:Vadodara
22.3078582,73.1695434,,hospital,Gujarat,osm_cache:Vadodara
22.3247528,73.1566574,,hospital,Gujarat,osm_cache:Vadodara
22.3093204,73.1719199,,hospital,Gujarat,osm_cache:Vadodara
22.309236,73.1738524,,doctors,Gujarat,osm_cache:Vadodara
22.3140164,73.1746966,,hospital,Gujarat,osm_cache:Vadodara
22.3108762,73.1564288,,hospital,Gujarat,osm_cache:Vadodara
22.305721,73.2041252,,clinic,Gujarat,osm_cache:Vadodara
22.299764,73.1975584,,hospital,Gujarat,osm_cache:Vadodara
22.3035981,73.2012619,,hospital,Gujarat,osm_cache:Vadodara
22.3147726,73.1593524,,hospital,Gujarat,osm_cache:Vadodara
22.3379533,73.1781956,,clinic,Gujarat,osm_cache:Vadodara
22.3618122,73.167511,,clinic,Gujarat,osm_cache:Vadodara
22.3027357,73.1976872,,hospital,Gujarat,osm_cache:Vadodara
22.2966235,73.151747,,hospital,Gujarat,osm_cache:Vadodara
22.2901983,73.2051471,,hospital,Gujarat,osm_cache:Vadodara
22.3082658,73.1752284,,clinic,Gujarat,osm_cache:Vadodara
22.3071466,73.1811547,,hospital,Gujarat,osm_cache:Vadodara
22.2927893,73.2369286,,hospital,Gujarat,osm_cache:Vadodara
22.2986882,73.171362,,hospital,Gujarat,osm_cache:Vadodara
22.3341615,73.156316,,clinic,Gujarat,osm_cache:Vadodara
22.3166107,73.2122549,,hospital,Gujarat,osm_cache:Vadodara
22.3223362,73.2225184,,hospital,Gujarat,osm_cache:Vadodara
22.241017,73.0839723,,clinic,Gujarat,osm_cache:Vadodara
22.2456674,73.0846418,,hospital,Gujarat,osm_cache:Vadodara
22.248074,73.083602,,hospital,Gujarat,osm_cache:Vadodara
22.2466769,73.0848049,,hospital,Gujarat,osm_cache:Vadodara
22.246189,73.084548,,hospital,Gujarat,osm_cache:Vadodara
22.2393172,73.088551,,clinic,Gujarat,osm_cache:Vadodara
22.2372225,73.0808655,,hospital,Gujarat,osm_cache:Vadodara
22.2888087,73.1691533,,hospital,Gujarat,osm_cache:Vadodara
22.2929509,73.1697089,,clinic,Gujarat,osm_cache:Vadodara
22.2755483,73.1613198,,hospital,Gujarat,osm_cache:Vadodara
22.3245722,73.1572105,,hospital,Gujarat,osm_cache:Vadodara
22.3155542,73.1831107,,clinic,Gujarat,osm_cache:Vadodara
22.2956528,73.1705212,,clinic,Gujarat,osm_cache:Vadodara
22.2959188,73.1642096,,clinic,Gujarat,osm_cache:Vadodara
22.2960287,73.1629594,,clinic,Gujarat,osm_cache:Vadodara
22.2737232,73.1563129,,hospital,Gujarat,osm_cache:Vadodara
22.2944124,73.1646455,,clinic,Gujarat,osm_cache:Vadodara
22.3054,73.138687,,hospital,Gujarat,osm_cache:Vadodara
22.3088019,73.175811,,hospital,Gujarat,osm_cache:Vadodara
22.2939738,73.1374991,,hospital,Gujarat,osm_cache:Vadodara
22.3067785,73.176878,,hospital,Gujarat,osm_cache:Vadodara
22.2863066,73.1773603,,hospital,Gujarat,osm_cache:Vadodara
22.298404,73.1727608,,clinic,Gujarat,osm_cache:Vadodara
22.285062,73.129788,,hospital,Gujarat,osm_cache:Vadodara
22.288457,73.156056,,hospital,Gujarat,osm_cache:Vadodara
22.3079976,73.1723082,,clinic,Gujarat,osm_cache:Vadodara
22.2890568,73.1700426,,hospital,Gujarat,osm_cache:Vadodara
22.2938249,73.1294638,,clinic,Gujarat,osm_cache:Vadodara
22.2906154,73.1660129,,clinic,Gujarat,osm_cache:Vadodara
22.31827,73.159115,,hospital,Gujarat,osm_cache:Vadodara
22.2953982,73.1525618,,hospital,Gujarat,osm_cache:Vadodara
22.289535,73.130148,,hospital,Gujarat,osm_cache:Vadodara
22.3226436,73.1589457,,hospital,Gujarat,osm_cache:Vadodara
22.3239978,73.157596,,hospital,Gujarat,osm_cache:Vadodara
22.2809341,73.1590392,,clinic,Gujarat,osm_cache:Vadodara
22.3077668,73.175144,,hospital,Gujarat,osm_cache:Vadodara
22.294809,73.154649,,clinic,Gujarat,osm_cache:Vadodara
22.294738,73.137763,,clinic,Gujarat,osm_cache:Vadodara
22.3255445,73.1545908,,clinic,Gujarat,osm_cache:Vadodara
22.294785,73.142633,,hospital,Gujarat,osm_cache:Vadodara
22.2937053,73.1679376,,hospital,Gujarat,osm_cache:Vadodara
22.3090247,73.1498138,,hospital,Gujarat,osm_cache:Vadodara
22.3102086,73.1527805,,hospital,Gujarat,osm_cache:Vadodara
22.280589,73.151673,,hospital,Gujarat,osm_cache:Vadodara
22.303549,73.149379,,hospital,Gujarat,osm_cache:Vadodara
22.2914235,73.1648357,,hospital,Gujarat,osm_cache:Vadodara
22.3075831,73.1776929,,hospital,Gujarat,osm_cache:Vadodara
22.3082558,73.1699738,,hospital,Gujarat,osm_cache:Vadodara
22.280705,73.151637,,hospital,Gujarat,osm_cache:Vadodara
22.324579,73.156779,,hospital,Gujarat,osm_cache:Vadodara
22.3177026,73.1485198,,clinic,Gujarat,osm_cache:Vadodara
22.3037938,73.1562346,,hospital,Gujarat,osm_cache:Vadodara
22.314052,73.14648,,hospital,Gujarat,osm_cache:Vadodara
22.3152525,73.1687002,,clinic,Gujarat,osm_cache:Vadodara
22.3018049,73.1666218,,clinic,Gujarat,osm_cache:Vadodara
22.298398,73.1751,,clinic,Gujarat,osm_cache:Vadodara
22.2946072,73.1580669,,clinic,Gujarat,osm_cache:Vadodara
22.3054704,73.1663729,,clinic,Gujarat,osm_cache:Vadodara
22.291533,73.170356,,hospital,Gujarat,osm_cache:Vadodara
22.2982887,73.1718018,,hospital,Gujarat,osm_cache:Vadodara
22.309353,73.176368,,hospital,Gujarat,osm_cache:Vadodara
22.2923396,73.1719602,,clinic,Gujarat,osm_cache:Vadodara
22.3088775,73.1684778,,hospital,Gujarat,osm_cache:Vadodara
22.304466,73.147448,,hospital,Gujarat,osm_cache:Vadodara
22.3059834,73.148394,,clinic,Gujarat,osm_cache:Vadodara
22.3095398,73.1764991,,hospital,Gujarat,osm_cache:Vadodara
22.317209,73.1669112,,hospital,Gujarat,osm_cache:Vadodara
22.3078989,73.1688704,,hospital,Gujarat,osm_cache:Vadodara
22.290494,73.169821,,hospital,Gujarat,osm_cache:Vadodara
22.2887972,73.1652661,,hospital,Gujarat,osm_cache:Vadodara
22.2980908,73.1717486,,hospital,Gujarat,osm_cache:Vadodara
22.275862,73.153211,,hospital,Gujarat,osm_cache:Vadodara
22.296834,73.151736,,hospital,Gujarat,osm_cache:Vadodara
22.2925648,73.1711987,,hospital,Gujarat,osm_cache:Vadodara
22.3171853,73.1629455,,clinic,Gujarat,osm_cache:Vadodara
22.280907,73.153388,,clinic,Gujarat,osm_cache:Vadodara
22.2985762,73.174157,,hospital,Gujarat,osm_cache:Vadodara
22.282988,73.1732789,,hospital,Gujarat,osm_cache:Vadodara
22.287579,73.15209,,hospital,Gujarat,osm_cache:Vadodara
22.309851,73.174449,,clinic,Gujarat,osm_cache:Vadodara
22.2731238,73.1481167,,hospital,Gujarat,osm_cache:Vadodara
22.3046284,73.152101,,hospital,Gujarat,osm_cache:Vadodara
22.3092994,73.1487836,,hospital,Gujarat,osm_cache:Vadodara
22.2912319,73.1348109,,hospital,Gujarat,osm_cache:Vadodara
22.3214675,73.2318011,,clinic,Gujarat,osm_cache:Vadodara
22.2934153,73.2351825,,hospital,Gujarat,osm_cache:Vadodara
22.266319,73.191283,,clinic,Gujarat,osm_cache:Vadodara
22.268491,73.191085,,hospital,Gujarat,osm_cache:Vadodara
22.3167882,73.2204661,,hospital,Gujarat,osm_cache:Vadodara
22.2599219,73.1892142,,clinic,Gujarat,osm_cache:Vadodara
22.3175601,73.2209434,,hospital,Gujarat,osm_cache:Vadodara
22.2930488,73.2424076,,hospital,Gujarat,osm_cache:Vadodara
22.283837,73.205026,,hospital,Gujarat,osm_cache:Vadodara
22.26037,73.179818,,hospital,Gujarat,osm_cache:Vadodara
22.3041871,73.2436431,,hospital,Gujarat,osm_cache:Vadodara
22.2710618,73.1972841,,hospital,Gujarat,osm_cache:Vadodara
22.2705043,73.1972108,,hospital,Gujarat,osm_cache:Vadodara
22.316131,73.223971,,hospital,Gujarat,osm_cache:Vadodara
22.3134401,73.2426118,,hospital,Gujarat,osm_cache:Vadodara
22.2874453,73.2369896,,hospital,Gujarat,osm_cache:Vadodara
22.2833115,73.2317358,,hospital,Gujarat,osm_cache:Vadodara
22.2729286,73.1898002,,hospital,Gujarat,osm_cache:Vadodara
22.311859,73.245104,,hospital,Gujarat,osm_cache:Vadodara
22.3273069,73.2632792,,hospital,Gujarat,osm_cache:Vadodara
22.2996729,73.2428009,,hospital,Gujarat,osm_cache:Vadodara
22.3165077,73.2329645,,hospital,Gujarat,osm_cache:Vadodara
22.2611622,73.1907202,,hospital,Gujarat,osm_cache:Vadodara
22.2827353,73.2150222,,hospital,Gujarat,osm_cache:Vadodara
22.315657,73.2452264,,hospital,Gujarat,osm_cache:Vadodara
22.278979,73.230491,,hospital,Gujarat,osm_cache:Vadodara
22.3225726,73.2313699,,hospital,Gujarat,osm_cache:Vadodara
22.279283,73.204791,,hospital,Gujarat,osm_cache:Vadodara
22.3105054,73.2240058,,hospital,Gujarat,osm_cache:Vadodara
22.2637739,73.1955406,,hospital,Gujarat,osm_cache:Vadodara
22.3005951,73.2237388,,hospital,Gujarat,osm_cache:Vadodara
22.2719622,73.1797951,,hospital,Gujarat,osm_cache:Vadodara
22.281414,73.232943,,hospital,Gujarat,osm_cache:Vadodara
22.2967734,73.2492586,,hospital,Gujarat,osm_cache:Vadodara
22.300616,73.2243171,,hospital,Gujarat,osm_cache:Vadodara
22.2786395,73.2337401,,hospital,Gujarat,osm_cache:Vadodara
22.2921372,73.2374073,,hospital,Gujarat,osm_cache:Vadodara
22.2943331,73.2150175,,clinic,Gujarat,osm_cache:Vadodara
22.2912199,73.236124,,clinic,Gujarat,osm_cache:Vadodara
22.3161173,73.2494009,,clinic,Gujarat,osm_cache:Vadodara
22.315125,73.232251,,hospital,Gujarat,osm_cache:Vadodara
22.2788104,73.2310839,,hospital,Gujarat,osm_cache:Vadodara
22.3164046,73.2209228,,hospital,Gujarat,osm_cache:Vadodara
22.2995036,73.2440007,,hospital,Gujarat,osm_cache:Vadodara
22.3412617,73.1546677,,hospital,Gujarat,osm_cache:Vadodara
22.3325772,73.1603154,,hospital,Gujarat,osm_cache:Vadodara
22.3338288,73.1806174,,hospital,Gujarat,osm_cache:Vadodara
22.333481,73.181492,,hospital,Gujarat,osm_cache:Vadodara
22.3376404,73.1790361,,hospital,Gujarat,osm_cache:Vadodara
22.3363925,73.1787441,,hospital,Gujarat,osm_cache:Vadodara
22.301852,73.19567,,hospital,Gujarat,osm_cache:Vadodara
22.316205,73.138012,,hospital,Gujarat,osm_cache:Vadodara
22.324933,73.134721,,hospital,Gujarat,osm_cache:Vadodara
22.31602,73.131906,,hospital,Gujarat,osm_cache:Vadodara
22.3195627,73.1891693,,hospital,Gujarat,osm_cache:Vadodara
22.3369559,73.1504391,,clinic,Gujarat,osm_cache:Vadodara
22.3361462,73.17887,,hospital,Gujarat,osm_cache:Vadodara
22.3441607,73.1788681,,hospital,Gujarat,osm_cache:Vadodara
22.305838,73.192306,,hospital,Gujarat,osm_cache:Vadodara
22.3341528,73.1554985,,hospital,Gujarat,osm_cache:Vadodara
22.3310688,73.1574174,,clinic,Gujarat,osm_cache:Vadodara
22.315514,73.134042,,hospital,Gujarat,osm_cache:Vadodara
22.302593,73.202446,,hospital,Gujarat,osm_cache:Vadodara
22.342766,73.1828,,hospital,Gujarat,osm_cache:Vadodara
22.336323,73.151234,,clinic,Gujarat,osm_cache:Vadodara
22.352144,73.205968,,hospital,Gujarat,osm_cache:Vadodara
22.2976552,73.2036999,,clinic,Gujarat,osm_cache:Vadodara
22.3382249,73.1486145,,hospital,Gujarat,osm_cache:Vadodara
22.3033662,73.1989274,,clinic,Gujarat,osm_cache:Vadodara
22.2922256,73.198996,,hospital,Gujarat,osm_cache:Vadodara
22.338813,73.193795,,clinic,Gujarat,osm_cache:Vadodara
22.3449059,73.1928618,,hospital,Gujarat,osm_cache:Vadodara
22.3326105,73.1731832,,hospital,Gujarat,osm_cache:Vadodara
22.303092,73.202518,,hospital,Gujarat,osm_cache:Vadodara
22.301478,73.193684,,hospital,Gujarat,osm_cache:Vadodara
22.3495036,73.2007505,,hospital,Gujarat,osm_cache:Vadodara
22.331953,73.180529,,hospital,Gujarat,osm_cache:Vadodara
22.3029232,73.1990982,,clinic,Gujarat,osm_cache:Vadodara
22.336307,73.154401,,hospital,Gujarat,osm_cache:Vadodara
22.303054,73.193186,,hospital,Gujarat,osm_cache:Vadodara
22.339582,73.168995,,hospital,Gujarat,osm_cache:Vadodara
22.324914,73.140242,,hospital,Gujarat,osm_cache:Vadodara
22.316228,73.131322,,hospital,Gujarat,osm_cache:Vadodara
22.3065705,73.2044425,,clinic,Gujarat,osm_cache:Vadodara
22.34994,73.173684,,hospital,Gujarat,osm_cache:Vadodara
22.30569,73.1928928,,hospital,Gujarat,osm_cache:Vadodara
22.342652,73.186688,,hospital,Gujarat,osm_cache:Vadodara
22.316041,73.137541,,hospital,Gujarat,osm_cache:Vadodara
22.3447663,73.1857409,,hospital,Gujarat,osm_cache:Vadodara
22.3323897,73.1804431,,hospital,Gujarat,osm_cache:Vadodara
22.3249419,73.1893693,,hospital,Gujarat,osm_cache:Vadodara
22.3239296,73.1891988,,hospital,Gujarat,osm_cache:Vadodara
22.2881267,73.2058609,,hospital,Gujarat,osm_cache:Vadodara
22.281201,73.196999,,hospital,Gujarat,osm_cache:Vadodara
22.2796392,73.2043263,,hospital,Gujarat,osm_cache:Vadodara
22.278973,73.185112,,hospital,Gujarat,osm_cache:Vadodara
22.278641,73.196467,,hospital,Gujarat,osm_cache:Vadodara
22.2784094,73.1948494,,hospital,Gujarat,osm_cache:Vadodara
22.2774501,73.1900706,,hospital,Gujarat,osm_cache:Vadodara
22.276841,73.197787,,hospital,Gujarat,osm_cache:Vadodara
22.276577,73.2002906,,hospital,Gujarat,osm_cache:Vadodara
22.3426423,73.186392,,clinic,Gujarat,osm_cache:Vadodara
22.312052,73.1266739,,hospital,Gujarat,osm_cache:Vadodara
22.3549875,73.1995668,,hospital,Gujarat,osm_cache:Vadodara
22.2956889,73.2521686,,clinic,Gujarat,osm_cache:Vadodara
22.337946,73.2049649,,hospital,Gujarat,osm_cache:Vadodara
22.3197001,73.2130865,,doctors,Gujarat,osm_cache:Vadodara
22.3151561,73.1393322,,hospital,Gujarat,osm_cache:Vadodara
22.3072129,73.1375669,,hospital,Gujarat,osm_cache:Vadodara
22.276556,73.2001577,,hospital,Gujarat,osm_cache:Vadodara
22.300102,73.2216954,,hospital,Gujarat,osm_cache:Vadodara
22.2973123,73.1641271,,hospital,Gujarat,osm_cache:Vadodara
22.2991848,73.2214268,,hospital,Gujarat,osm_cache:Vadodara
22.3256013,73.1631715,,hospital,Gujarat,osm_cache:Vadodara
22.2933243,73.2426452,,hospital,Gujarat,osm_cache:Vadodara
22.3164781,73.1684499,,hospital,Gujarat,osm_cache:Vadodara
